age,income,credit_score,employment_years,gender,loan_approved,income_consistency_index
40.0,39822.57904269167,684.8286247666819,8.915047753020893,Female,0,0.7396378265726021
34.0,45417.508054195205,678.3323592535667,10.670280893635649,Male,1,0.8138985451920075
41.0,41039.284084322855,556.3480154194509,2.8391886865947535,Female,0,0.6966292507946228
50.0,51656.2707041918,707.9584221763738,2.347522934755447,Female,1,0.36633028053740035
33.0,67957.6779719287,500.99173244233816,4.742764868457377,Male,0,1.9519323884075035
33.0,38434.36764288193,584.5815674239672,0.29861438723328515,Male,1,1.52306922734456
51.0,65012.30746652621,450.0912187102192,5.87730188211363,Female,0,0.6807360412166876
43.0,38274.91891479668,805.8626516962814,7.622901889722732,Male,1,1.2848656967260592
30.0,37285.591812546736,626.8450506054704,2.5328561598351835,Male,1,1.507544350972998
40.0,62278.9192751482,866.6884034816312,0.9595318233387579,Male,1,1.4507352521168972
30.0,63829.045670114254,730.2949926519495,0.1462088944692303,Male,1,1.4334843686280767
30.0,62771.14905143982,694.8098213351025,5.070146281558406,Male,0,1.8403969827375017
37.0,30263.038876727882,591.3772305719001,1.5666639981087458,Female,0,0.20913077829961668
16.0,43010.73532891924,545.364996431258,3.117075724742569,Female,0,0.1670583390486306
18.0,62344.82888004982,702.2971573896946,2.441697720179313,Male,1,1.5743927717331443
29.0,50623.12760845842,642.8485990727017,0.9611613056029431,Male,0,2.157393774830753
25.0,33894.60730703804,516.0729684514699,3.5501308475731412,Female,0,0.011072466743599962
38.0,56874.76908688163,498.3141583491681,3.077168434609593,Male,0,1.4739598210102594
26.0,39277.891115127946,554.1296270856416,4.892794133504078,Female,1,0.7956260108612664
21.0,76917.87272588318,832.0967225266231,1.450992810987245,Female,0,0.7714114195740469
50.0,73172.62193627388,871.3277918011304,1.208059479872981,Female,1,0.2305054271102196
33.0,59061.46139533351,670.498914730891,8.419327440952314,Male,1,1.205244281321198
36.0,70415.1005715466,664.8942796241288,6.056535589917264,Male,1,1.8991108910820482
21.0,50971.87025185072,616.3679628170479,7.396577750532867,Male,1,1.3969175396654845
30.0,61481.56241562524,556.5514651690498,0.6578939966238935,Male,1,1.6066944640102878
36.0,72165.80442953113,787.5179057607244,1.2682692343275601,Female,0,-0.34580110482379756
23.0,53682.48022691469,837.3576393897135,4.284587595525034,Female,0,0.1828102806766792
39.0,46172.19242728574,560.6580914160714,9.731598305021215,Female,1,0.05998784785823358
29.0,24430.67062734326,641.7161621575399,11.133430632393589,Male,1,1.776277020398082
32.0,48752.99711417759,605.0133699289833,8.91627752092052,Female,0,0.587448898565139
29.0,62351.34776843467,607.9760925135023,0.2218390031927298,Male,0,1.805492337597544
54.0,64184.501413514445,768.5908255429862,8.59847377378819,Female,0,0.7483938953007135
35.0,57565.475985776146,518.8038454633878,11.467689587982468,Male,0,1.8691669094603534
24.0,41880.5135755664,696.6469690936307,0.29211477775241257,Male,1,1.6257389053370672
43.0,20347.676465786142,722.8238107305865,2.691676971789685,Female,1,-0.037096987598833286
23.0,42571.77352992897,635.7848826398181,3.8459347226155827,Female,0,0.25973975202480937
37.0,45434.82693419073,739.3067826986772,1.3247153574120456,Female,1,0.4582337397012089
15.0,45306.06549214979,664.765184053745,3.6354401068003837,Male,1,0.5204433964050647
22.0,59278.34535466887,771.7129921156112,10.855845404346692,Female,1,0.4684119320375996
37.0,79785.1461652226,497.77946950741455,10.084869805266292,Female,0,0.4055388779464765
42.0,51852.938027616394,615.122473899313,14.053512042489961,Female,0,0.6741482135867548
37.0,46749.02316265307,642.8186857148966,3.309306618646933,Male,1,1.4683963372799542
34.0,46111.672804938615,382.7792615528651,2.6429706414650904,Female,0,0.04848065287001929
32.0,51865.77150361571,541.4047266421466,5.479896076736397,Male,0,1.0958297454799828
20.0,37575.593594774014,568.6400745641214,2.6957875193309864,Male,0,1.645300319363786
28.0,51802.97838119083,744.820599482335,0.2142483484952411,Male,1,1.3605754693463483
30.0,56762.185044977,579.31566536854,6.363425935954192,Female,1,0.35740892008787306
46.0,53145.290953617325,568.1921012694023,1.6493579335805224,Male,0,1.8892145852214608
38.0,56863.129010071716,731.7485780656192,0.2516546420891699,Male,1,1.2896573423338191
17.0,56506.21414022803,488.2089354209945,0.10418329890495404,Female,0,0.48643630303217966
38.0,23421.549766303346,442.8755932556428,13.394491527887514,Male,0,1.5121379745130077
31.0,59553.052375931045,613.8407699930654,1.4522696100267445,Male,1,1.2555121261877538
28.0,39934.7773150632,505.22932319216443,2.9701231356881315,Female,0,0.7445649202389909
41.0,33562.41255494063,509.0320705340351,15.03664153194499,Male,1,1.481668102817753
45.0,33433.22258217506,707.3433791687982,3.1510213347056055,Male,1,1.306929628517194
44.0,56503.12415708794,737.5973837912579,0.40935572700483336,Male,1,0.9999240759044428
27.0,46661.37609162721,728.8864215852125,4.014096525368197,Male,1,1.6675699027991115
32.0,24770.46824021884,760.8776660307233,0.461665672021106,Male,1,1.7597768639897753
38.0,57170.567227884254,774.1134320014802,0.49958721586103894,Female,1,0.5913906171053275
45.0,28405.87803801759,437.1409791173069,9.535079737434627,Female,0,0.1748561008892776
30.0,52097.32037777316,695.0411959929467,1.708379565008438,Male,1,1.3893284672919528
33.0,53577.48388509581,597.0391800430441,5.676436346503438,Male,0,0.9270136699750761
24.0,63283.65622542567,575.2575754009564,3.555785299300067,Male,1,1.768927068343243
23.0,76725.27179700277,706.0414632208706,1.2572437728254784,Male,0,1.4702442149286588
43.0,29529.855111491874,476.9704520104248,3.6471920502116753,Female,0,0.006838112360907811
49.0,49212.89215905426,474.88913941276803,0.3574452927476558,Male,1,1.4681018643721184
34.0,45854.97057433674,713.3572744081717,2.1325169669378905,Female,1,0.2406161098519614
45.0,56506.24528941444,698.7786017510898,3.6994775162511324,Female,0,1.0242723234008717
39.0,53235.031564004275,663.673265587151,1.2964083004476388,Female,0,0.6687851229626993
29.0,44711.8063589507,562.0086595276863,5.3968156928750375,Male,1,1.8790593874198565
39.0,43386.46717083717,724.3829634582124,0.26601200784824264,Male,1,1.6314448035426918
50.0,33253.237172239285,718.0302892060475,3.3160965804097486,Male,1,1.8529621315289586
35.0,64817.92373609764,658.5304515047454,6.276256481648252,Female,0,0.5171582718198379
51.0,56888.06272399294,532.2678958730229,2.8101214461091466,Male,1,1.0165851168980033
9.0,63766.52296692706,607.4751654270493,10.380691629303524,Male,0,1.883002610661825
43.0,45344.0579528673,733.7833677524443,5.000981700719525,Female,1,0.7438511680987564
36.0,40147.467969583544,782.7191222801787,15.909455844664057,Male,1,1.6465226700283355
32.0,33825.274000561585,617.3463396623672,1.6712262803458082,Male,1,1.7968701404368481
36.0,55383.763756109896,625.0327032191738,13.967168861096091,Male,0,1.4205603172960861
15.0,34403.10163207648,633.8310891974938,4.667471718736774,Male,1,1.6807757162524093
33.0,77729.94603449825,677.4893008910972,6.8359677278935935,Female,1,0.4636565451429717
39.0,30385.361283598395,591.8932699939976,11.622166023554922,Male,1,1.0763842681454863
50.0,54104.901788187526,360.58149424284164,4.005858295889536,Male,0,1.6595062043700388
30.0,73502.82060820679,769.2769001647097,9.909062696651993,Female,1,0.7815013617972626
27.0,58986.346388957136,829.4688947162549,3.901123048706378,Male,1,1.4991266836421373
30.0,52635.10568737669,588.7600140394287,4.571450268046836,Male,1,1.2607059219560228
44.0,35472.74529557156,543.3346631081226,2.944823949170678,Male,1,1.6173531048344982
38.0,29273.46217148444,636.2899477609778,0.7870046666495735,Female,0,0.5906476656680578
30.0,61550.751633763786,631.2496116271227,4.0316156011730895,Female,0,0.39908140195717545
40.0,72592.2086116242,749.5518577162959,18.95970867838725,Male,0,1.3539947468189832
36.0,43417.250142827426,655.4639441645038,7.736683570756303,Male,1,1.2593819522861138
45.0,32914.07738575473,570.7377169628817,6.881690146541194,Female,0,0.5061917453756888
28.0,13127.458541764725,518.1590549441951,5.154424325828947,Male,1,1.8556758035709275
32.0,35288.527345061935,736.5634184819673,2.13785327762988,Male,1,1.3581108120043417
31.0,48295.1473625144,709.9511241164249,0.9293303226008349,Female,1,0.4886358795238757
20.0,73986.84861255101,756.0559878091819,1.2715691920762566,Female,0,-0.12968336171564
38.0,60097.00538349453,553.1813249278906,0.0317107929048078,Female,1,0.4463358180724611
38.0,54576.2810706013,833.8436899528328,5.59632682721459,Female,1,0.5612103537297973
35.0,43998.205080483036,475.6305492942763,8.353311219357309,Female,0,0.039340107225205256
33.0,41252.51424116066,720.9601021401479,1.5661027799707636,Female,1,0.9063122930990282
21.0,71084.71396261945,459.04172328030984,0.48173077925473456,Male,0,1.2469468902550334
31.0,53011.07811137584,570.9668618301532,2.045310857618164,Male,0,1.6701684378185664
32.0,18460.989621184668,806.1022930447959,1.7269177291998175,Female,1,0.6302627803198387
27.0,39896.90528154136,733.136425447599,2.997158273865002,Male,1,1.8546857373116057
33.0,37126.7595234256,595.3779584512818,1.5333191531489812,Female,1,0.9566279470247572
39.0,41806.039862338024,598.1162957178312,2.0755526702363976,Female,0,0.8946365175322304
54.0,58443.659904276275,660.0622110835442,11.905695095349394,Male,1,1.7233032734520717
37.0,48388.32677308626,701.4140990760723,2.0386033966592483,Male,1,1.7507272719490248
38.0,48847.01889494507,775.1579382682696,7.697648390462187,Male,1,1.2262497535436017
34.0,69702.09741987856,604.3765995391506,4.915274642948331,Male,1,1.731939787969154
16.0,39553.083653199676,488.82149365127987,2.0589599959341602,Female,0,0.2067861853468016
35.0,77962.99288831024,665.696862704876,8.512929576103458,Male,0,1.6468409197776719
36.0,39930.38612943371,604.2569162491606,4.520280278403789,Female,0,1.3179082427491
60.0,51337.972949188574,519.9366295251552,0.04328041813721048,Male,0,1.2436947355996577
33.0,45781.946068958496,679.7668915312794,0.3560205092741686,Female,1,0.4461130366014421
38.0,51851.287002514415,628.6886245907211,6.984543662933009,Male,1,0.4775176232018925
35.0,56668.87992609693,680.6512206469795,2.957718675565907,Male,1,1.2871984425381218
23.0,56507.52860133315,560.555579981282,2.6002383465912526,Male,0,2.231776501070509
46.0,38703.2400406913,698.6710530325498,0.7881087261961107,Male,1,1.7467238006597345
43.0,33156.27983828644,518.2901803245022,0.8558316059652058,Female,0,0.20965231912477994
43.0,87547.57686358565,567.2268610303418,7.991314186558624,Female,0,0.6666207192474198
26.0,42740.2349059917,625.7085768912723,8.830959630523472,Male,1,1.4219908582287943
49.0,60488.1865800798,824.1818414959714,4.104931631327155,Male,1,1.3824260019538166
21.0,25885.380342152046,728.4825368548494,1.7486939155474972,Female,1,0.9372953221323153
41.0,45805.809201429845,757.719250426779,13.493035885712645,Female,1,0.7351412318591127
57.0,48092.00924026335,791.7077033343144,4.890330583227194,Male,1,1.303889572759931
25.0,57092.22604891749,1010.2832135810874,7.963939468809237,Male,1,1.495257883461727
29.0,9163.187885120919,654.1589067558434,0.016441604470516024,Male,1,1.5193389962984514
36.0,52492.10919617496,792.0400923129855,2.9920913107797853,Male,1,1.8978620894640366
30.0,32753.878169481606,751.2635254401941,10.237741363978706,Male,1,1.8073943165658988
19.0,54865.185667923855,749.6032503307525,2.064210883699246,Male,1,1.0543356271868407
36.0,34455.06204742756,827.4239618040181,6.48320396495964,Male,1,1.4116640088620138
24.0,37167.75956111628,608.0686969015524,5.359970949648311,Male,1,1.1683139644442462
40.0,45895.58584410098,600.131497606362,0.825660919221295,Male,1,0.7175031238196019
26.0,34215.05795595207,681.9765513481861,7.45613766838461,Male,1,1.526174276391826
50.0,42866.98329896968,631.7300228078113,0.5968847217806158,Male,1,1.673166440863869
27.0,32099.36347185027,681.8500852998174,6.5081872056027015,Male,1,1.5213991188089475
32.0,22502.443224519087,806.2748785053011,23.535093700760964,Male,1,1.6310717311239835
43.0,65269.35578644039,602.1853277293721,15.848218293380611,Male,1,1.3995801769850111
23.0,30559.269607641076,619.532103740627,8.053236794023098,Female,1,0.7657643792013623
37.0,47319.786685880244,667.4311003526577,3.8234030708934474,Male,1,1.3898965092710014
48.0,61293.366222406774,627.1681573974831,5.616952377843168,Female,0,0.4567905263606309
19.0,40775.83846225935,458.5994171986513,6.5117589300902186,Male,0,1.6123858708233647
37.0,37622.51150381693,591.987235730106,0.042185080064615854,Male,1,1.0437796414906724
38.0,53393.57133001132,718.7373242237504,0.5399655614681341,Female,1,0.6350725226498821
43.0,66769.00734090728,793.7546750932646,4.544827287627688,Male,1,1.8821345599332677
23.0,32460.271023702968,534.5381432462273,0.032779918586639326,Male,0,1.7284018624643558
22.0,47747.782519738415,534.0717600769157,11.979297524446013,Male,0,1.8860431384415306
40.0,24012.58107549009,653.0233802717336,3.363417126197867,Male,1,1.0534402430324574
38.0,44101.98494476715,442.44049351221634,1.4904608539836162,Male,1,1.5377350119111806
38.0,50513.07026807113,605.5029797012872,2.5029011838611925,Female,1,0.8462462851424348
38.0,37180.630373674016,476.3957940448606,9.511547490399234,Male,1,1.678491781037741
28.0,43145.12249262153,786.9061299842465,13.099707203573237,Female,1,0.8515583818674611
37.0,28876.598475388248,573.0668845649595,0.6178203334958031,Male,1,1.2400293569061966
38.0,51156.179170722404,815.2834186339028,7.5245029415278175,Male,1,1.499079448291706
28.0,65835.41373324725,761.3521353458339,4.31644152325423,Female,1,0.535885030209837
54.0,33542.84195344304,585.3682702302583,4.4034447870961815,Male,1,1.5778275605820278
40.0,40659.92350171426,542.8040363153923,7.5582023670308836,Female,0,0.5651330069114903
23.0,57538.19369681273,630.6454250832411,1.2605753014156715,Male,0,1.8527219467247447
42.0,68181.36078984104,639.5353375741797,3.7862419783815593,Male,1,0.664440365413047
25.0,27602.15281686603,684.6146943952401,1.923554488045875,Male,1,1.771416589882708
43.0,47468.22893876076,572.3456710469821,0.49640817538703425,Male,1,1.3257264515629028
47.0,54246.96233479287,724.6394873522203,0.5551016531612357,Male,1,1.0651386947774604
27.0,48469.15414056728,676.53280549999,0.7336417135574164,Male,1,1.5509978774049378
45.0,12848.118996843696,615.9604843284136,4.771259229041472,Male,1,1.765684271846538
39.0,57516.35013963158,578.7959344581977,0.5592979357146953,Male,1,1.847550711713522
43.0,72790.04526635967,631.5115016901314,4.221057969273742,Male,0,1.837736757168798
54.0,51749.92626754255,568.3098748172431,4.437266020982466,Female,0,0.7178387975561128
33.0,34533.40920058605,655.8438694883588,11.711648242982475,Male,1,1.5614547433521913
27.0,42303.09130453575,658.5438685219909,4.9225346546057915,Female,1,0.5895417794542592
26.0,76548.6960148339,676.1707283476339,21.198415227310377,Male,0,1.523788500993003
27.0,63649.43811290838,826.6242409671854,0.15741504840444956,Male,1,1.6014305180549544
34.0,59600.39927576494,636.7555280300428,6.08944825726309,Male,0,1.3874596167175544
38.0,55346.18875301564,750.4597867124482,0.13418495064851135,Female,1,0.8570610322453296
38.0,40082.94331713542,672.9587396975702,6.535153529523803,Female,1,0.5462731312546486
43.0,46991.43229016347,626.1755698101546,2.437582108185291,Male,1,2.0721946164367133
35.0,48831.158964822265,638.0840730048766,4.724837095897114,Male,1,1.6173057656110037
50.0,58243.61474096666,644.117359083195,1.851972223190862,Male,0,1.3545972043295302
32.0,72633.78341400356,677.9767707728216,0.866442623659389,Female,0,0.9601396435851298
62.0,66775.07205189692,554.067923478103,6.427948662117889,Male,1,1.6153846188537548
41.0,28709.23466305939,503.4659616555033,11.749451765077215,Female,0,0.3397192695712814
26.0,53359.92453351573,715.4297393474276,1.014146718728086,Female,0,0.4674051486678971
24.0,61051.450177518454,739.8123832581259,12.672774986283857,Female,0,0.3479973514603988
40.0,59282.90495216953,724.5635832802802,0.7551733352341004,Male,0,1.3466088829033784
33.0,40561.49354918871,665.4972018556473,6.652631236876946,Female,1,0.3279561358852048
42.0,93711.63823652542,726.7224627453288,16.025500509125614,Male,1,1.5211963895104772
40.0,30843.731565033217,721.3429026017143,0.7971531147133442,Male,1,1.344927832229197
34.0,33752.17330000925,728.7629358954955,2.8554446766272163,Male,1,1.5169560790269068
27.0,53503.92621892365,564.0459178657886,2.0583527280441243,Female,0,0.5861396466540169
20.0,81752.0458244578,540.3048202845368,2.4590196944084433,Male,0,1.2287730470244216
31.0,37457.077239437436,611.1430753247729,6.994664239606471,Female,0,0.9153245231342042
44.0,46012.57451529511,648.2615890457345,5.4115632506835745,Female,0,0.3902989587305894
37.0,66159.40509523539,625.807887286771,17.31860398649745,Female,1,0.8395104720371681
23.0,49732.067676684,462.3309668662124,1.0257784328113821,Male,0,1.6980239461057298
37.0,44980.94218204556,822.1692612135142,3.9182144055408648,Female,1,0.36350106444556907
39.0,58484.4935283008,622.5954011114264,2.9812471754713172,Male,1,1.1199483801195782
26.0,54087.7698534439,667.2704416576954,12.557656336426193,Female,0,0.6823304863721695
37.0,65456.58178455187,774.4548990763059,0.053380094513939234,Male,1,1.4439797730782749
36.0,69372.03333598045,415.5027730478795,22.627361119629015,Female,0,0.5668526846759167
24.0,54605.045900080426,598.8306128088288,3.2670783199498103,Male,0,1.6248403421873263
39.0,54375.99088067464,611.2882726420196,4.911346743707955,Female,0,0.7374138780844707
41.0,53211.664734292004,616.3689954549355,2.231846122233771,Male,0,1.4464902537566964
46.0,57336.95834973932,632.6513409286047,9.570539655227694,Female,0,0.43311696512943204
46.0,50827.559568071956,794.7134798444845,4.127544232118297,Male,1,1.8590822376776
21.0,49990.87276516566,717.3458875727223,5.435557429561534,Female,1,0.5630766397459062
26.0,67949.40681240863,745.8035268628829,5.233488026777902,Male,1,1.0694208606920756
40.0,72741.74270532565,654.7120271810924,2.2626431705725025,Female,0,1.249570254129663
40.0,27386.70583049869,510.06269538544984,0.3951673129494916,Male,1,1.466696317769637
40.0,50150.31727610854,442.0302964853993,8.243655019478442,Male,0,1.3088315981167054
74.0,39669.58349832148,497.05922767683694,1.7104513757303117,Female,0,0.22166534112713193
41.0,45335.42800270891,685.9765704166019,9.450067429119585,Female,0,0.2439290278950536
46.0,56037.743146029825,653.1769712697635,4.690675572757922,Female,1,0.9269400407133472
45.0,60041.57557313703,628.9836352443992,2.182488054869223,Female,0,-0.3001407684973362
42.0,48318.103345829826,613.1423093259864,4.510055230264837,Male,1,2.0545025246900632
32.0,21299.894979157958,851.1721575442747,5.185131596456772,Male,1,1.284742199639113
43.0,35524.3162913573,567.7096409023526,6.132513668556112,Male,1,1.6897603064827238
27.0,63447.49505300249,742.7819456116059,8.639365836707508,Male,0,1.2992878240720869
33.0,8893.603669476033,650.1912936020994,0.8703084711825537,Male,1,1.0445198178322679
30.0,67811.40727523,643.9060488214003,14.424926086124163,Female,0,0.4203423972647969
36.0,57818.44985966812,767.6637548616744,2.64529264124344,Male,1,1.123794896985425
58.0,69742.64122295033,796.2530382691444,9.84667228567249,Male,1,1.5441297819689788
16.0,47021.46219678559,626.0450543115162,1.2453820713108306,Male,1,1.492440790029335
42.0,19078.918639656426,729.9202719242143,0.14729324313970615,Male,1,1.29161626863611
19.0,56455.43962259747,686.3891362150054,4.258886566463534,Male,1,1.5454307659710875
30.0,69119.79686057512,650.7437138809914,1.9627415445576721,Male,0,1.8116517698319843
46.0,63870.82708270132,670.4254942657026,20.822334804479002,Female,1,0.4797646201755315
36.0,40059.62774767947,581.1991185155163,0.5516054098243852,Male,1,1.2814313124846923
24.0,51301.4161319397,619.3900606668915,0.24229114284923492,Female,1,0.7146041599254322
28.0,42007.45596830114,591.9364720247294,0.23031298423146399,Male,1,1.6324714251280803
42.0,37711.00303715942,740.137671642892,1.2223064360916247,Male,1,1.4145294834681217
28.0,64330.82856769777,640.4798884458937,4.327882532411882,Male,1,1.9120416325121492
37.0,32037.01533102257,520.2285975384962,3.52168146574374,Female,0,1.0240500647822508
35.0,36592.75354127581,577.6562776836912,2.15449772857144,Female,1,0.9596193230644804
28.0,33439.615497914216,330.07353547878216,0.46492651292765985,Male,0,1.303581416569345
56.0,27646.2871505143,600.5507398117852,1.3311497492164426,Male,1,1.755114050932323
41.0,52196.21437763905,653.7645065097149,1.0176058335631377,Male,1,1.4340617089687389
15.0,67422.54572722965,636.3864151133026,6.845551033521718,Male,1,1.5805638394961141
37.0,47226.84865632102,848.0154351531393,7.569420243463638,Female,1,1.5485339640646814
28.0,27413.782991537504,707.4906040915037,7.50323174169351,Male,1,2.1506189937418956
44.0,62599.168096130416,703.045185308915,17.375384074257724,Male,1,1.5950807799651596
27.0,75285.52631052457,485.6730965429722,10.781092280471828,Female,0,0.16949969016878147
34.0,40306.36513780108,613.5357945882868,3.4438314253408726,Male,0,1.0866953060351148
40.0,42821.68599923423,601.3337192676304,2.6801703588153143,Female,0,0.09111598962905154
44.0,57734.90945125091,571.3918801191992,12.37093264339568,Female,0,1.060604817003502
23.0,74328.10621677578,570.0119334486653,4.723775785943075,Male,0,1.1827189265016367
32.0,42202.48781412161,469.18770460583767,1.7435244257763938,Male,0,1.8855854653213249
30.0,30013.253285026924,522.4146795318671,4.1558894306779814,Male,1,1.5438816239321715
28.0,59471.279094086094,737.409340276495,24.23584103998575,Female,1,0.10368395700792987
53.0,61986.02109713449,635.7085308006817,9.467966393568096,Female,1,0.6047500566196986
39.0,50091.9717565284,599.3597581725666,1.6514151590405377,Male,1,1.2435951848029851
22.0,41628.00110513824,649.4588665347292,15.283192428770679,Female,1,0.11499301702237447
44.0,64915.680964880696,766.7390678701152,19.939693065462926,Female,0,0.48384458580837436
56.0,57920.54006821947,650.4210520875786,1.3144072271127416,Male,1,1.54023950458495
45.0,38473.4672464476,704.0374130931039,11.297250565504505,Male,1,1.8081909210969298
20.0,50736.42096958507,565.3395157611742,10.736577384140833,Female,1,1.1319195796120218
30.0,29724.387019630303,588.137004925328,0.20282666456394627,Male,1,1.3410081350856962
48.0,60288.3568465688,685.3976885063676,5.538606142834276,Female,0,0.7403524387518075
28.0,46066.49645925716,839.2653708337114,1.8212370932518094,Female,1,0.29105182765410276
39.0,43464.337514228944,792.9774859514874,5.61369443968383,Male,1,1.8307003075268933
43.0,49506.88272271349,708.2828069456139,12.241448204562385,Female,0,0.5392127937765449
26.0,50604.615489953714,665.1433760160718,3.4535432608378454,Male,1,1.8068414890072688
34.0,63423.95092348341,790.1069355627171,2.6757011353741116,Female,1,0.1270710105064849
3.0,58866.35796987832,729.4678323045124,12.725275463176043,Male,1,1.2377629172297682
25.0,47653.86081810796,420.6337977629339,18.270442253371876,Female,0,0.5122573362870144
32.0,61455.02224578493,544.6069152144778,0.32128655163880226,Female,0,0.9175198884050204
23.0,56011.058805374196,683.8140325357932,12.809893366216023,Male,1,1.2327421736905035
51.0,43601.00545570944,471.30324344490276,0.4319771074016549,Male,0,1.805916464452162
21.0,48129.22762645271,560.2410995243138,2.057060381988399,Male,1,1.890237580354041
31.0,47776.656667353185,580.0185056342026,7.189498993312641,Male,0,1.5278860024979108
36.0,57578.920147613026,624.3834093754166,7.503746797846532,Male,0,1.778073608416176
49.0,44494.66077917537,621.2569791773792,6.46988674878513,Female,1,0.8798957166751422
21.0,44143.8622036755,621.0879572833173,0.19948964998181473,Female,0,0.15080444601025145
47.0,79531.35964150938,732.5307517240313,0.7133857133658804,Male,1,1.7312317587068007
35.0,64096.03222620656,623.4776134549465,13.761303574291496,Female,0,0.08350053797363755
25.0,38590.99003362292,611.5369867928766,0.4248566876796342,Male,1,1.7200452028768582
40.0,58564.11490913297,515.0827895856484,0.40901165812495166,Female,0,0.35559875204809765
37.0,51775.25098482766,752.4346201985825,9.028661310790106,Male,1,1.3873907576594902
29.0,55873.267628901405,582.8502486052514,5.125867121475601,Male,0,1.4352770777335666
36.0,52060.11986847657,541.2969671998725,2.1666697271299546,Male,1,1.5921391732267143
31.0,67844.63968227853,671.3090574868971,0.9058739952898608,Female,1,0.7997451611699119
36.0,55184.30516977169,573.3058737616938,10.778176525613565,Male,0,1.22042681789698
42.0,49068.66952678569,597.4047260205706,22.343484587110044,Male,0,1.4634891782427981
51.0,65632.85865474526,675.846017431907,0.2563176764824631,Male,1,1.0438326431378233
23.0,53499.27561631808,617.3517376220443,4.038452896073128,Male,0,1.3952655878196702
56.0,51822.17868993587,881.1609375300634,1.5143412372603322,Male,1,1.2237725886525093
15.0,54710.33903729172,642.5171456680802,8.930482676235423,Female,0,0.43736584166852943
33.0,48595.8646495045,711.7838218879222,2.123798474471171,Male,1,2.163005322795391
41.0,50138.404894932035,455.83059525070547,6.269831021227219,Male,0,1.2683113370183887
38.0,41199.58116857191,563.935086808527,3.8774664282896794,Male,1,1.2176106723081364
29.0,38732.49170564182,541.3086305083287,3.8992299221551607,Male,1,1.98687623862307
33.0,35021.44420276341,554.5620276697371,9.759621078086097,Male,1,1.1483960225588425
30.0,29120.25069804386,691.5537993837003,3.178208157512878,Male,1,1.0645831499700582
29.0,36804.23957923165,753.556506777741,9.341028120985266,Male,1,1.438377671239558
43.0,47385.99448299612,684.463050463451,2.258279538569672,Male,1,1.3515079505488856
39.0,51546.76373668455,627.3355376433691,0.9605441360446815,Male,1,1.3081926336404077
28.0,45930.55155278539,586.9144961287581,3.039228952343565,Male,0,1.224808699726963
44.0,14664.447648089634,761.3599751186509,3.4493206919969284,Male,1,1.4434232074304978
38.0,73618.79536643514,857.1255454154862,3.2541102788539704,Female,1,0.9110235914594184
43.0,66297.20184335572,663.5055704783691,8.259911423000489,Female,0,0.7854840429801478
41.0,56686.39776825693,743.9363064071572,4.158357272604792,Male,1,1.752180968078126
27.0,78612.36008829903,684.3370349795475,10.966146076323593,Male,1,1.9601073517521017
29.0,35339.53823774434,725.550490646559,3.609642023602696,Male,1,1.3121408914039374
42.0,78314.37680939007,533.5453221889884,1.2726234109950652,Female,0,0.26618800231714457
41.0,35521.78884874178,601.1863719857876,0.6934137061221455,Male,1,1.4634113965530906
35.0,53581.068879370345,689.5469440045584,10.138528921862804,Male,1,0.9842135114978355
36.0,30892.440122986936,771.249094408198,0.28906089638410476,Male,1,1.86569601038572
48.0,50220.4114331655,568.1865778362326,0.6256035201514022,Male,0,1.5105663308921975
29.0,55792.49746997583,446.6700888959873,0.3288751941135545,Male,0,1.3437044470766182
40.0,47679.64503298168,600.1735573558751,2.755931307508246,Female,1,0.579568725561413
33.0,60708.16166135206,751.013071434825,3.803016343163967,Male,1,1.6562706713682223
33.0,51485.21674230886,491.61044089121503,0.10037444999679396,Male,1,1.5456354503564564
46.0,42163.77907433736,532.3080107868416,3.624078552547357,Female,0,0.7093371665705449
43.0,41497.80023296491,665.5918586051112,2.5023922979995246,Male,1,1.666579410306114
43.0,62163.706589235444,638.4028747238536,7.428257608605877,Male,0,1.2560401798403311
48.0,40193.869552895485,709.4466481553227,8.85850854141273,Male,1,0.4740282062538872
35.0,63731.04455727406,527.1273239554421,5.775396344738812,Male,0,1.4670180378328515
42.0,68340.67689247896,617.5021405831333,3.207477337568112,Female,0,1.009335171916369
32.0,24969.29206480805,769.5185402403098,1.217679055439964,Male,1,1.5491451580721034
38.0,66993.89580951552,530.7103806363216,9.390342031197719,Female,0,0.6213498814126397
34.0,80906.34047667048,797.6912296310269,2.0902382367578802,Female,1,0.05780590053216589
36.0,53780.05641802893,543.2583014111311,2.2025494830423584,Male,1,1.7077738176323114
41.0,58986.26277942234,734.9381577377611,12.385379780503243,Male,1,1.6131277481622583
27.0,65555.07986553738,612.7041489786874,18.565298387562528,Male,1,1.0845573820080006
56.0,45867.76527231467,535.5091742361024,11.420335883541801,Female,0,0.43175397946539545
25.0,52734.20335306805,600.3100952847402,31.697239891219937,Male,1,1.8460751673583644
23.0,30287.00705565336,704.4929188178994,10.159311748453417,Male,1,1.2361599824032874
47.0,52079.52542795677,649.314600509851,6.093021922349707,Female,0,0.5543171191463904
43.0,57471.67993466812,761.8469411443343,1.7394213311487876,Male,1,1.192816361927582
41.0,57742.44534389704,793.5740060934882,15.283471206937824,Male,1,1.723930766831721
41.0,65981.3708539637,531.696933468215,10.462708136227555,Male,1,1.5742269877323702
35.0,38377.96732796707,524.3730855089655,1.377099751951982,Male,1,1.410647721095859
26.0,42010.89864989756,519.5206226379158,3.358518454426534,Male,1,1.6999753160014828
36.0,78432.61018987032,560.080390395198,0.3631527238046318,Female,0,1.0229599192973915
28.0,47745.07439354435,760.4214520819744,15.321004619546096,Male,1,1.2833202207320507
45.0,53000.50680968492,706.0361950666735,4.252144274277636,Male,1,1.5035854896850465
34.0,48994.84937412168,595.4972427077569,1.406515943816312,Male,1,1.7007329636208715
27.0,37674.787605424666,648.8897409377165,1.729376733455744,Female,1,0.27367062907602174
32.0,74352.9381633771,790.4305505165938,19.72696124312726,Female,1,0.6986982468239309
39.0,42084.47882119092,840.8010850979119,4.780543910443075,Male,1,2.0359359781361692
29.0,33090.717144396054,675.9384333442803,2.729528348884322,Male,1,1.27664487951731
27.0,43238.895840458725,384.07188159526015,3.464190759426508,Female,0,0.7068351634835573
37.0,19974.409974117,679.7287094759973,0.5187539064192274,Male,1,1.076681493451463
37.0,40230.688025252275,743.4748129541348,0.3899307362831101,Male,1,1.4970143135923437
30.0,35478.0710322151,672.4632315856076,4.491121379016593,Male,1,1.5036074043565741
30.0,59261.429463909866,722.6514918734783,3.5872407227864453,Male,1,1.5376807633698055
37.0,39898.78640660191,685.7065374460384,2.2248241930826804,Male,1,1.2995829936484113
21.0,63317.05903368273,526.5354582518135,4.174866713738875,Female,0,0.7129866323241534
21.0,70977.25989603982,561.3761566636538,0.37726102696819086,Male,1,1.9532790355469396
28.0,61717.63004431399,617.8847812869843,14.411229738324078,Male,1,1.1567138508782968
33.0,46769.175667098854,756.5414778238352,1.7386587530382496,Male,1,1.469421218245368
38.0,52116.71745058389,573.4115931679379,0.3724260124068276,Male,1,1.5147853168225955
50.0,27125.225897839107,695.5902633167647,0.9286624726125972,Male,1,1.7056890102678064
44.0,47993.30941218141,680.3692593921197,0.5017206742643894,Male,1,1.0427396099212887
33.0,37093.42297899751,808.619726507913,0.9837528061688086,Male,1,0.9857622732535816
35.0,60414.89571723949,645.8320221870586,2.6957316011462957,Male,0,1.1343268573451208
25.0,88591.2858386671,474.52415817237414,6.698025228763155,Male,0,1.9512324032039436
35.0,57497.32453960714,714.6870464896778,1.5896642227708928,Female,0,0.4361919544944485
32.0,20132.89776568,863.8055211634005,2.8628546650319198,Male,1,1.742558811998657
38.0,44581.54710628441,721.2383344866456,13.208313756078237,Female,1,0.5876019862008035
27.0,51837.36388061682,571.2338408189593,1.7536187184597105,Male,1,1.4460948495794015
40.0,51310.36137890395,541.8054120821035,7.916895880852163,Male,1,1.7482309811866972
50.0,39037.8031158687,554.7031166492595,0.8587889863699738,Male,0,1.1317437367616907
34.0,53679.37613955403,850.3311880382046,0.9820318967736517,Male,1,1.3585696080624907
39.0,31362.48744620919,617.2672559478564,3.045435445192972,Male,1,0.8349866658023993
42.0,35826.369159723996,583.7356606171973,1.3335330220008703,Male,1,1.5293046220456283
31.0,59686.964624055676,634.1563355872767,11.666668814641755,Male,1,1.262303502826236
37.0,34765.05153680261,618.3092951394299,0.2604274674377358,Male,1,2.156978346590246
35.0,58073.174082383855,806.7650359787503,4.547476443235514,Female,1,-0.03637532059720139
36.0,29458.043380159128,548.5522508983697,4.634602593914279,Male,1,1.7458082504359878
27.0,76472.38825687605,768.0643231660447,0.3415330039769854,Male,1,1.6958446025108698
35.0,38385.95116393918,662.2092096451084,6.594378985280742,Female,0,0.651111055188629
40.0,46645.001422948335,770.7026513427686,3.1640016408217546,Male,1,1.7976262326005257
50.0,54959.19891635609,808.2619043734051,6.420013470731039,Female,1,0.17831662858069314
45.0,41519.75071248358,658.4797633913095,8.77015085576554,Female,0,0.10771913524790261
57.0,52151.08941606957,618.4936390400834,1.9496767472732743,Male,0,2.207398995728801
27.0,58630.350867801884,656.6178831865103,3.3129529535594955,Male,1,1.5576792351312174
44.0,64409.198487552276,640.5229327994869,1.5106685119451322,Female,1,0.7745184816532216
37.0,61872.461539594355,484.30335442612716,1.1251858624327236,Male,0,1.28765507137719
57.0,47422.84304295989,805.2480373785073,0.002974674906913453,Male,1,1.4750790650457533
27.0,47800.523389345966,674.578501738119,16.57026297883708,Male,0,1.5351548555218497
27.0,85236.62837037549,533.6900814948946,2.9073892608512546,Male,0,1.5177451343325756
29.0,64248.33602373938,443.2476679801591,0.06577967051526688,Female,0,0.3816777509831051
14.0,36172.64515519679,417.2400767069651,0.044893831593028316,Male,1,0.8209334632367544
30.0,51499.82245648328,727.0480436687503,1.700863353809846,Male,1,1.2093835472049306
27.0,44972.85291832711,588.1022431592904,0.07017860100288673,Male,1,1.5176128438445458
37.0,47969.98649115335,604.5099331894867,2.3461365945313726,Male,0,1.5189568494608126
38.0,31557.57263437868,698.8154264538823,0.32503182713928686,Male,1,1.6363600415658193
54.0,43821.1514842107,598.3951843898221,0.20021352846461934,Female,1,0.7195204697189572
45.0,77173.3365979087,704.6524416053513,5.533949079562489,Female,0,-0.10011478232849702
29.0,58686.144513132545,659.5264064376715,11.867253376131426,Male,1,1.1937964029825945
26.0,12632.578877728098,641.5870416850764,2.6329679643340675,Male,1,1.656318776231682
40.0,68250.8523874692,492.7249594308511,9.06298832914896,Male,0,1.567834771414892
22.0,66344.44284363741,568.0268643561141,0.14851118748854242,Male,1,1.1720371367289009
53.0,44610.72043540375,710.2535365586866,7.51841363267321,Male,1,1.6874325336799942
47.0,60758.953156748226,581.7978185135948,0.3242928207847942,Female,0,0.5206807075224466
30.0,37109.011837741986,770.5369555784491,9.114375590431322,Male,1,1.7368400595298727
18.0,42946.16425600464,884.6401323993398,10.700900506997455,Female,1,1.118477487411061
49.0,72478.1954100478,715.6385300841323,7.70828519785823,Male,1,1.2748175147924437
34.0,45924.04940195438,799.2831891365157,8.594841784511868,Female,1,0.5419739464292795
47.0,21954.025070675132,722.0727238296068,4.121801356418688,Male,1,1.4526477813234646
19.0,49050.45165827995,596.5737977327813,1.5386412565832148,Female,1,0.2811130468050257
29.0,48821.17410628465,670.0151664807424,5.153333864587254,Female,0,0.5923431226151168
35.0,67975.5285406019,851.3320946097442,2.895001731179649,Female,0,0.4154432692364951
35.0,50215.0463326364,597.6446257372548,0.026754256118311108,Female,0,1.0934641671192686
30.0,43676.26532839561,546.0672701121925,3.2392030657016084,Female,0,1.0346774346077878
41.0,65675.84217846808,536.580557688473,5.26610983782668,Male,0,1.6652057686320885
24.0,51811.85348751665,628.247061616645,0.06990469570280924,Male,0,2.1706747538379667
34.0,38749.65977651424,549.6527911356937,4.85585140528311,Male,0,1.7439566481025635
36.0,67324.96340812427,817.4019427437238,5.285412173220319,Male,1,1.5454329632820296
40.0,52904.92646775199,671.6356534591288,0.860515190159004,Female,1,0.23404597577365394
42.0,50043.889500191566,747.1726309760503,2.8200261574336083,Male,1,1.2095180611195282
24.0,52668.625871174816,620.1334609420302,16.667590987902415,Male,0,1.4131334715359296
20.0,33939.97442875105,535.9802802243881,10.778988469941124,Male,0,1.254351120148324
48.0,42085.19335732494,519.0606054566723,2.6451297714228366,Male,1,1.4309373282531206
38.0,50053.73902749175,559.200825782188,2.1527321666231996,Male,0,1.466942735750947
28.0,47080.0445746298,684.7525494026711,0.6624064692955461,Male,1,1.796624714439115
51.0,69086.42574224893,701.9882931767947,0.179115696855297,Male,0,1.37741535251888
36.0,53261.087790905054,710.3196073058684,1.7652844666518095,Male,1,1.3210107754294642
47.0,62823.558839546036,501.1327316218143,14.090721770674758,Male,0,1.766170462097122
36.0,50140.930318637744,649.959081410173,15.923996811936325,Female,0,0.8897281504927341
56.0,65844.32725619184,547.3938169107607,8.37039794316056,Female,0,0.6316022777967898
53.0,55962.91634859731,690.1465967584528,2.160263328800917,Male,1,1.6802707831434476
33.0,50201.3072808269,697.9077055497452,0.7752429392758684,Male,1,1.4213909047264828
45.0,49800.753665614706,532.7826952973562,4.52593151947534,Male,1,1.4360445114481977
41.0,35683.42060563555,746.8029607196348,5.199429792013184,Female,0,0.8441329810997094
49.0,57603.73580204466,883.8822941528244,2.7632194717237626,Male,1,1.4586512940346192
25.0,49396.92898195432,733.4835737584663,5.882546926887937,Female,1,0.3992470410949437
42.0,42470.12059728193,633.7165960448896,6.865546055577511,Female,0,0.6137344775895577
46.0,66596.92656218108,618.3454296790258,7.640710648814892,Female,0,1.2499210612073823
17.0,31246.75961157798,629.0936018327492,3.488769991920177,Female,1,0.3303879846624268
23.0,43662.56156851349,573.926615322299,7.842458289605791,Female,0,0.011154138859268303
15.0,65415.781231693,675.2398206652049,0.12903284868252782,Female,1,0.586800631963051
32.0,54732.844113803796,536.1537408845695,5.7034936416062445,Female,0,0.705156739267742
42.0,49282.11608520864,461.03022134021,1.3435424537285887,Male,1,1.6313749814136012
50.0,53765.0531472522,671.9601681813549,1.5771186364527146,Female,0,0.32187521727704205
36.0,52691.21256573262,652.1233065775821,0.4787107517878856,Female,0,0.11859953902088566
51.0,27250.06180571118,592.8829983562806,1.0683940654304636,Male,1,1.800810232319382
21.0,44761.07171978058,521.7303377389633,24.14671696232826,Male,1,1.0647005464380277
18.0,74247.82481770623,678.9744026914035,2.6840527203616333,Female,0,1.0137367634893848
34.0,40110.137978342485,550.9824961429549,13.139180526722015,Male,1,1.2165219776162692
39.0,45225.48478843499,636.1055649134665,0.8890558884760507,Female,1,0.375142100452996
35.0,41875.68855036219,826.4971854126444,1.1411500905222904,Male,1,1.1100785370370545
14.0,48694.771650227936,715.1189769575384,4.080116048007756,Female,1,0.40253544900536653
34.0,41253.157530135526,513.0867337618304,2.1503200334570995,Male,1,1.8559028606866828
22.0,57301.1225323709,522.5148428987698,5.162931991646683,Male,0,1.8691984709634837
42.0,52959.701184353995,665.1819092743759,2.7413099719388176,Female,0,0.8833766384539281
39.0,61603.21422660527,512.4679317940979,8.345866269064432,Male,1,1.7072226281337575
26.0,34235.88250716559,449.82745187657133,2.8242893913170333,Female,0,0.43967612733380534
30.0,44894.89275675645,703.2372011296724,4.2472413160142555,Male,1,1.561814546902472
24.0,46614.16052581798,682.0935754320867,1.9362098143314885,Female,1,0.7377911339986467
34.0,56834.70365132892,695.0598331279132,6.087671526613077,Male,1,1.244599417436206
45.0,38101.682041894484,676.3035181817904,5.3172037488413455,Male,1,1.3078553951850607
25.0,63734.80706387516,643.4689288327605,2.529198974914411,Female,0,0.44702427036718134
40.0,67796.23385776413,583.781145232334,1.6150411422524793,Male,0,1.3853095025010385
30.0,35166.914785466244,701.6134966087943,4.760941735855649,Female,1,0.39960917528047
27.0,42636.90657659651,802.9883488405151,14.336840345372979,Female,0,0.9177496239205456
34.0,42021.027375618614,599.8770992556546,0.7115232497423613,Male,1,1.7342117237713224
25.0,89485.79307016247,547.9259789791702,8.025153650363954,Male,0,1.263594288247218
29.0,43551.4984218817,536.488058058876,3.915269428209303,Male,1,1.2790169132687035
23.0,75164.38163234202,563.3269766666283,3.728097376622774,Male,0,1.5356558631383361
55.0,31000.520073400854,670.2598524476074,16.309457835093163,Male,1,2.177033557796257
35.0,35155.23550753455,436.037243644644,4.655433237473032,Male,0,1.927062799370506
28.0,39700.93202227699,693.9170424432326,8.875037680753037,Female,1,0.6060160947076703
37.0,37314.66032830217,714.3913010296156,3.6126456556230218,Male,1,1.4387475726723757
34.0,45981.51898762252,470.192164005712,1.4374329061744329,Male,0,1.613833392691941
33.0,39368.32695917753,552.08195637224,5.928868281116058,Male,1,1.556773406769123
41.0,37709.8761089814,657.9680979845414,12.831249803256794,Male,1,1.5548724419441309
43.0,67377.07994709992,635.6530269695602,9.201496335426121,Female,0,0.4190761932133343
30.0,68356.90433769747,701.963746826859,1.1055007414252447,Male,1,1.2317418006642884
29.0,64239.447475629735,635.8863178483634,1.9054904430421125,Female,0,0.5993152914315943
32.0,57859.98433376492,776.4769526774966,3.637458020137533,Female,1,0.79581909245275
12.0,51391.145986693286,617.8830600956318,4.238528161995316,Male,0,1.3124667309547515
20.0,42544.53964001137,551.6967013280246,1.077204679216044,Female,0,0.7340667399848526
49.0,35702.637428673625,543.6558133738243,1.306903951282727,Female,1,0.5286634226876598
51.0,55444.935551490315,723.5468509281689,7.111288163444321,Female,1,0.4577734979414384
33.0,32395.54411179803,652.9621141956916,6.552548145133985,Male,1,1.1240850619625309
41.0,35091.1860623691,713.3715900725194,9.138243705418233,Male,1,1.1249998761354247
38.0,67293.69884307214,711.3122499229185,13.510077777311157,Male,1,1.891894443908736
66.0,78509.73562583131,448.01501472361593,1.842733670148353,Male,0,2.0029471100258274
46.0,55899.42707249721,535.9917398976556,9.816119330868155,Male,0,1.1867743732756109
34.0,66596.85728441966,547.937495949618,5.483247949253625,Female,0,0.13137109060276686
25.0,46312.27523834025,568.3935811508238,15.823172238901162,Male,1,1.663668349526082
19.0,29934.887208684737,607.9644673423475,1.5877804932166621,Male,1,1.514617033608576
37.0,59182.574279278764,749.9149594617186,1.5713042415212537,Male,1,1.5169537555477628
27.0,58539.33984905096,769.8482352383899,6.091938485598211,Male,1,1.2658094939054936
21.0,51075.02830820366,620.7109169797003,13.18405345866508,Male,0,1.7159086649538728
29.0,46364.36812842333,624.8719138675256,8.702171883143752,Female,0,0.6232099780278334
24.0,64433.15867871647,579.4566275942714,6.49214197319105,Female,0,0.9184758231032049
52.0,35214.004498587885,658.9187697238544,2.4494743584888994,Male,1,1.1606284095862052
44.0,38393.291316640134,670.2520882733936,6.325117469829338,Male,1,1.737402509668801
35.0,34878.40239859358,730.6475555002265,8.074654266013368,Female,1,0.5380786772948976
50.0,51274.59443953741,729.8438725982553,6.997621050363666,Male,1,1.4864545155349342
36.0,33681.60481836113,419.7881948930949,5.64758681716044,Male,0,1.8569390300313942
26.0,39736.367292271345,634.7455052362882,0.24139054783503852,Male,1,1.1859477141195995
50.0,39413.66656659203,788.4100030890104,5.389857903222216,Male,1,1.473996862387945
40.0,46090.87501499063,606.1885072695084,3.253261622900884,Female,0,-0.051149270840293304
25.0,27689.383303940347,763.9241818363289,16.294489596667752,Female,1,-0.09297520626855948
33.0,51308.074880559005,619.3548199988811,4.672144738417307,Male,1,1.8864654731450514
26.0,68709.55475997017,667.4923467441964,4.685366712986437,Male,0,1.0375798701587016
21.0,52032.37058475143,536.3109307600851,25.626181332676854,Male,0,1.5707043440309338
44.0,73119.81717201982,540.0751442433485,0.4913054912178461,Male,1,1.981062520033413
54.0,70009.97278815389,722.5491572263014,1.6170041996001845,Female,0,0.6862384320811794
21.0,61666.02570871782,738.1818280200665,5.3367228775603905,Male,1,1.3248589978368839
41.0,51120.28763955329,652.6428906200492,1.8934069976580836,Male,1,1.166480241142792
28.0,50337.5058236816,527.2475757361609,2.1243876893642994,Male,0,0.921116541837757
30.0,61456.9965854489,654.3804556607215,11.158068091701608,Male,0,1.9686980828836758
29.0,44124.94085743951,775.7234960674277,4.32981714187561,Male,1,1.373735252851494
26.0,21762.188727988043,824.2866470051761,0.5427478810185317,Male,1,0.9594056756285075
35.0,57380.0608115444,618.3292067674086,1.86157293849088,Female,0,0.16832688868956142
27.0,33033.97055097543,484.013214974221,0.3955319368297094,Male,1,1.176571108689296
38.0,35567.88157714423,734.0363599554779,4.061117011385885,Female,1,0.7626340500752269
34.0,50003.35921993682,622.4036903544999,0.951374684444473,Female,1,0.8581643233738809
33.0,48573.12683669795,744.304064156104,9.728581090184461,Female,1,0.8490879812693028
26.0,28818.865905265546,678.107222501762,4.305628774828192,Male,1,1.6452921242445018
29.0,52482.37346199711,561.655589423815,0.30605706748395745,Female,0,0.4382917847220623
43.0,64492.09491291572,655.8244360659381,1.7896333753105174,Female,1,0.6435427684681123
40.0,33074.87644601326,780.8338367054328,4.789962275014604,Male,1,1.6584391283241025
25.0,69087.24996273138,635.0846011032756,2.0435893494862207,Female,0,0.6370938988538531
36.0,26597.43762305084,546.5194836554622,3.5992699545148703,Male,1,1.3077713158871238
43.0,81759.8621655643,491.13558314033435,12.004424895148137,Female,0,0.8410076353633597
18.0,43831.09354274775,572.7835313135348,2.1541912843207736,Male,0,1.1905205635135394
40.0,52184.25495240337,608.9863738229018,2.0464083782505402,Female,1,0.6192033027747705
28.0,21619.49641271495,731.9999135917259,8.567242290577255,Male,1,0.7110367847404869
41.0,49067.95900296037,537.9150732188378,1.9191775398711104,Male,0,1.897410928593206
27.0,53427.23266577288,805.3751885729636,0.40582438277504546,Male,1,1.3518996584267708
17.0,48707.56843850758,516.2847789158809,0.998019932221961,Male,1,1.747886606399308
19.0,41553.7838442144,883.1486092556837,14.860103226569631,Female,1,-0.19760415095384565
35.0,35801.53222208278,822.5518556754471,13.537211372964011,Male,1,1.8333742237640467
38.0,66957.89929305966,664.1166249387992,1.2732490775312477,Male,1,1.9148556210437457
26.0,50462.10702496925,485.2306465230408,4.031600368721138,Female,0,0.3333918002245958
41.0,73111.28564775159,644.4575938017579,0.7388360736148853,Male,0,1.658333103794458
18.0,42102.76467807616,611.3159042013494,5.614693380000554,Male,1,1.1921296951676177
34.0,43478.07959941674,522.5712776949076,1.024712229890415,Male,1,1.5136646565353986
23.0,62233.91366894244,679.1009627247442,0.2553635563342641,Female,0,0.5254961834302797
28.0,25655.37556994654,567.6356870144356,8.71189902877455,Female,0,0.29548783427883074
35.0,31798.049597706155,578.5094152950419,1.9681796184445508,Female,0,0.791612366091688
26.0,66462.27457029745,629.6321365427644,0.5743748608995024,Female,0,0.3717299815567474
31.0,32420.99106165208,592.5091171294297,8.97594524345844,Male,0,1.401404523564058
45.0,22714.234770461786,857.8156617110029,7.185780375808681,Female,1,0.2833920477859666
29.0,78027.90782109636,596.428536700045,5.756244800154542,Male,0,1.5948487838271128
43.0,29092.73528188692,694.0881011394475,12.109586568846106,Male,1,1.4360930194091839
24.0,52761.790974922544,664.5522492210362,3.3591411337193335,Male,1,1.447238452536188
40.0,51036.27789086407,685.2750225258872,0.6851532399136024,Male,1,1.7220006674517017
49.0,7840.575250728747,692.9088403610932,0.3165439073278602,Female,1,0.862873735691393
10.0,45990.24465248286,738.1361486606122,1.9168624210463983,Male,1,2.3420099874481064
27.0,56726.19874218664,676.6446075618642,0.4541706272492656,Female,0,0.4151044368686878
41.0,55314.64072278291,672.489579488632,3.8340702230493777,Male,1,1.5090137044644263
33.0,63552.81025705252,655.8477068468139,0.07302577880955717,Male,0,1.2975870378652774
39.0,44187.63027641849,636.1582147660025,2.932806793067238,Male,1,1.2267840632766895
29.0,60687.56663138241,558.8202118339323,0.9828750204475079,Male,1,1.6311084862984067
36.0,39660.06397879892,643.9131622579798,2.2964504742129743,Female,1,-0.009900818042218096
33.0,28842.988753808375,674.1267375265534,5.6201747379867095,Female,1,-0.13690095335996677
47.0,30534.07436478151,690.2164556572795,2.161333705549428,Male,1,1.4753162999686817
38.0,28068.34317206878,668.0284772990236,2.087738197973466,Male,1,1.4763251651455376
38.0,65143.78951836791,626.7044986551466,23.416054782442238,Male,1,1.5343951522107657
31.0,27281.39736412165,644.2920096804103,6.343707385977014,Male,1,1.4543940580010717
30.0,54110.58260973955,594.6353515449208,3.6063107601902984,Female,0,0.4374083483785971
31.0,46011.13708891351,681.3223991006564,4.330075631377338,Male,1,2.120853890135274
39.0,48460.271398240526,627.8871772085878,4.840323755256914,Male,1,1.6622458014022081
31.0,70454.1094279955,668.056093819747,0.1244120725799021,Female,0,0.8641025989073883
38.0,43423.5894917709,750.0803043382552,0.4183462435020468,Male,1,1.736102195499309
56.0,59174.02342324525,579.0641090357581,5.237543318165557,Female,0,0.4929111575345083
44.0,50563.450270716676,709.6695380910485,2.266470934770911,Female,0,0.5474567711695976
32.0,47719.71641550953,653.3210179885373,0.2852017288085428,Male,1,0.5942750824583873
47.0,84499.5368657971,852.1193599580755,1.765643667707542,Female,0,0.3412317006274477
31.0,28379.873814269456,628.369967153649,0.6979394550378776,Female,1,0.8129571508995214
15.0,69336.97753156167,719.5164583151067,12.40340847105687,Male,0,1.6106397793678011
25.0,59846.09848234958,651.5353451755977,1.134034971128441,Male,0,1.455604065388685
16.0,42807.12508052324,511.16954916865063,0.7756210859370183,Male,1,2.208686352686803
31.0,74439.77776162418,597.9310904480856,4.919754830306383,Female,0,0.7149991864298118
35.0,22278.34831417195,738.0471105428394,3.6898015858958306,Male,1,0.7914719666944637
52.0,42173.50014051393,606.7305539391726,4.289312649593784,Male,1,1.7251483204758529
38.0,31872.766935963857,427.97436851603857,2.863045478056052,Male,1,1.8482845184199528
33.0,56181.2519730719,646.8596983075496,3.1477578090644602,Male,0,1.716025420150607
43.0,33304.038482192336,540.766370204899,7.543384799396566,Male,1,1.8527177612241374
13.0,56495.95920111979,663.1817732596719,1.2418080061524248,Male,0,0.9717359944573554
37.0,47203.45376267669,805.1147081398019,2.5252889721950322,Male,1,1.5284061898955696
43.0,42809.690860158735,726.9457310802903,15.829683887570422,Female,0,0.6000347537396276
20.0,55829.708690499654,803.6655828739978,1.0535168930736405,Female,1,0.48157523963997884
46.0,45970.67564092904,593.8487978555509,1.7390970299420736,Male,1,1.956094043413277
38.0,33670.477354114424,635.6833666364467,1.0632868962751014,Female,0,0.47783846937871427
31.0,92020.59484452468,545.5563803192221,0.1035422185466118,Male,0,1.6954810562230325
41.0,42692.49225456283,581.5956554959905,1.572388962901064,Female,1,0.49668213610003026
58.0,16735.86379771978,557.311516771382,0.23790856450616846,Male,1,1.4947453451026558
37.0,37368.519654179174,519.3277030788042,0.8402304478169389,Male,0,1.3457374723134745
37.0,30990.849674409048,786.585662533134,2.252433214235476,Male,1,2.0403002675989454
30.0,62392.184240607734,440.8039704973578,0.10469457017922482,Male,0,1.1760545667168398
27.0,54824.78989387379,787.0138904804556,6.99095555689493,Female,1,0.5962874551423589
43.0,55980.69202685516,774.6058924920231,7.938113367078593,Male,1,1.9107937194749507
26.0,44449.663012441335,699.9792675478998,2.650159465150961,Male,1,0.9165118648799686
36.0,45809.74629414618,538.5492731905931,20.888406743742376,Female,1,0.4200941142204718
30.0,44436.033445884976,491.7824888556793,5.6814759952322085,Female,0,0.3113399883627552
40.0,48782.102237967956,595.1596318736435,6.807457514121786,Male,1,1.2956459072320252
38.0,62530.00153047253,712.5120456339924,1.0678255053402539,Male,0,1.8648317064887863
45.0,55041.1311875802,650.3063637440674,9.08346745654445,Female,1,0.27427856270742174
30.0,57501.692444313,545.6500504905242,14.506330250858714,Male,0,1.6973958404347165
32.0,57493.38362373804,764.820478465649,1.3479677471874705,Female,1,-0.05708293051027147
25.0,63266.63656072607,818.4383328181538,5.799210159450824,Female,1,0.5239992846169107
31.0,54322.25062310382,627.3400835985402,6.870664040806041,Male,1,1.553994955946855
39.0,55382.72109018378,660.9336903597346,1.8204343786131432,Female,0,0.402095676969498
43.0,67832.09361789735,499.11513163705035,3.221870821471464,Male,0,1.4721154633114582
26.0,40024.31122995332,608.5613283890965,0.5131495335013038,Female,1,0.3544133236925412
44.0,37163.861300727396,701.0439978000994,0.9503261325727359,Male,1,1.3245516934460084
49.0,32211.17601219716,685.4856540257778,0.31773785424019935,Female,0,0.8147641794067622
39.0,52743.71845430384,599.2332150790294,4.10678368847219,Female,0,0.7561282859780123
54.0,22194.01638171315,622.5756491523553,4.9076527913741845,Male,1,1.810923553709724
27.0,56932.31144089516,605.2789263455448,12.391815533719639,Female,0,0.167711956399976
23.0,48362.10358249171,622.1535286281616,3.906448464740597,Male,0,1.5336113381504604
17.0,67019.59549731585,692.3234802518127,1.5096580551187024,Female,0,0.15027021289129455
50.0,39921.24034302514,453.24629146308774,0.30657751836708264,Female,0,0.394413225356677
42.0,46950.2257187374,642.5650485192078,10.812074984878368,Female,1,0.39790405643399673
34.0,66833.04999940054,684.9975535625689,3.258664361329976,Female,0,0.22587234063929168
38.0,70747.03470167228,592.9515314358923,6.68413145661293,Male,1,1.1493323359255208
24.0,39797.7145137227,602.0666956035119,0.07378854943196814,Male,1,1.4422629508205242
59.0,52726.718488807404,604.960555918455,3.348510120445588,Female,1,0.3911717023749345
36.0,54416.284665260726,602.095002646284,1.970568571999324,Female,0,0.02934313853601722
36.0,55604.80108431722,650.5883777850373,0.1540039198695013,Male,1,1.8147843677328934
42.0,46061.365110265666,662.9002758013784,7.4732480508707635,Male,1,1.4969575575420515
40.0,69220.75097185452,439.9485683766201,3.59644615755337,Male,0,1.407070907770196
37.0,21654.447745676818,715.2880371472288,2.0261774947852977,Female,1,0.6143363506954764
27.0,43683.04647798374,621.0001115653041,8.19429458146692,Female,1,0.5356600598869895
40.0,56718.960991594206,843.2963175468534,2.961294318110095,Male,1,1.7699621332835385
54.0,56858.372179240156,530.8351461101291,0.01752044260929245,Male,0,1.2438233149728206
48.0,70291.38545922145,563.2685491245668,14.452145681160644,Female,0,0.7145172505268287
51.0,67973.3808980193,629.7091021416738,1.4764395546613527,Female,0,1.0006086855902199
30.0,45716.87562039164,691.3225449686036,8.876740046739325,Male,1,1.6277191293885158
25.0,69498.06865295907,454.92326726284983,8.47539797799385,Female,0,0.21617987465686533
34.0,39289.37384333818,567.0899947883893,0.885917484464235,Male,0,1.5557119874661618
36.0,63963.31074187756,709.1320160573844,3.2122958181195713,Female,0,0.3790260193666768
46.0,77157.8371763149,555.1876053567457,0.2051464263638111,Female,0,0.22405579547495208
18.0,68224.16160282453,787.0026376376227,2.189050614250277,Female,0,-0.25400395321786085
50.0,51586.55575286185,604.6116401150928,6.564826266447072,Female,0,0.5693671501647299
33.0,45023.31842341817,560.0626798658103,1.3529415024014346,Male,0,1.6891725372355744
31.0,27071.130556110707,711.0244257789519,0.6228748540122413,Female,0,1.074171865539253
25.0,54658.09456871306,810.7617386824446,3.537483733816622,Female,1,1.055123280015676
18.0,33271.74158043621,691.6396258743896,3.8499940896396474,Male,1,1.5726353905447188
43.0,38102.980045790944,776.0429399223258,5.632419563889198,Male,1,1.9407434239133072
36.0,32138.812988949925,817.6635340636964,7.117650361961957,Male,1,1.296930468893694
22.0,43094.11501015017,557.8141320072422,5.950506159393799,Female,1,0.5565898414008725
22.0,49580.45878269526,743.8391334059586,9.334965564626035,Female,0,0.46503968784102057
32.0,54104.21871748558,497.6529490696453,1.2609727763512801,Male,0,1.5119494790412282
52.0,40992.400468790554,692.4902531786385,4.217138833541962,Male,1,1.5669196960429344
32.0,66039.25559592775,642.868210948518,2.232180548501212,Male,1,1.8108917433032081
20.0,46876.92113015051,774.2950203042062,16.365651311583896,Male,1,1.6985607980250126
33.0,38184.16350101721,767.2251512984841,2.9015888441214703,Male,1,1.5784446380616572
32.0,53394.38400865155,706.9783350534402,16.058748025668617,Female,1,0.9341201446702023
8.0,79453.29250315724,679.8427899482818,7.328109127818263,Female,0,0.898167646998735
34.0,55027.408498026765,700.8368676721951,6.337472316658989,Male,1,1.5324944172471835
33.0,44557.165589395896,656.1770871376546,3.3820768259584306,Male,1,1.1566967407867947
42.0,27088.079658219438,643.8804258892096,2.9293457308843878,Male,1,1.719666990996518
53.0,46708.81518541894,794.2578172252443,3.738525701585362,Male,1,0.9677062294578859
46.0,53523.921876321736,806.2889819678177,1.738102178053735,Female,0,1.0543177862625033
32.0,44186.28663116645,635.8340802297793,11.743665594952768,Male,1,1.4169529419920024
24.0,25019.230426385006,673.7636403010745,7.907427612147366,Male,1,1.368175833873213
61.0,37241.51915744849,658.1655224772775,8.082208265463398,Female,0,0.9439649802588046
36.0,71818.07691331636,488.8301558062805,2.838334516986568,Male,0,0.6353191406002494
35.0,71510.01505595692,616.3564422387993,0.3687114548927212,Male,1,1.3674308960295898
35.0,36700.41246193103,809.9704201048103,5.745487199923832,Male,1,1.2396927077382118
37.0,60091.35180799133,575.0224124968189,2.3453290174803367,Male,1,1.243495635372124
34.0,32321.408228447395,861.4543462301301,10.21768207394264,Male,1,2.4362929862117566
29.0,71064.74422992428,767.2126309589382,7.578336368527467,Female,1,0.669808382920261
30.0,53678.53771841354,690.1498150546208,0.7851883775659173,Female,0,0.22378066581943473
35.0,64244.622479248006,706.0843285976421,4.60294641885538,Female,0,1.08741622863382
30.0,24273.599792261917,558.2793303664974,5.891751510145111,Female,1,0.36275916674678554
28.0,60164.55652887332,623.4771247775298,4.198241066382982,Female,1,0.009655489762069591
36.0,49884.889044732445,794.139911032176,3.6081672052995457,Male,1,1.8384900988626607
32.0,62778.93606186264,588.5470660826467,1.2929669035127551,Female,1,0.1892811318097694
50.0,63723.01697146775,756.1131756948799,1.3453278293137971,Male,1,1.3139207762880896
8.0,50986.77034212124,512.2959810562942,7.305264941434979,Male,0,1.773641333323801
46.0,40987.55541356128,530.1841587524989,0.09433323368752784,Female,0,0.5746097465758452
47.0,61695.44273269241,840.1384665586315,7.545928520825935,Female,1,0.975758810389072
14.0,49097.682508923084,648.8162853759676,3.7411723842291913,Male,1,1.703689126444944
32.0,36908.22569708536,596.1500113005659,13.761786023657542,Male,1,1.1996365477790683
31.0,36197.71652813471,786.2740826998962,29.612580799175184,Male,1,1.2782065240662412
21.0,27842.533755314274,774.5821554963504,5.44555631015455,Female,1,0.32570492848036225
27.0,42345.63260655405,742.0754565257239,2.657329161248067,Female,1,0.6538112764218597
24.0,66540.38069111567,593.0102080587894,3.222603325669711,Female,0,0.48263716611682206
53.0,52667.446995581515,621.3082424062325,1.1421338375995502,Female,0,1.3358412408909994
44.0,42053.48441115439,681.162882372473,0.5225506311043181,Male,0,1.2468511423092616
48.0,62072.839072701194,719.4399342147237,4.322802960050281,Male,1,1.7858315199506378
42.0,37512.85067414917,599.1516425981463,8.186489564923406,Female,0,0.8234762128182043
24.0,51430.25411499168,667.0737110620696,1.5174756638799336,Male,1,1.2583891224171961
30.0,47305.54440911727,676.7391300797406,2.7206437575386895,Male,1,1.6389777417463032
40.0,61686.959383825284,778.6769756375254,4.045862504507963,Female,1,0.4353186271755377
23.0,26341.574436207487,725.4465828935118,11.924283328759524,Female,0,0.292564874609903
42.0,37247.033812780166,499.3198355164709,0.7461627961948097,Male,0,1.7472181319790323
33.0,25426.315113581997,628.6369691514615,1.3517206924425686,Female,1,0.053503032818721374
31.0,46106.04917286095,557.1216630016584,12.537629850500426,Male,0,1.6234442209460145
42.0,68171.41255448645,706.8087420611673,0.20169177181241835,Male,1,1.3271963910543303
39.0,42418.291855197094,742.3153350505045,5.337249118205769,Male,1,1.552692480408495
31.0,42339.74092706524,660.1555985610245,5.1016756147139475,Female,0,-0.17326121247394444
47.0,63075.86636276205,623.187296937215,2.4164935615074574,Male,0,1.390008449765493
24.0,66028.2433768295,656.9169793035983,3.1571069228295867,Female,0,0.574287946177112
41.0,48671.43399096815,670.8919273477754,9.652279223685799,Male,1,1.7342671413147024
41.0,60270.72281074838,585.9900348283093,0.90151036670087,Male,1,2.0971428246961805
32.0,33845.681886830804,528.1288899230634,1.3170126251805532,Male,0,1.5418835719697652
38.0,70669.6150088812,444.9860957444647,3.590790936420627,Male,0,1.3160884140097067
22.0,82230.59440905578,776.7182131738884,2.636006743526249,Male,1,1.5624276550309677
44.0,57818.23686783087,699.6366243634966,4.270953613064813,Male,1,1.843807983110819
33.0,18735.025679857994,686.2511011344172,12.681369382571601,Female,1,0.5908359767561153
30.0,41626.54606403323,776.519888795295,12.450722782780572,Female,0,0.5729720300665971
45.0,59192.37982503982,524.4531990307584,1.3069429111486686,Male,0,1.6335539980095797
28.0,43677.755042504556,476.4369124144981,1.7987168970836376,Male,0,1.7025902776903736
21.0,69082.97831375146,688.423191651909,0.884095702235919,Male,1,1.5354856798996879
19.0,58822.35896653798,679.327137544343,13.140909413747558,Male,1,1.2131891216371766
41.0,39402.86748851305,476.86931903272466,2.5363608089696976,Female,0,0.5574628942840368
22.0,50483.97216156879,685.9521062140473,2.9865052209725222,Male,1,1.4031235503034085
53.0,36592.50169041365,609.9777047600433,8.11364881438392,Female,1,0.7897876326465356
14.0,47261.22682381337,569.2911940262418,3.597183433838002,Female,1,1.0437130706137523
52.0,41681.10139351172,616.6576291717587,0.6377777449710809,Male,1,1.653311305873384
37.0,67621.42700349557,405.847142908153,2.8799213251822025,Female,0,1.1545502345762928
34.0,81740.18085246492,590.8625776608062,4.97834805238633,Male,1,1.6234003865678779
30.0,28532.17500146372,579.5705430515795,6.35072485580655,Male,1,1.8509537750099285
39.0,21151.755706853717,705.7102446936141,5.183145578025538,Female,1,0.518019441493538
35.0,46322.41367222922,634.1769863489114,0.6345140187504233,Female,1,0.9493442041049509
46.0,27223.76451756976,713.8868873678881,1.8145037431037006,Male,1,1.6870810473011506
36.0,50693.174055063755,395.0460655263319,6.613118175097977,Female,0,0.4565123357288161
37.0,61234.0417070889,566.0901777428952,10.609248731835786,Female,0,0.1619244907586998
31.0,72412.12845900237,705.5997051571444,0.24168001565771688,Female,0,0.42713098338000666
34.0,53020.918380729214,619.1135369426845,0.21573341043334837,Male,1,1.8078357462450603
38.0,47102.67162725631,734.5460532974367,5.155766375446741,Female,1,0.7673343480818022
18.0,20324.226251403736,469.5397090610777,3.9708760767214852,Female,1,0.2964672064460704
22.0,50392.77723778698,723.1110839689475,0.8440998768039571,Male,1,1.7592775513335437
42.0,51069.308908241925,586.086078221496,3.9735919978067535,Male,1,1.763443815207684
37.0,59584.35221319118,576.3802915617325,18.342903083252107,Male,0,1.3093566639344993
33.0,39372.67847706363,749.1047046927451,4.983441330326841,Male,1,1.1364501516061525
35.0,43474.210996462105,766.1901129956506,2.9813834211388257,Male,1,1.5369730727005044
38.0,27829.966170437237,753.4699696087282,8.78773198064874,Female,1,0.6455594561713207
30.0,15630.60789673902,853.8641925048266,1.1965074887134723,Female,1,0.2614052676821396
27.0,33372.54363804825,776.6803608443334,2.6749634690367645,Male,1,1.7657487238107308
37.0,26445.11278620475,570.4563416267702,3.7514232981511695,Female,0,0.1078846713836023
25.0,55050.68443130917,664.1638128135651,3.511342185663598,Female,1,0.8621509999867274
39.0,42227.98914999714,613.9802091515065,12.689794981129642,Male,1,1.201410429191446
18.0,41926.443048878165,852.9089859949065,1.7312764255682747,Male,1,1.28229611673052
45.0,35233.804307371815,760.486995469871,0.2908142886045768,Male,1,1.320997605117713
40.0,1511.5185123134943,631.1119863286544,12.407195613897423,Male,1,1.463951750967088
38.0,72624.66123121325,737.7909797753002,1.2235449715438727,Male,0,1.3456297991085424
45.0,34995.942158348174,526.7801533686895,2.382346223623271,Male,0,1.42657169206611
52.0,43813.6989522514,675.0261737645473,3.784607297218006,Female,0,0.8171395221498887
45.0,28176.61752066034,556.2077507396916,18.623667079729238,Male,0,1.3070771374284653
17.0,64578.95515160951,481.1407799372593,3.83147666958981,Male,1,1.5965983179185452
22.0,52151.43405555987,728.4536237529834,2.9687115821333383,Female,1,0.4050625249638712
29.0,37604.52072101197,740.8591095187552,4.381006782480656,Female,0,0.8218684151666134
35.0,44116.55582983964,695.7212636211987,17.66933028989078,Female,1,0.226839093549774
40.0,75172.69883187304,631.7032959433499,8.517221178946116,Male,0,1.592004123500767
28.0,48905.45852178083,523.3641345153591,0.925435705367462,Female,1,0.713477588521046
37.0,47273.99693576141,533.8653129282752,8.12936147326697,Male,1,1.455807303553625
27.0,35879.277707911024,553.0720020261202,9.197371442762782,Female,0,0.6403469727594104
29.0,21581.282742915457,626.6326708275076,5.8671226846977635,Male,1,1.179045684045739
21.0,47599.41989630983,757.6178733604916,5.35352851263839,Male,1,1.2364258393093475
26.0,54882.27668486926,756.0404211078653,2.9069289788474735,Female,1,0.0777941555046609
21.0,66493.76696491505,485.1432400387123,5.131858902007378,Male,0,1.1874845324952161
25.0,16272.551982505167,580.6766663283053,6.688949229716625,Male,1,1.8836441422027617
46.0,33123.55509465457,577.9838980428161,0.6552167266242581,Male,0,1.6294121323551949
26.0,41288.88364165324,396.84168714987544,1.4875171233503872,Male,1,1.7825436932152916
61.0,49947.787271401976,706.6120946949908,1.0788656422130716,Male,1,1.092501119981712
40.0,47824.49462707366,625.3840175681478,9.200921363288707,Female,0,-0.012651631500820937
37.0,48174.66971469096,638.6857463369024,5.6972119087896615,Male,1,1.6257544460000242
26.0,56121.44087854917,784.5871058375639,2.9962676503001013,Male,1,1.995812816588777
42.0,36450.60333831336,658.8309013284357,8.745102181072147,Female,1,0.5968803645064331
29.0,64012.12163350542,606.9269535033982,6.3076801473813,Female,0,0.7564871188910719
36.0,56501.78662549221,707.2077621004943,12.243437658353614,Female,1,0.4163427887466658
61.0,45202.51603807881,755.8871846575562,0.3995848067633925,Male,1,1.2978750775446002
34.0,74013.61987833373,679.6467566049225,3.5581586761986657,Male,0,2.0117437804481337
46.0,73346.2405335765,718.9189598698149,6.133613212720148,Male,1,1.6626041647092364
28.0,63993.43032790713,635.4432350257116,1.1627708808798942,Female,0,0.5691808283856894
35.0,4721.648441483114,641.8142253640337,1.9809876650470948,Male,1,1.4151666030231778
53.0,73684.17639076963,661.3020710298829,2.7148182372017597,Female,1,0.42362906017414614
29.0,61921.37783707901,574.6879049567339,7.907305159938824,Female,1,0.44735179866350305
53.0,80096.12956569405,593.1938385630399,3.4019070646195533,Male,0,1.5125916250622433
42.0,68561.96887600308,787.7879641818473,3.394939813869841,Male,1,1.3539048346088653
29.0,73675.14016245928,850.7956095862321,2.818386787097502,Male,1,1.6898268981619777
41.0,63179.82275270569,809.219791403818,1.297670446397031,Male,1,1.2307116664906788
45.0,70230.39797968269,517.6742643231453,12.824396614399781,Female,0,0.6282976303946893
41.0,79911.85611101659,508.01424654150276,1.9121702585440703,Male,0,1.6628937559744426
19.0,53248.321075673084,530.9290568054839,4.190467793490847,Male,1,1.5479176925368157
28.0,26416.541838828056,663.438744187948,0.8054217686298029,Male,1,1.8761100924461687
33.0,45388.086499772864,369.12754076423363,2.8479565732053476,Male,0,0.9345785625949818
34.0,55849.18399075155,591.1198433380499,11.706812362970176,Male,0,1.6331644167410597
41.0,51123.313765573366,790.7099289161113,26.979913950464763,Male,1,1.4865759704336245
37.0,31301.5705076086,748.2438830728908,2.245140659826948,Male,1,1.4777786793104148
22.0,25533.985622075317,599.0905349426492,0.8361237243450271,Female,0,0.33373538977835926
39.0,38882.55997047756,606.6644558829362,1.887680350986674,Female,0,0.7943962897888965
41.0,62116.093339762265,706.7241706806905,1.9818462684094562,Female,0,-0.058951244699754324
41.0,73705.09656234454,743.5268755244199,5.171273839145614,Female,1,1.0137718910389568
46.0,63748.51420666552,596.686273226024,3.427450102839946,Male,0,2.039585589419661
43.0,65861.40930671204,626.5633978280563,7.31500730304726,Female,0,0.6001140299770042
40.0,48787.76640254664,593.3990271479977,6.041632748973438,Male,0,1.035559000553318
34.0,23868.76313441054,516.8650558624786,1.4471428095534038,Male,0,1.453619221741127
18.0,43171.69128675942,628.0256251978186,7.668306609769892,Male,0,1.575218901590739
39.0,46118.533821914316,620.4072459791237,9.401703305875579,Male,1,1.7886108785033583
37.0,42544.21269746477,523.9355884011344,4.561371414997959,Female,1,0.2060377257503086
38.0,50820.42298061939,714.6080937637729,13.132423138942244,Male,0,1.1912727177327174
22.0,56621.29639839426,698.3320678625889,7.638094441369691,Male,1,1.3377012973102518
24.0,62795.227823652465,719.5719700845076,4.52423118911076,Male,1,1.9112517399358648
46.0,45828.20203450499,573.1929644535631,11.831139933339232,Female,0,0.5522427900409264
35.0,21443.608915331097,451.6424321885353,4.585936671516791,Male,0,1.1770459425850217
42.0,42756.83421063298,696.733112964565,3.6822688721426915,Male,1,1.6313337916802542
35.0,50655.65595487976,583.5887285370286,2.202288915332663,Female,0,0.499835682003386
35.0,68342.11883200113,560.9331866754299,10.722069556609972,Male,0,0.996886356160867
44.0,41482.88236723842,524.2946925356557,0.6546862067198165,Female,0,0.7118262268855958
30.0,57688.15442599103,622.4677471912846,3.207545513151195,Female,0,1.0139439060409772
36.0,54351.318494531486,807.7327297050473,3.8546067452228905,Male,1,1.9409481572346012
30.0,50658.50799685083,599.4550478644485,4.045586753412451,Female,0,0.47217165102614694
31.0,63957.999789868874,541.0196955833067,5.276181351214242,Female,0,0.6669998447946391
32.0,40087.38204871129,715.1933401030028,3.52403065632862,Male,1,1.114225216990108
37.0,41372.20325534725,667.2812279771284,1.4840725501298277,Male,1,1.9116080178118966
30.0,49821.48765358658,438.0698632311793,9.72260943057445,Female,0,0.2919419058311864
48.0,40397.802423594505,716.2346319753286,5.357787869495194,Male,1,1.162251813026524
26.0,57620.184365819,862.84677685016,9.766258642965012,Male,1,1.6480490185355205
33.0,39302.11543450801,389.94640725709763,1.6151197940780264,Female,0,0.524856884518106
31.0,53394.563116177014,526.4293975977876,5.067545961355117,Male,1,0.7516602044062323
49.0,48497.40846819865,365.14729113483935,6.261855765162277,Female,0,0.9959823914966118
37.0,53223.88947165059,642.4695579259165,2.4177156631696723,Male,1,1.593233159326053
45.0,43103.879074054414,749.0386236611353,8.363063305178976,Female,1,0.4326755460803243
20.0,44913.675582097596,660.5500749796279,0.012559635455967926,Male,1,1.5791269216631725
38.0,51440.13901995575,789.1995698112669,4.518350419425193,Male,1,0.7651717575616191
44.0,53031.11759241969,733.0550290330134,4.754002907525884,Male,1,1.0162738003668843
36.0,49936.97126913266,820.2147323502177,3.8161649565656717,Male,1,1.6877283829007441
46.0,75580.43534769626,766.0210768107095,4.971916638296753,Male,1,1.7204333072354774
30.0,35138.94621888074,609.7056931390496,0.9149700563435882,Male,0,1.4417347908812923
49.0,49036.9430757093,656.672645623484,5.772445860485915,Female,1,0.37517064380884385
58.0,26395.56466824523,563.1323084519026,2.0457767647440352,Male,1,1.7381635551765946
31.0,55581.222180010795,626.9343831131952,3.007890336186738,Male,0,1.831461943710132
31.0,33271.301954347786,656.183167201812,2.025646052612392,Male,1,1.708188512823176
50.0,45825.346161851354,641.5092676464647,3.2116639373817146,Female,0,0.6122033152132842
51.0,44419.03512003011,784.225352630361,4.858610599125283,Female,1,-0.13290872785293317
30.0,54213.36689901757,616.9831937493169,9.111406926246609,Female,0,0.459485870828924
31.0,41708.1362368223,556.7913586442643,3.3027713143838278,Male,0,1.3195285513343942
32.0,41070.414534590265,563.0388965096813,1.9520733878998908,Male,1,1.30779869599317
22.0,71537.84696128847,715.5100271622531,3.346585713307099,Male,1,1.5063224828030064
26.0,54268.501857117895,509.68615919110005,5.836656303763636,Female,0,0.20252585899539066
25.0,41584.23721966598,629.8813829849082,2.1285996711064343,Male,0,0.8938090682577041
27.0,46237.49492283154,782.7500245455421,2.6745848073874487,Female,0,0.2598918619982081
35.0,74680.32428406118,679.259844574083,4.1372779979135075,Male,0,1.3617355312826593
37.0,46472.526826233545,642.5394610881245,1.74076581571734,Male,1,1.810911540136182
51.0,39660.85065271419,646.408959636157,1.1728217272181627,Male,1,1.2399880541554107
25.0,39725.05774810411,547.0435407772827,0.756395689134831,Male,0,1.4007053439197696
45.0,41763.10278515634,564.2865289565459,2.17403178972867,Male,0,1.7428908280130724
33.0,41082.534163599164,630.4818327085422,0.24775252457584768,Male,0,1.5118802330897354
35.0,30805.282274761354,677.1273030109293,4.379134327884805,Male,1,1.959936372801613
42.0,33136.99854579533,744.8150011802111,0.9673738119998516,Female,1,0.5990166884102285
24.0,37560.19438457945,659.2560617171434,2.3692132830920847,Male,1,2.064892434264345
39.0,58873.565276796464,785.2774175754248,1.5682333736128662,Male,1,2.118804575309384
37.0,44281.4406909069,810.5198015209526,4.976533961196694,Male,1,1.6374132828646493
40.0,46892.574663589396,729.5267212482204,9.497135269516534,Male,1,1.6254825337754353
38.0,69051.32037882345,772.4981408055885,5.016070240820005,Male,1,1.6677077589656315
60.0,69425.10724907627,550.9286478611906,3.9099458369059468,Male,0,1.7449782777322065
29.0,45768.125852933976,535.0801065311938,5.529449622502531,Male,0,1.5371139284670137
30.0,40537.04733974887,701.7973376290165,0.15224777868839193,Male,1,1.8506216313679733
29.0,37033.54529489693,515.8790188132953,0.6553558841201554,Female,0,0.7479337240106825
29.0,60391.636545623565,620.9628155984067,0.4986996813617894,Male,1,1.91583178661701
29.0,46929.391497165685,727.1191905329739,0.5167968505891941,Male,1,1.0641690327485076
47.0,44202.576645158144,791.3372924685207,1.5087948785164684,Male,1,1.5648787793810284
49.0,37795.031372936704,624.5784349711935,3.7969932839262466,Male,0,1.804634039225082
29.0,38455.003864829174,585.005570469231,0.6090395027903148,Male,1,1.1575423408321859
27.0,54800.87287239867,682.0461621511582,13.675789680205053,Male,1,1.6291704405379202
40.0,30268.42601169107,542.6456556476111,9.62954564142224,Male,0,1.682588019112174
29.0,64923.030406819074,632.6721351706573,17.814645546537605,Female,0,0.6530415317030484
41.0,41992.33034277622,649.1999951723718,0.21714802508572256,Male,1,1.3981330836017636
37.0,47755.46083622311,647.2016007329205,9.532568072303476,Female,1,0.5482580732699632
20.0,29945.330627891686,658.8503473817882,8.14142390682224,Female,0,0.6183346182906146
50.0,49814.510926364535,566.5485144427859,11.619343176243891,Female,0,0.48079999188848355
53.0,45075.1858596416,577.3007007381583,3.753290057679096,Female,0,0.20812095963108307
29.0,49248.791017153,575.288373896738,7.7532294505004,Male,0,1.491237597463388
31.0,72075.63347542836,487.9905660804943,0.2632441126761051,Male,0,1.287230116960546
38.0,52665.470686853594,684.1830321846106,0.3945547681157288,Female,0,0.14782808249501805
38.0,38080.11223781294,739.4657451692005,0.6308342645594645,Male,1,1.3443231485627114
42.0,39330.201341801476,729.6310082853536,12.313115706133244,Female,1,0.4814745568605915
55.0,58926.967788706526,623.7503139539245,0.31560083412726697,Male,1,1.3383338154203646
33.0,69480.39936490136,568.8994760536112,0.5276333511876196,Male,1,1.3500136525073239
27.0,54228.77031126575,724.4314642362689,13.325700929401986,Male,1,1.1439658048889925
21.0,60330.691168321544,713.8923022374552,0.568042080400798,Male,1,1.520767936944494
28.0,59146.065850050574,671.7420642436296,10.191739791270289,Male,1,1.2064175346103991
35.0,71285.96620036282,824.4311252423273,7.78590662728865,Female,1,0.7727576487153884
53.0,20756.147409109508,647.3574478632937,0.20557887862027363,Male,1,1.4064028369160493
30.0,60008.284089567926,624.3110016075111,0.11044792609740382,Male,1,1.6225741089906591
37.0,64756.04065855346,610.0182668925399,3.8220171668892307,Male,0,1.6231967774871956
35.0,29919.1444079664,493.9122293519193,29.34694925443985,Male,1,0.9490813337214669
47.0,36714.97723990376,716.1339964142293,10.552810410076805,Male,1,1.4200507706522627
60.0,37238.2587705777,639.4514632842223,1.8555027101428023,Male,1,2.015530063192175
30.0,39068.14705433925,700.9931241356795,2.441320581639806,Male,1,1.2672371147563288
30.0,42774.24423596711,834.187800209124,2.4543470367354434,Female,1,0.1458969681903166
45.0,53639.04219582412,610.9248230095383,6.6246571824982095,Female,0,0.4488268358237139
42.0,62985.11976751055,416.19912832084486,2.0861660519535405,Female,0,0.7209720947345821
53.0,66219.75436652804,698.1070369510772,0.7996529482082833,Male,1,1.5718092232441105
41.0,37432.65408248327,666.6859389892676,6.8739521012655285,Male,1,1.8138185904522879
31.0,37329.45501945526,576.754612402868,3.062590469540279,Female,0,0.2996144224359252
41.0,69737.32760024334,689.7266335621498,0.39943168613518937,Female,1,0.6673698614333787
46.0,59701.15903127967,728.6096320104375,7.80448338413027,Male,1,1.3709018874176733
43.0,51242.97262803494,555.3390089788453,4.40113536891192,Male,1,1.0725553195109854
40.0,57100.050133324505,619.8668138596618,3.360543500624578,Male,1,1.7441260275016885
46.0,49552.94327222839,797.6753729848928,5.59422549975415,Male,1,1.519706902248447
47.0,57868.77024571422,577.8377808770636,3.5197029299888962,Female,0,0.6155698339918103
49.0,44958.999552413894,656.6669755413785,5.226592092672963,Male,1,1.325863067020248
41.0,54032.07401658846,387.55888339561153,10.10543093609704,Male,0,1.4794873934891446
33.0,27341.809244457556,501.8154498918705,4.753302932887128,Female,1,1.033494828501623
36.0,39683.235577618536,665.75174973328,5.388176724203059,Male,1,1.5145745759511664
47.0,39844.832348144846,772.7987809585601,4.757725509351013,Female,1,0.7505016021928326
27.0,44384.14950189629,513.7970317999,3.787679526009689,Female,0,0.32039413777791864
39.0,36102.30117830378,657.4564062060497,0.9435440253702296,Male,1,1.1514367060726216
31.0,41996.84561265377,612.4282090946283,2.0449388537167605,Male,1,1.560106631362771
35.0,27283.78906402819,745.3088054992494,5.906312684682755,Male,1,1.2066488925286025
48.0,58230.507145923504,528.2196694677415,2.771067964155243,Male,0,1.332298527604183
37.0,48762.29721632908,693.0077648367485,2.6054658748921975,Female,0,0.27854138355152736
35.0,24421.885883359748,584.6309313003743,7.1203816587143365,Female,0,0.14697584213890008
21.0,37477.5513417999,672.3038024826475,0.027922122685277145,Female,1,0.5743405047883852
42.0,55049.02141343251,656.8931052308473,5.681484802512871,Female,0,0.7368751885612133
41.0,41854.67080421315,624.8220925857382,3.3591452805594995,Male,1,1.6537411555971089
57.0,39545.87809792855,697.7811846269384,2.3641387164931476,Female,1,0.5354526175723227
32.0,48881.109844878854,654.3652734302962,2.0816441125154777,Female,0,0.39432072719013733
37.0,55153.96302767324,636.7193697923306,0.9490002274482547,Male,1,0.6870374154513232
37.0,28454.71314441259,614.3583465977257,2.034220913587386,Female,1,0.7614344633753862
51.0,58251.92721826819,657.7598389745337,2.483121968939656,Male,1,1.1819542655951365
34.0,37995.600775889354,672.2043548146072,2.876366695575638,Female,0,0.3379704587824893
38.0,49731.08047625302,551.0857919919379,5.57829336124723,Female,0,0.6233474754597099
41.0,49468.69788962736,615.0528762082623,3.0217546650436873,Male,1,1.317452551802429
37.0,42094.008226403384,544.4814055368827,7.95514952661203,Male,0,1.4896511100227954
31.0,34645.10380803928,646.0154577219214,5.104618635895158,Male,1,1.4151065347953937
37.0,45714.70177861604,590.7667795145971,1.051118611354752,Male,1,1.3852192834462644
46.0,74379.95463612792,727.0783147981256,1.6229280262536114,Male,0,1.0355974738997615
25.0,29574.874543045535,717.2726977756689,0.4128292003741134,Male,1,1.5725137127002775
36.0,75384.69528657313,557.725143643563,14.568158877381322,Male,0,2.152759950835686
28.0,46104.18243385202,649.7692654601525,10.881986547696691,Male,1,1.5828885050070334
47.0,50530.57125632959,713.8516579248363,0.44304267038179845,Male,1,2.1807132211707403
20.0,33699.33782922909,632.4691679835971,4.2674719479586365,Male,1,1.3295055028816687
29.0,38430.95874983779,577.1782475194456,16.144860463026532,Female,1,0.44642363280080816
39.0,42456.35524942971,540.7596471955204,6.874651683599721,Female,0,0.6669564039162906
51.0,34314.57543683132,735.4267561578363,3.384521014082971,Male,1,1.4490617350503663
34.0,46866.23063943692,740.271314828497,1.3794460052616706,Male,1,1.8494792112794223
29.0,43894.76162289843,629.2052401125951,1.6358378238435063,Female,1,0.8124855563406157
54.0,77761.717136536,726.6137584526678,6.663539628711045,Male,1,1.3635908602376008
21.0,32510.387214793085,353.4789470114659,7.583730178884523,Female,0,0.12607747776856287
13.0,51540.35775122881,782.7554650709236,3.7612314041155392,Male,1,1.3510080451834685
39.0,53717.69422852737,634.3055194722821,0.6445601147529321,Male,1,1.7785754710303396
30.0,33945.19177022244,664.177656079949,13.580540920092938,Female,1,-0.14652439249361449
25.0,60302.412431792574,617.9482276334031,9.314002938638154,Female,1,0.5970755213559922
42.0,44025.09480677558,789.5707481867505,0.7572478665045288,Female,1,0.5802064233459012
37.0,12614.155226253992,543.9268376044466,0.29200077691551923,Female,1,1.3182043066374374
29.0,59897.74418156847,797.4460326606836,3.8379280046023667,Male,1,0.8621016776018341
22.0,33245.88673846454,689.6270920945111,1.671371593174462,Male,1,1.637991767634708
44.0,34283.375807913515,712.2664215918157,1.6651388439891863,Male,1,1.3151708448818435
42.0,60318.53124338597,617.0795436671084,0.4563106811251768,Male,0,1.0869587695622158
34.0,44792.57776372325,519.178080210363,15.329254099524787,Female,0,0.5126806344749005
53.0,63766.58225827251,743.0510765536102,8.864682480530195,Male,1,1.5962941576898988
24.0,68152.49143047979,681.1408351189331,0.6042582745833049,Male,1,1.794420523528355
20.0,40326.07309516553,786.1623458308818,10.461570904692971,Male,1,1.42164061895225
28.0,61898.93743932546,630.6223679784301,5.7435744499520505,Male,0,1.7576267238428742
35.0,38668.08797910677,608.0768621101086,1.9684816519375383,Male,1,1.5063625312883482
37.0,83496.73875698264,788.8088236640302,10.249435227922543,Male,1,1.603578663475472
33.0,39605.64493203178,841.1894164497444,4.556791926868956,Male,1,1.6283255444241822
39.0,65391.31161440006,650.934717636573,9.441456838168346,Female,1,0.27279219019685186
22.0,62656.85038822363,574.7242503142894,3.1674897548288286,Male,1,1.6131250660221534
49.0,54741.31733163401,731.0530762789549,3.472250546633795,Male,1,1.5311715431858526
34.0,39941.85257874975,624.5979433829326,1.7195694920236306,Female,0,0.13192740043809592
46.0,47729.037620878866,709.9262825400798,2.4526049257666616,Female,1,0.7280152020626843
38.0,17696.17830583172,624.0724025621247,4.193779706543354,Male,1,2.2648743469294255
40.0,53366.30057573375,806.4014018211813,14.6929070934158,Male,1,0.9241681714763961
41.0,55244.22996542578,580.05104949493,4.582925875693279,Female,1,0.7319103773958167
39.0,52002.49128592057,698.052966252196,0.7971959824464296,Male,1,1.743554412381184
41.0,5400.407430611638,601.1298029767876,0.03510386765467773,Male,1,1.1261761371644625
48.0,31015.453323652837,621.8493438579231,9.51863734852505,Male,0,1.6113143911432999
37.0,38778.63525727006,608.7944345239423,2.2653425927507125,Female,0,0.7008976270453801
42.0,54374.88399783569,723.8608066093416,1.8914335940126907,Female,1,-0.08765726775057214
34.0,54340.083584644766,741.836311493387,8.065501126171032,Female,0,0.6180374079054887
49.0,47446.64312043231,705.7738828932371,14.535338735414545,Male,0,2.0350252856564497
28.0,59528.68304905935,639.201653325473,6.892525647553715,Male,1,1.0227986266240807
53.0,34606.364370456504,664.0180031001593,0.9548783567361154,Female,0,0.5097835024739406
35.0,59153.52508540994,739.7721568459425,2.482791880108038,Male,0,1.450450504551616
21.0,57121.131572598366,742.9311587207605,7.123067294894726,Male,1,1.5012744455419744
36.0,55663.32099256866,380.9724368646465,11.871792060507794,Male,0,1.3760944564153876
28.0,47269.39353371516,622.7777828227304,32.8566436086645,Male,1,1.524688451166019
43.0,77461.15737246892,627.5741208560514,3.5827024861711365,Female,0,0.6139697539141616
28.0,57397.93532734818,716.9252564126161,8.644622507437058,Male,1,1.7130727615071586
31.0,35474.96205119662,643.3229182289255,0.23876963082891817,Male,1,1.7533607294980351
16.0,53724.58213603976,721.9183380949287,1.6831344911882966,Male,1,1.6318561498991153
30.0,61287.250656113276,542.1339228969448,2.322202885550032,Female,0,0.7405262169161009
11.0,41178.37101613536,676.005451546078,18.550279560924384,Female,0,0.17329886571880332
19.0,66339.08370396649,740.0205653450495,0.01699709850128586,Female,1,0.47783743309967786
43.0,55730.50558574016,502.5617130681852,1.840996458392659,Male,0,1.8341975868429132
43.0,14862.824935019795,901.3643468208903,13.325834355102383,Female,1,0.023900006613506997
39.0,54495.07966006889,769.088593286652,1.8313054012685677,Male,1,1.1048466860390398
25.0,43909.56268380927,650.1353302465642,1.2748920138901487,Male,1,1.9475770245301016
35.0,58057.69721812604,567.1591892761232,6.548305969309003,Male,1,1.0506379933357612
35.0,64163.22260377721,632.4914849726295,6.839108049366665,Male,0,1.4691783414630557
23.0,52927.43070712727,658.3802359611341,3.1949797549634598,Female,0,0.21455614402431478
50.0,74978.78350917043,694.0662556812048,14.67953702107621,Female,0,0.7781423441245554
44.0,47319.39673154756,800.0660849460031,1.1326656945418534,Female,0,-0.10106670491300329
33.0,59372.267345808126,602.3901530557154,12.233191602710747,Female,0,0.37904731803256414
35.0,62074.13860456021,706.2709837572561,7.042865017180508,Male,0,1.5167062064225851
37.0,48539.81046660901,520.7570837399887,2.2959779621646574,Male,0,2.098567655236942
15.0,61681.61461966673,608.6399285674732,8.222958645971538,Female,0,0.9125955538355507
33.0,41079.90519256747,687.6716847869359,0.7147476009171907,Female,1,-0.27648962636179153
28.0,43661.47371468172,719.1262491008805,0.7019600399851654,Female,1,0.5931067970431545
25.0,30312.669644955313,574.676752333538,13.291816713088444,Male,1,1.945145683101816
32.0,53621.136745550706,605.9208303988086,0.4978891596051357,Female,0,0.4817035122600362
53.0,54878.77513781516,796.0556635583546,0.020439755737316764,Female,1,0.587413471551911
41.0,67688.94737868843,766.1908619628045,2.463541127250412,Male,1,1.3847656798154668
29.0,61867.10006533825,670.8457217052367,0.5482427832947204,Female,0,0.547499512391365
41.0,45728.0666502885,426.33548467792843,9.940203813417538,Male,1,1.2710222688456745
49.0,32327.304689985845,901.1132547690008,12.799887064231928,Male,1,1.5873595207535973
44.0,56492.75603779961,648.0068438342755,3.2930173643315586,Female,0,0.9792782762821933
36.0,66661.29758621963,618.7432941978673,2.771028160122822,Female,1,0.14989084244419654
29.0,61327.77460705915,597.7640074145885,3.8722121953002615,Male,1,1.8936416648883525
42.0,66267.1628728593,687.6367037199109,1.2821744515009228,Female,0,0.28360170516927274
39.0,46821.65703202636,688.658258917093,1.7688662284169319,Male,1,2.112581019451316
44.0,43000.71547736532,745.0627873126513,0.5322342524406272,Male,1,1.7928825147135814
41.0,38946.47971652301,557.3937835650987,2.9570168063565774,Male,0,1.5393717274449634
45.0,49161.55300079607,618.7505121858738,4.729777338753207,Female,1,0.6149110365676267
30.0,48821.13806046771,853.0545723224202,13.31230680651104,Female,1,0.3830669673070682
48.0,53100.16442808674,672.4590633249992,6.717576290965165,Male,1,1.1300460929368492
37.0,48060.53814446738,632.7475626673254,6.419839421489872,Female,0,0.2400802895386842
56.0,47995.58405409843,555.8382234416298,1.8408391175078904,Female,0,0.13811277579881392
28.0,38349.58920541784,700.5934305820751,10.959392851604106,Male,1,1.7758679786090885
52.0,64124.28520327236,753.1018217042445,14.683139014557332,Female,1,0.6510576833686762
37.0,51147.77093365567,737.4587645809808,13.460608913623078,Female,0,1.1073837052126119
28.0,47383.340985720766,624.1199136391083,0.19787961909240495,Male,1,1.4472856402905048
30.0,38788.56120126193,686.1252283363536,4.6361345258899895,Male,1,1.2506311357495359
32.0,30021.30334413371,817.1659436648612,5.153251221658891,Male,1,1.4056229126849589
39.0,69619.46288824016,757.0882292171469,1.7482495314020576,Female,1,0.4239758573917833
40.0,58319.580621977104,571.583725780668,24.40605682520337,Female,0,0.6359953840067973
29.0,25641.232361450493,395.399493537853,1.720820931536934,Male,1,1.5891942060843671
35.0,61447.13451064486,679.6772507084235,1.2206336968947569,Female,0,0.8952633805603549
56.0,63837.21755349664,729.8568126748432,3.309654108232643,Male,1,1.157726204001364
52.0,51865.64183451394,541.0775508126737,1.9515086257305465,Male,0,1.6640493722538408
39.0,73971.66343627639,649.1210477877222,12.887048218556853,Female,0,0.8053835717574227
35.0,53250.794631843244,623.6300934126921,2.8997776242300963,Male,1,2.106371513915394
36.0,28747.64708076215,660.4286322232199,2.6394312835519695,Male,1,1.3859896606822963
41.0,55477.53501572482,595.5303712880287,4.915654567118298,Male,1,2.1678537853016735
25.0,53673.45952569094,779.0510997627994,0.42296971352376267,Male,1,1.4516409955478728
32.0,40950.547268327675,664.7968880632762,7.067977273943024,Female,1,0.39557992107477
18.0,58603.38255316138,562.098311383525,7.313692230489633,Male,1,1.4117066059904946
39.0,24985.02100713707,741.7462153593721,3.212515914512351,Female,1,0.2361679507046472
41.0,64858.50241164184,523.5812404008295,15.583620622327519,Female,0,0.08587309417506678
30.0,36828.17444591821,778.4494377535133,4.329641293530965,Male,1,1.5291288660885851
51.0,35225.80812324451,749.1059424222564,5.941095314318346,Female,0,0.8240416377602298
23.0,48292.628415387844,788.9775295320786,12.907855794616749,Female,1,0.5077884611133475
20.0,56494.59392065453,634.1753627558384,5.488243916314664,Male,1,1.4606607466233494
37.0,52458.86095390144,600.3886020216623,2.8266379137094013,Male,0,1.4721752233313585
45.0,38860.11251341432,658.4021760933093,0.12541571930879766,Female,1,0.39075508389792357
52.0,42408.660632121675,641.5563213644468,6.515271218576766,Male,1,1.1151387748770851
30.0,33004.36478933807,584.7263714436488,16.7429314329263,Male,1,0.9513517663980606
46.0,46629.80147555195,594.6376685874358,3.17661000090881,Male,1,1.0488928254932732
35.0,66125.31821766365,613.3627152733536,2.075824782919414,Male,1,1.8723775580659965
33.0,49936.05593534186,532.9996313560138,3.66213751215225,Male,1,1.4022102075582268
44.0,62891.21382139179,717.7963289599335,6.517809398690494,Male,1,1.7353133575516406
42.0,71831.02006589287,644.7702862428994,0.0034535648467018897,Male,1,1.4224411594392954
19.0,41179.72221444549,619.1621530766353,10.911214351232639,Male,1,1.0267021722587297
50.0,47201.40120416953,538.9645839058322,10.873724433383751,Female,0,0.5008683995580222
49.0,82567.89291593742,533.9627022332535,3.8967718625148837,Female,0,0.17183258940825175
29.0,71665.15117969917,843.5914050722413,0.6527008749032328,Male,1,1.6739613809736118
39.0,24913.932112814713,587.274253713843,5.570748781106295,Male,1,1.7770511040495243
40.0,55807.224740913596,711.0528394209326,0.7416048952947941,Female,0,0.9922945538476606
38.0,50008.39988509543,666.2634469900177,3.541782809514324,Male,1,1.6422253424716937
29.0,62396.79666288143,372.4811538891898,0.49153818436393626,Female,0,0.5809054593978076
28.0,38825.31848772417,829.2450823138593,4.446605255417294,Male,1,2.377507234632274
35.0,37405.87441938992,718.4083978776116,1.9141363801923925,Male,1,1.632038398993491
47.0,39858.93927059586,573.2329845695191,8.889028824897764,Male,0,1.7343678525586503
40.0,41421.07180702351,647.1633495570404,8.045842898747392,Female,1,0.5900901193061351
31.0,62229.86250213521,535.0816632596334,32.42511873427408,Male,1,1.458247174223042
43.0,32281.9824027668,832.6220478461134,1.4886834200526868,Female,1,0.2998672223113409
7.0,40660.79150061021,559.2342291758536,0.3189664892516062,Male,1,1.8254878702786117
46.0,23164.814142478383,597.691600330534,2.9259795054934306,Male,1,1.3896814418002557
18.0,65106.7673511856,577.0438921852409,0.43543872661847005,Male,1,1.617340568306237
31.0,69065.4514914671,658.0379400209171,0.9831149732928635,Male,1,1.6403341371789617
24.0,45093.898537043206,787.0316500139313,4.547818810795945,Male,1,1.2796466423061263
22.0,45530.75952780165,828.9374449095158,4.484044350484487,Male,1,1.6331381668156562
47.0,56798.32853424346,610.1003855777703,0.22147069037633652,Male,0,0.9917031896113594
30.0,72117.23011067383,687.8258982317923,2.9250952541722848,Male,1,1.7753887241859323
38.0,56129.161213458756,658.1905412604074,3.7774399826918663,Female,1,0.26040330931817784
35.0,39536.870862873286,551.8390735555942,1.5600393867248523,Female,1,0.7165081137843903
40.0,25717.661420203392,892.2555574595945,10.28031215191482,Male,1,1.9491881581935644
36.0,33273.106060047685,786.2759562296255,0.8783107853771313,Male,1,1.2713402720011846
22.0,51098.29175468697,668.9115849711035,1.4644902938133686,Male,1,1.4325075100942757
45.0,40170.08715198809,808.1876093498988,0.8539084794640026,Male,1,1.5376284265544544
30.0,52924.51558986138,771.2106712717805,0.6195838585869811,Male,1,1.538643818362727
19.0,41706.13975645649,658.1861341081756,10.558963575912081,Male,1,1.3688109488569054
31.0,34127.80353058383,682.5963605327993,1.62767548440766,Female,1,0.4859497022695761
50.0,32344.525528203932,801.2126142376654,6.410104530914068,Female,1,0.1448082034066251
44.0,73435.31764059844,555.384641887032,2.792927242183497,Male,0,1.2500807809630363
32.0,63334.81623775465,817.369069732134,5.051269456680715,Female,1,0.6547233987829058
32.0,75957.76927741937,627.4887439314883,13.167696641183987,Male,1,1.648528352238275
32.0,58099.26351132654,802.4676742847568,9.309017334019932,Male,1,1.5609051201048685
56.0,43550.128870777415,649.477340253718,0.35740692860956946,Female,0,0.2339854549703475
39.0,69850.11383734907,683.7606222472972,9.328188478666759,Male,0,1.9570331789649578
39.0,49503.97997957348,646.5691643427541,3.005789957371898,Female,1,0.24955279419870674
45.0,53312.62655435529,596.8156377188773,2.1550356821388927,Male,0,1.6077418128553658
37.0,49357.63431386722,622.9945101855687,5.579625350586046,Female,1,0.022767054560551836
32.0,5796.436710739785,787.9111403168567,14.999492009060855,Male,1,1.555782791638558
33.0,74071.02518442279,418.58360173275315,0.49432769980271674,Female,0,0.4286620946210477
34.0,57365.0591893663,526.1034055195163,7.306749946948309,Male,0,1.3168813131469417
35.0,54947.34591302765,577.4528290641898,1.1376911612075076,Male,1,1.154732708144459
42.0,49073.35906594159,542.1655207563979,2.3912768899752432,Female,0,0.7753322278955894
36.0,52451.41730579196,800.9979610415489,10.350348623865997,Female,0,0.6327527062555802
42.0,41040.81596230628,775.7676977853205,3.946079263870352,Female,1,0.2234888748436999
34.0,59248.69028460907,709.2031809394615,0.34919819205604047,Male,1,1.6514543944954567
36.0,30393.524834013013,586.2195932522465,3.546876232493238,Male,0,1.7649990915149505
15.0,52791.0264870582,783.5051866794137,7.794719851200852,Male,1,1.3620599110791258
44.0,58423.60205856657,491.1870074004456,3.7632184396935338,Male,0,1.3753906214237681
38.0,47019.96299265645,864.1982640147936,0.912943396214211,Female,1,0.8270315963770549
45.0,55563.01688706537,581.537020282245,2.9443058854359103,Female,0,-0.31680057418886065
6.0,35129.984116486245,623.7964778158562,12.90788305900312,Female,0,0.3543020139161087
56.0,35512.59843656054,607.0656149505286,5.367705910687008,Male,1,0.9525736321039324
34.0,53550.7568153959,542.6892585901323,6.5445653102001,Male,1,2.0873093037921886
46.0,60178.244819315776,842.5113123936919,7.707413069019236,Female,1,0.2781271899979208
25.0,21877.015167474336,728.8894630784487,0.4753648727619175,Female,1,0.7926878292661204
41.0,57830.3095266615,771.5470542079787,4.3558287537089955,Female,1,0.7362169673076737
24.0,41851.97749435494,527.6330727939229,2.357345057452677,Female,0,0.3177808784003173
29.0,47107.90869038881,668.0937827004,0.7492282536392542,Female,1,0.571627034778351
54.0,29907.231146524442,702.1028689331404,1.1326812394311379,Male,1,1.5435101591696823
33.0,37225.74139719938,677.0756523549843,7.597082872485089,Female,1,0.5349079586147386
37.0,64491.87988295467,533.9626548932,0.8806385235409995,Male,1,1.7546398568560537
44.0,50492.9506097032,757.5500021130637,1.8728753347660647,Female,0,0.40221622344013913
40.0,44258.32397435662,662.1550082785154,1.6764780134740356,Female,1,0.0031744501186363183
37.0,48252.67471053448,554.5035964356997,0.24926305237989044,Male,0,1.3362246662921586
39.0,57338.17736996452,464.47494604473366,3.10095638756649,Male,0,1.7558863629574128
59.0,56607.41744245007,710.666651348988,7.260671943858502,Male,1,1.0289380297905724
34.0,48874.594994047984,895.0455734131501,0.11200843666168037,Male,1,1.548477144641233
37.0,66394.38666345003,548.4745726653719,0.5970236584237151,Male,0,1.2642133306321202
46.0,64556.939553599994,667.0447050412965,6.368163055065953,Male,1,1.6653528504247306
46.0,56200.580436955934,761.0497279091577,4.501853044463828,Male,1,1.246476493105548
47.0,50819.176743651056,523.0347733898699,6.280676487904219,Male,0,1.3921265300323564
41.0,59859.816426793084,602.0043230914976,1.3074988979126454,Male,0,1.412872690973661
24.0,54714.01132701775,563.9841220738598,8.142308189848976,Male,1,1.5739038028063856
51.0,65912.00107708921,748.4676694824547,3.2683926840880084,Male,1,1.7874965924460062
24.0,63493.420651074615,782.5522569354059,4.711915662721081,Female,1,0.7573280727622111
38.0,34726.19147873407,665.9036264731735,0.483399381657027,Female,0,0.4606474214686625
27.0,33710.55243887441,565.8265931005899,1.147264463067968,Female,1,0.9816504595247932
34.0,39481.25683393885,605.7209062072152,7.4219153828352145,Male,1,2.273883940578939
38.0,64642.08035100382,586.9501485753246,1.2674238880009154,Female,1,0.9656142827526284
38.0,26355.365048431315,552.2731138376994,0.4854729058776494,Male,1,1.5821133638777078
39.0,55921.3608366199,639.7961799181535,4.5466163338052485,Male,1,1.5726790861880913
51.0,55438.14636639442,707.4826484461862,3.9696632902130107,Male,1,1.6061456882714389
40.0,67439.7208802929,699.025744442852,4.6811144323301495,Male,0,1.2458819087843835
33.0,52705.08035995831,649.1767635430489,4.815673595141726,Male,1,1.63157184185037
45.0,29851.85914124149,655.7053836825364,3.4677097510011725,Female,0,0.5786074642498025
47.0,35609.67559027816,641.8449204910221,3.4038595609185758,Female,0,0.1013401800060702
23.0,32270.06717153263,520.2788460833726,12.896014028546345,Female,1,0.26070696607494204
41.0,41930.840505002896,666.0134896982872,3.8165793389483578,Female,0,0.5249964594408268
42.0,47256.4764886411,591.6374414545351,4.8025220773031245,Female,0,0.31606040674458
32.0,32518.377106684147,515.2656780840562,1.5528391036069022,Male,0,1.8423403725630743
49.0,72059.92985978434,687.0705567115584,10.243328112892748,Female,1,0.21003863402870998
33.0,30120.779420713385,588.8269963581455,0.12334953911884461,Female,1,0.45940539768344685
36.0,70191.5513579372,672.7753921258836,4.073487593838406,Male,0,1.2357139432671378
33.0,67777.44547159011,734.7637815069427,2.4213265884958215,Female,1,0.25200640378567474
35.0,63474.53824533553,554.9761278854768,4.6304958329263055,Male,1,1.418940539191862
24.0,39593.50088754874,659.2121282072972,2.2327798326843133,Male,0,1.4358878749558297
21.0,55136.76318765352,468.9577118269639,6.323710619719628,Female,0,0.6058854743361378
51.0,30839.432996740732,803.2533090609277,0.10270485819095093,Female,1,0.21277326564280352
27.0,63663.60552550624,514.0933503111219,2.603449234606285,Female,0,0.4078610873919288
25.0,48890.22827695597,598.5180337602625,8.897087717716438,Female,1,0.5048127457875363
13.0,43860.196781199724,783.8379903763957,1.4397486598765499,Male,1,1.5249296365672211
29.0,31643.82730015596,626.5477073919014,0.2709657818949874,Male,0,1.6755800605235143
22.0,12837.40822056475,530.26023136997,3.4310969119799903,Male,1,1.1512273649787628
51.0,34421.88714446366,721.3073232286536,18.76089862338325,Female,1,0.6778159931827653
45.0,66691.97293419359,719.0532462151185,0.3315461010220904,Male,1,1.326330751640764
28.0,43957.49857287794,586.6813660634766,0.3631571978606599,Female,1,0.6066968871771686
58.0,47460.06714327429,597.5073479219601,4.520780339926745,Male,1,1.3845583048654173
45.0,59833.31537432679,606.4591029381913,1.438861801825587,Female,0,0.3620288246413187
32.0,77085.03317174397,629.2976039313969,2.6401237016133496,Male,0,1.2552009344675352
10.0,69875.06982418458,460.7028923078193,8.874722768192392,Male,1,0.9297066386628785
58.0,35414.97494275718,631.85761388819,1.10852720559354,Male,0,1.6939448041623058
21.0,20861.441428438902,828.3914198183148,6.352342855546387,Male,1,1.4200698689055813
19.0,85394.21388650156,560.4030032763296,3.5107934452261986,Male,0,1.383488543338757
45.0,84034.8741748918,591.6506406530236,11.767165717548478,Female,0,0.9172205346628429
59.0,52826.80394643924,531.6382336803604,18.052560029486905,Male,1,1.0266538982733504
49.0,30942.676316272675,711.2161926395354,3.3175611842744877,Female,1,0.7608421272508319
41.0,64448.39800840909,770.3197358142377,4.393133301124362,Female,1,0.23474111814188098
41.0,48380.244709810846,768.0317839177625,6.849006428387604,Female,0,0.36505887784779667
44.0,48305.283153400844,525.198941110634,1.918572939116225,Male,0,1.4955218901768819
43.0,63416.88264657694,699.979173049696,1.285701941892128,Female,0,0.809098541487129
38.0,55015.62120309948,793.3750034214236,16.717261795646078,Male,1,1.7013435386634521
36.0,32212.776334775823,700.9663107710123,2.8335894142347806,Male,1,1.3960852105740778
34.0,45128.87097377039,697.8409683343776,0.00796046611931062,Male,1,1.779540443410558
27.0,59917.2939299202,602.8357421364841,9.09210777944583,Male,1,1.592372456107843
32.0,57653.78333607528,672.0109823793664,4.577257436830399,Female,1,0.5950320793243109
18.0,53930.24861537714,773.6318179706406,0.9229720652015361,Male,1,1.812031733845023
34.0,64001.34431713796,682.8208968428764,0.15301615720139025,Male,0,1.4477086280048628
25.0,44574.24518274103,525.1725243970274,1.7229021137916587,Male,1,1.7893758218558395
24.0,52680.04662828608,604.3958325714028,13.147611348793136,Male,1,1.6553756800714503
37.0,-633.6865026640007,770.9279538888993,13.552102793578186,Male,1,1.9001896551557023
49.0,43255.24709235779,682.4743320351096,1.8625953396314956,Male,1,1.3898225727490807
44.0,61458.54362863467,661.9062078243077,9.037340820878413,Male,1,1.9097099699240117
19.0,44144.08299324286,594.59844667533,2.9155957827461787,Female,0,0.3306170071861557
25.0,43006.58912424332,768.8599180534435,5.311566927167792,Female,0,0.7643712348465046
44.0,34378.20572337772,816.2412597822257,2.0356615546269414,Male,1,1.0905532710584043
25.0,65050.488390937186,776.3189123018033,3.6280687729674583,Female,0,-0.0017141690406984322
33.0,58226.94910310856,794.2591621445373,1.7391384581063287,Male,1,1.578764518542942
41.0,62381.21896734627,614.1293759233833,0.31530799419002087,Female,0,0.11792165757541606
25.0,24106.790570631656,599.9830902626096,0.7505005584470652,Male,1,1.7360125976487666
36.0,47593.24935101549,634.3654826500814,1.7172037634559825,Female,1,0.367182881338103
22.0,45798.33488374991,653.8573241976254,18.701660432529234,Male,1,2.0173335306315536
29.0,45791.424401021715,793.1019780125256,16.858991540978735,Male,1,1.9035941472432474
38.0,40759.58684423066,766.5886739468417,8.791527020349065,Male,1,1.7805515750038123
19.0,44808.435923299774,703.8469387254495,1.3231234185807381,Male,1,1.8795482391544505
39.0,62744.67174059978,506.8813234153113,2.9134178044492884,Female,0,0.868017621830898
35.0,21307.22969978256,481.1978155403125,2.8971539100698895,Female,0,0.7997732308289814
41.0,76659.4215204568,674.0462744801703,2.446733488492672,Male,1,1.7221189283104879
37.0,57257.616875396925,738.0263205600717,0.22959305685310094,Male,1,1.7902190774035334
49.0,49365.02156509681,642.0432951013862,3.823509950307187,Male,1,1.7540671725733157
36.0,63602.512195593896,841.4904504978405,0.3779946036915865,Male,1,1.6333610110250336
31.0,28222.478822473473,541.7558956219564,8.095388145792242,Male,1,1.62134478947078
36.0,40029.486422734786,529.1648050504401,5.877042431043912,Male,1,1.8577004631367133
40.0,48183.86851414169,583.571902552568,2.175012929206694,Female,1,0.6833657232006438
35.0,70483.40555648267,579.7702786808765,5.2083682428931075,Male,1,1.610066102603924
35.0,49302.55128310163,702.6285868681979,1.326583636130997,Female,0,0.4596990843514435
28.0,56750.8200677772,607.8288148156497,1.5411253104477751,Female,0,0.5434197346772675
28.0,41156.315060958084,495.2159538721338,1.8853615064296791,Male,0,0.69829972046754
21.0,57302.631034512364,739.1578456695117,7.9730322205580855,Male,1,1.2388318529814533
52.0,75158.59389461685,474.00480739278703,1.1829891962718593,Female,0,0.4751849367279035
23.0,64932.90037511171,542.8781776989291,4.136607927774963,Male,1,1.3730568113606954
28.0,48778.160183331805,487.7293429256131,1.1186380743649214,Male,0,1.3999550665686278
28.0,60132.362708982044,670.7121277070873,1.6776254020134744,Female,1,0.5640094843558978
44.0,58662.75431910818,668.6047712151212,1.3425439215338004,Male,1,1.4002714004074208
32.0,57598.81507545913,841.6454321016354,5.178253237731028,Female,1,0.10447697865631805
47.0,66679.30041290613,741.382665614555,3.740434992526509,Male,1,1.410432591181706
28.0,66567.165557562,794.16461833422,6.388081399666401,Female,1,0.4087026012381681
38.0,48092.62104687674,678.8609651298493,1.2419442284395663,Female,1,0.26694290516637625
27.0,59628.185922166536,552.3068178909436,0.04595320287106402,Male,0,1.3238859571489496
56.0,44253.576182603094,662.8107601993496,5.705139748413929,Female,0,0.3560094083716988
23.0,36153.91405526634,709.2421007387306,0.6100131446932776,Female,0,0.20638860174368562
38.0,45957.5936644402,720.3807382251575,1.4138389992947387,Male,1,1.1838288639925096
41.0,48855.82772390626,602.7587855891658,1.8241559540874164,Female,0,0.47496814348983085
39.0,25076.28516233012,698.8786473782399,6.867919260691559,Male,1,1.652566405963745
33.0,62904.98839125081,556.6972029158735,4.916051235414461,Female,0,0.7970706804177433
34.0,8490.118660964028,545.6722405889283,1.0183313339816855,Male,1,1.4511318955986574
35.0,90722.25409229482,538.4215288614515,4.5551207561890505,Male,0,1.5526674580642883
34.0,72528.18700694479,652.4625988556797,6.15754218883743,Male,0,1.52934314856168
45.0,46084.8691374153,532.2163644923696,2.462450448780361,Male,0,2.0380650241748417
57.0,50141.3954084566,607.5255610128992,1.41150232342534,Female,1,1.1107059285564413
29.0,54544.57810380925,740.2916551413958,5.681302451800095,Male,1,1.6154027158172943
21.0,41162.59418016587,547.0870321921695,4.719481416585031,Male,1,1.7381624564590896
34.0,52889.28721380405,599.5687966495683,0.40557393577743917,Male,0,1.604909957515094
61.0,47840.00033447508,657.163127677617,5.493256050634013,Male,0,1.8224322032529847
27.0,48585.90924153551,674.6886901532266,3.352213767557972,Male,1,1.7585367733628154
51.0,52721.91595220958,600.070940919444,6.999309060308029,Male,1,1.4093814807999507
52.0,30297.083024690084,728.6860068735157,1.058036390444805,Female,1,0.9810558290624249
29.0,50593.54586200472,709.0452300784725,1.4934887334446636,Male,0,1.5485554489673037
41.0,52451.716199262155,763.9856604361703,3.918782264890837,Female,0,0.2078584390275367
51.0,51932.744320338716,641.839807565294,3.2863287203762876,Female,0,0.8030889751788013
31.0,46762.53866845768,598.7181190543656,2.4417779741240557,Male,1,1.6010709174942919
33.0,67067.86663954057,581.7367977987878,6.852760898690569,Female,0,0.430775895509688
29.0,44695.21167677673,680.7027517929363,4.159191464117108,Male,1,1.3244352422245091
25.0,53409.888602347855,612.2844217188727,6.194061114412005,Male,1,1.4643772539433548
29.0,69459.46300888319,593.0830222319211,0.8317782386572199,Male,0,1.5808313099051623
23.0,48809.357899695315,605.1712735754678,6.527966338451371,Male,1,1.8677010284344469
35.0,53216.94901201327,581.6309514875747,3.095099903886659,Male,1,1.7130166455788558
27.0,48554.23045527654,669.9021112762732,0.1717562070509178,Female,1,0.955956883215533
37.0,68560.54690345399,508.74168174559395,1.336075153145654,Female,0,0.3424032016567765
19.0,46134.131576205575,680.3016292474963,0.13046947731438613,Female,1,0.023979624276270817
38.0,69250.31865932308,717.654876040295,3.052074514271589,Male,1,1.71336896002834
43.0,48446.18158029403,591.9120861822702,1.971733935890517,Female,1,0.7449176470767044
15.0,37108.104148279745,842.2036939606547,21.88999773672983,Female,1,0.2777631099011446
39.0,60190.597558611815,651.7621310976854,10.143898677555834,Male,1,1.7678407712370268
47.0,45429.98249366516,493.8657016900112,8.734050796901494,Male,0,1.5262641863955084
23.0,59307.51348648744,621.8757093663329,3.476913878520463,Male,0,1.7012388698108563
52.0,9058.934226143989,656.2656144935796,8.227592786948795,Male,1,1.0750626587614576
39.0,50078.0789284242,694.8967555570214,1.5521587930624001,Female,0,0.7833748041013688
28.0,43105.920518637795,624.2569475889153,4.112288529059934,Female,1,0.024915581408035514
34.0,34051.11970203083,548.842972429561,2.4954575372190155,Male,1,1.8085247672241749
41.0,41701.38497240301,540.5019381887718,0.9397382371525564,Female,0,0.5786227900440372
36.0,41394.452835610224,584.6400714818328,0.37692394975439314,Female,1,0.20257495204423243
40.0,49280.213077241286,594.2224637481237,4.084697990615237,Female,0,0.6068186179916194
26.0,29490.10308072566,536.5025835100743,0.5137038336608103,Male,0,1.383649106964822
37.0,54744.106703895704,576.71868388963,6.329295946301413,Male,1,1.594782265590559
21.0,70493.22177808682,715.9458524439355,12.721275949508065,Male,1,1.8106462667096916
34.0,54213.927454217395,814.8412607694487,0.8843190454243162,Female,1,0.18732178310922554
26.0,62134.82913843513,725.5461713870964,3.183253725938056,Female,0,0.30785021184949013
28.0,66418.43681920694,780.5861086186812,6.711858081241808,Male,1,1.304730885194417
47.0,68547.34268276265,747.4118468233698,1.6902450225642034,Male,1,1.4581974521663639
46.0,78052.08039231958,733.3130328398345,12.676655480221068,Female,1,0.7578412644662853
41.0,42511.97002586105,616.2203736942672,10.967109233596359,Male,1,1.0804270406967131
24.0,39222.740222583256,664.0910878386948,0.54770373514774,Male,1,1.1376767745297363
32.0,61751.98472487102,607.9380657543978,0.13891073053967426,Male,1,1.5525450880759846
47.0,60623.99329486099,628.0892837666373,18.744948674255017,Male,0,1.7120387526572463
36.0,61635.12949423534,656.8167100386586,15.672101812261266,Male,1,1.7590651120897758
58.0,78339.23681375379,721.3566151579026,2.7433782890178544,Male,0,1.5864449429173473
39.0,50170.54863197741,692.3323381515124,0.25943221504273534,Female,1,0.9562578308919717
37.0,56392.34839469277,633.8170736985644,4.823146619879627,Female,1,0.6880026895650264
32.0,35294.17622774788,655.5538740891666,1.736524242086666,Male,1,0.9702753875673183
36.0,82029.81685963937,693.3463674193526,13.801165789864742,Male,0,1.6184834107948805
33.0,44951.82618186333,716.7394438057835,7.915487560576732,Male,0,1.6367391181123616
42.0,45376.76107758755,498.10048367427976,5.243310903660228,Male,0,1.4621134214540472
45.0,44798.75163487636,542.2611036101063,1.67389528688744,Female,0,1.0099694616895567
27.0,40326.56212033494,760.7310533939342,6.041051841351117,Male,1,1.2543156229822787
22.0,39058.44426728526,643.9130430068942,1.7065976964818865,Male,0,1.0130415901730103
17.0,42144.43575665712,607.5923406633021,0.19178654755726446,Female,0,0.3487488771258879
40.0,29513.06107923583,623.6500527073961,3.5508013050383074,Female,1,0.6756998887681118
24.0,38220.23119605143,623.6294694423447,3.353842750335316,Male,1,1.4693735093964992
13.0,79234.44667171428,705.7937781524374,7.1986017040346635,Male,1,1.373961465224451
39.0,61034.82715462053,539.1983606019232,10.03742360971805,Male,1,1.56507258422752
60.0,63888.562650915774,652.4777746496761,2.188406264959609,Male,1,1.1548653359736416
35.0,67658.13181125373,674.6117729450405,2.984396481174889,Male,1,1.165232507118806
43.0,77512.01846543586,689.6267916565503,3.1781703336990197,Female,0,0.32990899271949725
36.0,23428.66172834234,672.2863996210293,1.9594687182533952,Male,1,1.7655063506335589
34.0,31551.75327070189,701.5906230314029,6.800929339738898,Female,1,-0.031348215547697844
44.0,37944.14508657972,592.7303848941688,3.691781267155106,Female,1,0.1621758362674603
32.0,42954.05305265603,555.8197267675044,12.264469318078133,Male,0,1.7246595808048009
38.0,45491.45914122127,895.7004443250514,5.253552193172758,Male,1,2.0125856349738154
38.0,43295.33670790939,619.8735315425763,1.190629636501734,Female,0,0.3447229506960927
28.0,53289.63369698081,631.5545529345432,0.9004720860397484,Male,1,1.1946182888189154
45.0,50529.43086117824,717.7840097717884,2.329136514578348,Male,1,0.9349946033109777
33.0,39157.47807232625,809.6089292194241,2.1303283012744627,Male,1,0.9766879886040567
27.0,17366.76834518645,595.5471883065304,2.613916031601,Female,0,0.77920077722985
40.0,35106.969419319525,550.1184731810474,1.0141995510680877,Male,1,1.2726607543622785
26.0,41761.420200311375,525.784664920839,19.134428798700426,Male,0,1.745513129468147
35.0,46293.80844788421,809.3106221502926,0.7874214925579619,Female,1,0.7143088907647589
35.0,33054.98811034195,546.1893013538966,5.287094164570832,Female,1,0.4526487738980721
46.0,42637.9030025537,647.2444063484434,0.06577694492168938,Female,1,-0.03725515467302931
40.0,33035.1891727162,552.2715167957031,2.6124758973832742,Female,0,0.5758087176430806
35.0,48112.70972677501,505.1644082041696,1.849404507891617,Male,0,1.7468327895645306
43.0,33903.63007456077,620.7624646906314,2.406533446057075,Female,1,0.7587228085292332
49.0,37266.430154443035,556.221333365884,3.446546222070626,Male,1,1.2893979969792122
41.0,30369.738035162914,580.8371574576687,4.58614337708251,Female,1,0.42273766179577077
35.0,47697.489566453245,850.6105097417403,4.379480280739462,Male,1,1.6896282698889937
22.0,37003.28345071402,692.4896104172403,4.98091487056432,Female,1,0.7003587013939805
24.0,63601.76400013144,743.1469519553989,9.307081173019377,Female,1,0.25613315372312195
32.0,56087.754000393485,732.4659562849253,10.889337700090111,Male,1,1.3847789799615475
29.0,48952.22197724535,639.9139076920975,6.682767065649065,Female,1,0.03574762224118522
33.0,38037.71753984317,606.0281640622376,0.4111626671376143,Female,1,0.8132950389201694
36.0,55707.804579744545,674.8934611861117,16.25859548229762,Male,1,2.0433492313704553
40.0,60360.513340229554,666.8450769932494,14.72501389332696,Male,1,1.3596210113340665
34.0,52140.32618302445,593.1194582834692,6.218834181094478,Female,1,0.27445918258818897
40.0,74055.52783200395,662.9847830466861,3.643240446440734,Female,0,0.5784521938698614
36.0,56894.559771122236,579.3670293303708,1.4425344515085432,Male,1,1.6802081339380057
15.0,63704.10826352051,632.8542069359161,7.060135932447115,Male,0,1.3596559249057871
26.0,52003.481233039674,616.4716525482663,10.512944071983716,Female,0,0.37454266323646274
34.0,60134.96679885465,523.1127407394221,5.470924533368267,Male,0,1.1251923980804364
23.0,38048.28150996237,414.884178688783,4.958745057245222,Male,0,1.8026968475583003
41.0,43124.02455180809,556.09367500603,1.072187202162548,Male,1,1.9199533549998078
50.0,55240.4533022357,830.4104664586301,2.2142504148771764,Male,1,1.9620236915717792
47.0,55131.49222336072,619.0318217963272,6.421148350235376,Female,0,0.7702725969645121
33.0,57614.17734414871,727.5968160896405,0.08521575890750836,Male,1,1.4038809854578818
50.0,66505.89338418093,437.55548569066417,5.125846548712104,Male,0,1.768243592824903
36.0,28625.43242276882,549.1713932035673,7.2765140424317565,Male,1,1.9382212163691432
32.0,35383.21178584556,514.5510382637649,2.0376197774341223,Male,1,1.7835270449541805
29.0,53443.58961611379,629.7699989912885,0.3961239611255628,Female,0,0.3850261587536504
32.0,39134.54552294809,892.1955480535244,8.549590085808049,Male,1,1.5573734608197665
31.0,100666.52361934043,696.0238943227918,0.7648051107492361,Female,0,-0.13943371161597318
37.0,57735.79428755204,819.5612533278087,2.3165393276959327,Female,1,0.5096328772908939
37.0,48825.03726604764,624.5563272314337,6.142251495186995,Male,1,1.4890043057986406
35.0,42267.96090374211,786.4869373855072,8.490962794306597,Female,0,0.6797158452983958
39.0,42797.56575210433,857.325670668289,9.916364778912447,Male,1,2.2434018229228543
47.0,50452.10991972766,639.0630933589541,3.779553100955046,Female,1,0.457796907138686
44.0,51679.728989318864,596.0735288772635,3.2300938527055303,Male,1,1.8524713381978157
20.0,43149.512829597305,518.2189063009847,9.429821442437488,Male,1,1.2193162332097982
9.0,45902.71630220147,619.0939741423031,4.139992591615592,Female,0,0.5792728980292227
44.0,70164.26862851894,658.1896675200791,4.321465827652513,Male,1,1.8794922275547046
21.0,70767.5744397655,853.0953617349148,2.8455707443571305,Male,1,1.3351251021213053
33.0,53780.509699023154,520.5026025903913,2.3325604342694413,Male,1,1.0975907035658379
23.0,29881.104091448935,655.9661893696979,3.2748355943468233,Male,1,1.001763630348464
17.0,58077.54734958565,468.5691878610383,2.269450707586734,Male,1,1.435006240045716
40.0,73314.23662416538,607.3237171161431,2.1045167084704257,Male,0,1.4312106259385862
43.0,70546.71652943568,681.1395357412018,25.307808022227555,Female,1,1.0706845991360983
29.0,61016.387792145004,701.2583152688558,2.0489735421164994,Male,1,1.20326262209527
9.0,71336.34432928733,708.9023079641922,1.4811508345437625,Male,1,1.9132352403099213
30.0,50800.76408718533,689.7404032886845,2.1841913705975364,Female,1,0.12179716245240829
39.0,59421.544547505575,708.0421940096242,4.467528231628938,Female,1,0.41640050802465356
20.0,39788.36650512229,654.5739129002664,12.095060115439884,Male,1,1.5415370552578143
37.0,54383.981842335685,545.2133694011028,7.752644399887921,Female,0,0.6893513178450452
35.0,69943.01365955787,464.8343036319944,9.233438042306583,Male,0,1.6738994321415377
41.0,41158.648827696634,595.3312178262784,9.795282295742892,Female,0,0.23378428542404067
36.0,37078.3485580357,636.5384566936771,12.661777545697966,Male,1,1.6059198358486275
25.0,51462.334085355455,775.393179717548,1.339862822023162,Male,1,0.9965527852532063
47.0,46600.06694414001,639.9398324843813,3.0658241985031855,Male,1,0.8414461933800768
33.0,59737.215816056305,630.3430965783308,2.432272359529882,Female,1,0.6637579815472099
35.0,43201.107110794364,688.552712684178,2.4053390174380866,Male,1,1.8139662504181358
26.0,75776.5942340407,622.9988012548798,5.281841113366315,Female,0,0.5631114953337478
31.0,30654.858530584163,731.0541998946939,2.5691762433828975,Female,1,0.3245324187184194
26.0,68806.02179329602,847.9333618383878,4.789866341068596,Female,1,0.06415929400432985
33.0,38527.261575378456,869.0785514210701,2.4085948429726574,Male,1,1.634625614030618
52.0,23060.25898123965,659.7040627244489,1.863500334831996,Female,1,0.30209467809375423
21.0,53568.12734523301,683.6892364695448,2.177641391082571,Male,1,1.9683750640444777
19.0,46180.88020979174,807.8856120373483,8.142009385881142,Male,1,1.6887691297452898
50.0,33355.859481454536,635.0037977103729,4.5946089031079875,Male,1,1.223052095488485
33.0,24779.34662427104,717.9192141924179,18.247857765464776,Male,1,1.021252006954063
28.0,49874.588190928145,536.4839870314174,8.938525288759175,Female,0,0.6366778887803596
45.0,64637.55337435727,618.9160851725002,3.3255263627945646,Female,1,0.30342028351335687
29.0,58774.30239629666,765.6114616645307,1.3878425046093856,Male,1,1.7268191635478887
53.0,50850.599732588984,578.1804366212377,5.602895686276815,Male,1,2.0056041798655406
42.0,57182.713598266026,637.1948821270322,6.484938602041453,Female,1,0.8619552381238915
30.0,49591.788014332145,492.5790354397881,3.1197474616384953,Male,1,1.5281463189692561
57.0,28554.136354544433,850.5768294509637,1.306318212540044,Female,1,-0.08018125967163625
29.0,28686.590221648352,776.3028069816903,4.073618086326421,Female,1,0.9082598309492673
42.0,46952.47206522982,668.8099566152748,1.4640041036585507,Male,0,1.7062270304889187
38.0,47590.20070450888,700.7512872082328,14.066913388302147,Female,1,0.4649739043347883
48.0,62764.740177601474,689.5898106943368,4.956206325637201,Female,0,0.8206457728567553
51.0,61359.563356621205,788.4311753030786,1.7260683913786743,Female,0,0.4876913846755453
35.0,59076.99523638424,598.1199957628628,1.2150140392015645,Male,1,1.3536232381055153
27.0,45795.75930384229,723.2267619928232,6.30665530922747,Female,1,0.012187028563656055
40.0,29290.217448347907,757.7416498852174,6.151468914053551,Male,1,1.404271876247391
28.0,56181.06705599036,771.5325970476457,4.5457344438259435,Female,1,-0.025910360264863708
55.0,57877.53969893252,424.0629116168302,4.76349035870993,Male,0,1.246171585072501
36.0,14172.02806283471,590.0725521734855,4.630051607424147,Male,1,1.7997047340007957
31.0,37484.927201260056,548.0829378698096,2.2322437566715037,Female,0,-0.2663638996275728
37.0,39634.18433909156,664.9588285570686,13.8561010959348,Male,1,1.713158195545154
22.0,51775.253016851544,448.3969780485728,3.26269930232699,Male,1,1.6446855578054944
25.0,37949.59350851459,445.4377109054397,0.10268677645601347,Male,1,1.2293525003965382
47.0,49427.981467630394,867.009499187626,2.1413253840076085,Male,1,1.8969535280393999
28.0,46841.97589470512,711.7689388263341,0.6979346156832932,Male,1,1.4324450496734484
25.0,47612.75792693408,662.1009243198812,2.2579415135252163,Male,0,1.3916596618598809
40.0,39254.08559448881,686.3672647838982,4.685816340800045,Male,1,1.564345385417164
47.0,40415.22418899984,664.6340923749179,0.11462630830233579,Male,1,1.570208271570435
42.0,33795.99410328961,749.7350656551525,10.20882283692574,Male,1,2.280202121766245
45.0,55701.01160860748,586.7555807936021,4.712007327989231,Male,1,1.6789471027925253
27.0,58566.53942887053,668.6614826073569,1.7504254969691802,Male,1,1.3543317605082688
21.0,38440.73074811992,672.7421267937715,1.8640591870065069,Male,1,2.0694171776269554
50.0,72809.60144025568,545.3142041541662,3.133691203571691,Female,0,0.005190289450691665
32.0,45280.97828836927,777.6983059063052,1.425705224670797,Male,1,1.3553975443866624
32.0,72952.78435694841,605.432326009859,0.021756906518052954,Female,0,1.0809910590364176
48.0,40368.09239252595,751.74216698089,0.13458233954173893,Female,0,0.9367347307170311
41.0,19601.333351008467,661.491272637148,2.213815595573872,Male,1,1.6038592136198322
40.0,56032.96737368527,813.3584832409058,0.6632113777948373,Male,1,1.630701020159594
57.0,53728.17657678481,545.8620911478475,0.11308766785036159,Male,1,1.6251566918330984
29.0,50515.906929613746,541.524119848955,9.804534654983541,Male,0,1.688971277494854
44.0,40366.51282334016,559.4304408995691,1.6019720964757762,Male,1,1.48193688311768
36.0,49481.41661771271,663.3295550514374,3.497059587215711,Female,0,0.329123362444686
38.0,42331.10813195709,804.1468395778205,0.9886528460883005,Male,1,1.0164173200209725
50.0,45464.75650502374,809.3093618165251,0.2392591270146654,Male,1,0.7343082446331745
40.0,62624.48383647612,419.003139956156,6.829837777490617,Female,0,0.4901450523870757
40.0,52763.2584429514,674.9707161222539,0.6674104243253275,Female,0,0.7184979884673239
46.0,59149.27080997966,328.70463894849775,0.13026681477552504,Male,0,2.0151997953495666
31.0,46521.97240061315,729.5031793785034,4.424327685720814,Male,1,1.812794342690272
27.0,44869.739812928376,761.8169414895207,0.0677954135902743,Female,1,0.2479353291826249
25.0,32697.762036670345,645.9755725307814,2.866040751968545,Male,1,1.3539749062826818
15.0,44449.45081147704,658.3981577494754,1.704261414515689,Female,0,0.4678908561347662
56.0,183.28166616291855,657.3638892940239,1.9240347119303474,Male,1,1.3810774081931076
24.0,41146.67050541547,571.5558081258754,0.01953332099520871,Male,0,1.5178917852465459
33.0,48771.887342137416,693.170578532148,16.669480954894574,Male,1,1.4021123724828208
32.0,58455.10481405234,626.8591998346743,3.6383111793684284,Female,1,0.17473733881407066
38.0,45969.83183712565,743.0291709289619,4.249146861960685,Female,1,0.1481615625605373
43.0,55215.10313367499,638.637306548077,5.484905372788155,Male,0,1.8002054366212328
44.0,17303.170079146315,563.8976893511741,7.985615041741169,Male,1,1.6358072208311403
29.0,49147.44721689575,496.413532913449,4.68130809956889,Male,0,1.3472444482290558
33.0,24807.45810629895,463.5935174944288,7.181586639751236,Female,0,0.297930223696806
38.0,31875.44726511001,781.2509343954436,2.977700878420803,Male,1,1.1189921444109387
33.0,47192.51678204208,604.221064714098,2.3203077155317393,Female,0,-0.10891653663406642
51.0,69143.95981810332,683.8574190081649,8.661811860880333,Female,0,0.5087041209236115
40.0,55568.10145205088,828.3229891744519,10.02391664540941,Male,1,1.3931531529198384
42.0,50273.464957056756,593.7195668702109,0.7413787623801459,Female,0,0.43725859577334186
42.0,49707.04415799347,587.2522515618846,3.9116429550505547,Male,1,1.633331555792171
47.0,39295.566601932995,636.7838247644676,5.7544107800996604,Male,0,1.2835625405383395
37.0,41840.24879940975,652.9432700419993,0.43650474891510516,Female,1,0.05138791904185175
22.0,56410.64068206196,838.7551350255847,13.267584000590539,Male,1,1.1123379582524073
39.0,29219.592223332584,806.5820594094114,3.67098947197579,Female,1,0.5493771028021104
28.0,58895.81075424532,712.0875415906747,5.184634099098745,Male,1,1.5264165218297796
30.0,44172.39399321721,794.9413768996868,0.9815512075912463,Male,1,1.649920480369273
41.0,62383.35612304348,632.1780987432144,1.5355797304266576,Female,1,0.24335364335843257
47.0,64416.40185848125,679.9164567188478,0.6448588273155419,Female,0,1.0016585328330452
35.0,24903.7398124139,619.8486355461305,1.5326171182160233,Female,1,0.37156695094107184
38.0,41276.28855159173,520.963161742036,3.390275853043106,Male,1,2.1823535328136496
52.0,37167.08468089064,770.3874741793595,8.967693238858686,Male,1,1.6244259631013591
37.0,22809.080523902856,703.169873398986,3.8148814546326815,Female,1,-0.0853847381891899
61.0,34512.00085685884,651.8073473423664,1.401636580377352,Male,1,1.4201687322663412
41.0,86618.8376789801,649.7532150687824,0.22823618489364414,Female,0,0.8933018041734664
17.0,59142.6484431866,499.3785129093492,4.863906436792583,Male,1,1.3525369872969049
43.0,78759.31952908631,552.2524666847285,2.725014492823547,Male,0,1.486854697312444
39.0,62436.47660027503,683.6153170114025,20.787657367442236,Male,1,1.4650262149671414
48.0,38872.35258487287,597.0887332725495,7.565184489297834,Male,1,2.0584686863409845
42.0,44273.43204988936,628.228695878251,8.260756891872896,Female,1,0.23660299487427733
34.0,58826.54270360461,639.5343935220899,0.06155243470448141,Female,1,0.7711635811362203
23.0,56562.593052095544,581.7531230982889,7.520781989825213,Male,0,1.7139012031737058
33.0,41339.86976437499,553.208167997595,1.0821637874494774,Male,1,1.0240007155720259
26.0,27350.102441311898,488.76423690746265,4.406981822832299,Female,1,0.6390941935224616
29.0,99316.41781083107,635.3481720988459,2.965799525522357,Female,0,0.5251470506920651
41.0,47882.75491485791,711.8608547610283,4.23853464362751,Male,1,1.6300049220274238
52.0,45113.9166022607,485.6365857780049,0.716140005295308,Male,0,1.6046620078359557
39.0,51700.01695857953,647.5952174900174,3.0522324859730565,Male,1,2.0963212078232263
23.0,46359.07116033457,678.1143252691561,0.1882221476552728,Female,1,0.3466968956109411
39.0,51840.93361558225,551.0419596270856,0.20931762195257828,Male,1,1.3066941599320214
47.0,69304.20929174629,792.2141811548088,5.360895677134035,Female,1,0.4357250700140543
29.0,48131.77280470364,611.4284630961592,15.15145021683196,Male,0,1.5679151295746472
34.0,32559.34341008358,639.8740311543489,7.51173514449086,Female,1,0.8386415410148158
35.0,47575.34308282084,633.8730499402021,3.1664333642780322,Male,0,1.0784544201437654
27.0,43033.973278851336,472.9225577408944,0.28746097171076107,Male,0,2.154323580938356
41.0,71358.48405870277,750.8752071684044,0.23032518815977202,Male,1,1.6354578264840027
34.0,67566.78597106357,554.4481231580762,0.859236584983999,Female,0,0.6545678141207775
39.0,51612.87500646198,626.3479484594263,18.60918393452852,Male,1,1.6833916035267344
26.0,30818.962177711153,709.7661001277995,2.542982770287284,Female,0,0.33643461246433165
31.0,31611.616048400814,796.0903426144534,9.270535300959182,Female,0,0.8114918977579266
42.0,50226.8489237683,542.0067718103161,6.106314415712578,Male,1,1.1053217275984526
31.0,55044.84453981921,605.3516414405573,4.649776582782288,Female,0,1.0754591344726363
52.0,44380.657710109175,788.2418630007153,14.765865662493443,Female,1,0.5143057784158724
31.0,42797.456236891485,696.3713879275447,1.3094970716589356,Female,1,0.5492381638341163
37.0,41108.011502320296,717.1171359051608,3.0338352531246833,Female,1,1.1719292151563194
44.0,49649.09059634081,544.8868264223833,10.002152485616044,Female,0,0.592894149454982
21.0,14258.564718904025,612.0790470073442,4.012146965054139,Male,1,1.3336717780904395
17.0,33480.10056845435,633.2164567619569,1.4147672808429288,Female,1,0.19385952303989934
20.0,40594.23731828974,564.2105242657026,1.171758245440217,Female,1,0.36142234036461685
48.0,68112.54792427881,482.54303743260925,6.989426406074184,Male,0,1.7651541463974516
29.0,37792.79537106606,598.9501441236404,0.06435688074824447,Male,1,2.063511312584586
61.0,52707.022127468095,785.428819958443,12.278219693946856,Female,0,0.0487664541666229
29.0,53398.14126396494,655.9173465560497,0.09294855527041154,Male,1,1.7054386911175037
37.0,69468.74758491144,787.4290913573376,4.984644760660123,Female,0,0.8836243311571268
50.0,68938.66110446226,667.9020914229519,4.64115822631938,Male,1,1.491374425513526
55.0,49137.45546807625,573.5292270412037,4.31862365737849,Female,1,0.9067610099824344
56.0,42867.72888215836,777.7619013231722,3.2155323348556015,Male,1,1.0467909926030992
47.0,40042.50345761464,671.2326140667899,9.567274469777105,Female,1,0.4320274558798991
45.0,46384.051663013284,746.1838832427397,5.384247188309682,Male,1,1.7003941077952573
41.0,43489.499685146,543.1671828879429,7.613143397065365,Female,0,0.6659508762032437
43.0,58304.41114037348,753.8756289614503,0.6137870956960563,Male,1,1.0574900501401787
29.0,56304.647262278064,756.8889275544199,0.25593301333048063,Female,1,0.6247885244060308
27.0,58877.01786717524,678.9767144356535,0.14471677932598007,Male,1,1.586839872690119
35.0,68889.25567154252,569.3077914190218,0.7961862210434374,Male,0,1.297724628315471
33.0,77943.03682100265,645.3991171287388,5.498182418700582,Male,1,1.1369720074032552
30.0,51869.950901113356,711.1291147238244,3.4063080307745834,Female,1,0.5948939733506713
42.0,66491.9565709348,673.4570019936534,6.976721062106293,Female,0,0.3024873354318176
45.0,44725.09724248677,710.1082738107764,1.0642976724229627,Male,1,0.8766434614349768
36.0,67775.10475374524,751.2245907652905,2.2861323651481484,Female,1,0.1253058031949283
50.0,65922.63735763766,585.1553346628078,10.968543511104594,Female,0,0.05123047211664039
24.0,65126.23954914487,534.4924379039861,13.722109473070121,Male,0,1.2732340184121846
33.0,51411.04761787286,646.2461198627758,12.737900475613149,Female,0,-0.0682021132187075
28.0,39974.62754013667,617.0256841130132,8.527130325571502,Male,1,1.7950287180603661
16.0,29082.073432017853,728.584641315615,5.827541991239262,Male,1,1.7940034844256267
34.0,49399.44188718351,542.5501610341192,12.248347805288331,Female,0,0.5049319881610984
34.0,72995.18813373774,752.038187417768,6.261993031487866,Male,1,1.3369888084865018
50.0,45352.326479538904,785.3612109546766,15.38864472345205,Male,1,1.533786632563852
41.0,61776.89878190082,650.030496426229,0.12550368099646783,Female,1,0.4194199469391191
25.0,62659.271007783966,656.0736125581304,12.732341528197962,Female,1,0.6824135718881594
54.0,45744.70668609241,573.2453498769847,4.056732545839051,Male,1,1.629406001093877
47.0,69745.1725627928,595.7339101025933,0.5927790248185114,Male,0,1.3939126602591039
41.0,6370.088832792448,609.1663319354316,1.2097926770279708,Female,1,0.34850645854198786
33.0,31658.745818927375,794.2940067837931,9.55809913725685,Female,1,0.8319650973799202
25.0,36265.5155546231,642.8129214189227,3.5272827026276765,Female,0,0.6201038069303904
31.0,37704.27465698915,517.7827043359991,20.319384310981103,Male,0,1.5091976651755208
46.0,55043.944267788436,675.5354342112004,0.6251587117987136,Female,1,0.3338422029484934
54.0,54350.56704580853,732.6290124622276,2.659424644907122,Male,0,1.4186007175994257
50.0,55909.85858262512,647.4588630678405,2.0163958182385873,Female,0,0.1512506573633995
30.0,58941.222411987306,796.9213439726989,3.6297511900234247,Male,1,1.5512519202728234
24.0,35748.431462815264,727.7508667265898,5.0179355501326794,Female,1,0.3849653001570699
36.0,31727.358997890216,545.0871270112146,5.418068697516473,Male,1,1.7526846010162989
17.0,55944.79523011795,594.8567187603597,0.006483601451245466,Female,1,0.8035436959810457
38.0,40546.518895303416,672.6226281424609,0.4658447551573031,Male,0,1.5614417435553452
34.0,26442.87431948044,483.38107619733927,0.1784666434867763,Male,0,1.1004839972655
30.0,64570.16426812222,683.6356737470614,9.997578071137536,Female,0,0.199529355429452
19.0,70926.52859753446,473.84175727453515,1.8792324108022318,Male,0,1.772176668533786
40.0,73357.41334547989,752.3433455564509,2.286925429970059,Male,0,1.609777573408016
30.0,52805.1158221208,740.7273684791709,2.992561133771451,Male,1,1.4868459908504779
23.0,59388.98143959354,700.478136091507,9.462466763156215,Male,0,1.6637747964367569
6.0,70548.02335042866,582.4121635647689,0.07133780131592127,Male,1,1.4306693157194355
35.0,40378.76314964848,667.0202824613539,0.631322300725221,Male,1,1.718383648635678
53.0,66660.16526081138,598.6622512485351,5.778503111762361,Female,0,0.7947960473683691
52.0,54130.94351214813,546.9184722549934,16.60627653938902,Female,0,0.14905181102268716
30.0,63705.674785138865,616.1256988228589,5.147107082081124,Male,0,1.139647555017069
29.0,52791.39531313903,719.8265536492096,1.513122235250345,Male,1,1.5423066197101052
40.0,69443.85064622003,654.3814192831761,3.668433874654979,Female,0,0.17176164708114444
25.0,53352.85643812305,795.0709924134424,18.440493910874793,Male,1,1.4556775445538415
38.0,27740.314107988735,726.5780539480274,3.754692407400591,Male,1,1.1111755015489053
43.0,71778.89948472084,715.8690813905619,2.338093415286427,Male,1,1.5905808047992878
47.0,35787.03888541832,489.1073450554396,2.4178810457423268,Male,0,1.189019159526685
34.0,68795.87315365871,621.4841469844722,17.06131822633083,Male,0,1.6489728062676694
33.0,48646.35677839517,543.5627589565801,6.345517979335331,Female,0,0.5701208151879322
26.0,67640.1647779656,631.6997120376096,5.810522476870698,Male,0,1.248379217323849
27.0,67021.52922300147,580.6723876076843,1.3201813985210298,Female,0,-0.0526610023569315
33.0,56452.14461473057,612.2395046942062,4.099049798352371,Female,1,0.21620243922909266
39.0,57628.029764406965,756.116273237385,2.2060718172221594,Female,1,0.5425406600675268
44.0,56339.42925788849,697.5249929005834,1.373510232308379,Male,1,1.6274081770930964
27.0,19792.628655783832,750.7114428981635,11.295343387119974,Male,1,1.8421270356344226
50.0,51774.953283473034,489.9316890984014,2.4156940666222853,Male,0,2.034004322991826
32.0,33259.037358921574,655.7974696615663,1.6619131895065573,Male,0,1.5693477021419193
35.0,52567.80715618494,746.6704981396601,13.420720948155868,Female,1,0.2797229931152062
28.0,32855.86180425176,800.6295914887155,1.09916018004305,Male,1,1.8753685929588775
11.0,32225.720881608875,495.19116103075066,6.8423662181306995,Female,1,0.6520660761629145
44.0,74074.01752630853,614.851636383883,5.2885103704821725,Female,0,0.22374711435427175
42.0,66041.71082186284,753.4226674004763,12.659012034853916,Female,0,0.6033055351167914
32.0,49937.86122583768,630.7721687188555,8.92035959853316,Male,1,1.5999895463378044
36.0,52771.52975373536,558.9582325830277,6.108905812470688,Female,0,0.6557539914643326
40.0,46281.25961385487,495.00008215039924,1.888556616477865,Female,0,0.578862698197371
19.0,58548.14563969284,555.1298465336833,3.4216211998180306,Male,1,1.348450393259755
30.0,39859.18450176793,481.1098331436271,14.456479445115322,Male,0,1.3908952379797668
43.0,64906.10394301936,655.8460456834026,0.11738024624882737,Male,1,1.2199627878923363
22.0,46203.697384788335,739.631018577866,7.90745602080481,Male,1,1.210593434543691
38.0,43702.295062531564,523.9025241091396,1.450493954850434,Male,0,1.9037801928101228
21.0,50325.69527727264,675.7729741211052,1.0229397763745551,Male,1,0.9789954676245165
40.0,41132.797551115844,734.5271029445867,1.3212902765345913,Male,1,1.2827917317538895
35.0,54930.23524244725,649.729167315165,0.3080526806783709,Female,0,0.2180693581507488
19.0,41939.561160299,488.9305705082754,24.128974739441695,Male,1,1.3327551449186619
47.0,57027.85404228254,688.6211554662503,10.196073721116647,Female,1,0.4841490576798219
28.0,68240.09808367214,644.535305523553,3.680857665708952,Male,1,1.3795845018858164
27.0,39210.174697877395,634.3495351399145,6.278140971435304,Female,1,0.6287792498757706
37.0,48041.36814057243,595.3162754239535,4.066362619281032,Male,1,1.1886137802261874
46.0,56919.96069553133,658.6787426274042,8.345380816347111,Female,1,0.5125875887710026
25.0,43462.1396752789,700.981790844696,9.314082075877321,Male,1,1.3796723398496036
36.0,56964.80841239998,889.0648134335848,1.324976395761829,Male,1,0.963547048372596
39.0,58330.982909776096,661.2332068387204,3.078595785443043,Female,0,0.6042525630688653
42.0,66248.92664441456,801.1141160012673,5.037204228927631,Female,1,0.4663693798173766
37.0,40910.14930872632,685.7755083426877,19.1847702955683,Male,0,1.1625900449501008
31.0,35858.37139654288,640.0471672352246,5.739370541011834,Female,0,0.5839521319140459
27.0,45386.33915654384,664.8547527711293,11.396052633184432,Male,1,1.5821154524093193
36.0,35483.7149067935,527.826363030749,9.357652726064444,Male,1,1.0391340078003175
24.0,58467.47306071246,680.5860270752038,4.362123639419112,Female,0,0.20283316401564033
6.0,32573.73049735383,450.79349351786277,11.20535069405922,Male,1,1.457114485518728
39.0,84995.24627379033,563.7333642111469,2.3694296005716513,Male,0,0.8794596046056381
44.0,69438.91792360626,660.9843093133811,2.3844043603952807,Male,0,1.604295528509252
11.0,50188.636544004716,769.3982273178844,7.592633406497909,Male,1,1.7858466354413582
25.0,63010.91739496964,793.0624396998394,0.722491784894316,Male,1,1.373145764704002
41.0,25447.972035338127,626.3453420359065,1.8251575107055156,Male,1,1.4123811384653706
56.0,87850.59997099337,665.571731953044,4.689774201894813,Female,0,0.807350212576333
35.0,41146.78081699266,748.4362469582028,2.7242014166643367,Male,1,1.6156362366428472
28.0,48192.53879150961,517.0506427807081,14.127729412063324,Male,0,1.4251612064140111
33.0,22161.00069217345,690.4747505315504,15.911040591623635,Female,0,0.9883003748482724
49.0,57294.30957111342,567.210713263419,3.491615852709992,Male,1,1.257174435736634
29.0,33404.83764384336,632.8174955323282,3.872457487091422,Male,1,2.112400316868189
27.0,51524.83642349044,604.0976749505685,6.448145350809112,Female,0,0.6298781196113472
30.0,41835.883506131926,693.5358127048147,3.0556698494088113,Female,1,0.2539078675344927
25.0,33833.84097604485,705.030367400909,1.0542130203196651,Male,1,1.5796395824860054
36.0,37934.57747356074,739.1078677397397,6.87121967264428,Female,0,0.5505565179548272
51.0,53386.820511282815,684.8198828464448,6.692969463752322,Female,1,1.0571585973288262
38.0,30777.635406967634,667.1653769968897,1.405062507130817,Female,1,0.5968710074872471
32.0,38767.82493464634,835.4023800438601,8.94630854956845,Male,1,1.7930205209650074
32.0,59949.100718967165,497.5640929802823,4.755047523387983,Male,0,1.1200858782907273
19.0,89037.19812311471,819.560986012924,1.3479117283030968,Male,1,1.6484460497085818
44.0,57163.832293295076,621.0178091131603,5.278326443888901,Female,0,0.8614537066405106
34.0,36241.07536734069,707.0891586368305,1.3303174116128615,Female,0,0.22313299672469117
33.0,44493.28744891533,617.4340319406399,1.5410088716666177,Female,0,0.8872751159949169
67.0,50473.835092288675,579.7458370448373,9.419679944892813,Male,0,1.381226895984308
38.0,44758.62574046439,698.4577192794228,13.260114955314322,Male,1,1.462949514213992
27.0,63545.87250105399,754.2128308614443,1.4845065860129454,Male,1,1.0979704238339203
31.0,53262.10224521337,697.3007954967405,13.15899129861629,Female,1,0.369579591708908
46.0,63617.78577364805,595.7884213317118,1.3642881409695748,Male,0,1.815446352831682
36.0,45283.34314553556,1011.1350062815669,0.6236645823148005,Female,1,0.35717573407881414
21.0,69882.50329581885,769.8573670866252,0.29993847574005716,Female,1,0.4883694473627878
44.0,47502.71623577681,743.3342304207252,1.3861064936924934,Male,1,1.4689611751030178
28.0,35432.151962930126,614.7035769257795,2.432669853495612,Male,1,1.5937933111672395
54.0,82659.80571563332,587.4834211710961,13.124181258628216,Male,0,1.3390706872686369
46.0,22625.333795583247,622.0160924157061,1.3864017897547276,Female,1,0.153873426722821
31.0,38918.919120426086,758.1406544392484,2.274316877162521,Male,1,1.163928987124335
48.0,40594.58222254408,550.9395662924172,6.624225686196806,Male,1,0.8044839641055751
36.0,87624.59409584844,543.1796168545683,1.7982116255080607,Female,0,0.9602578382173486
44.0,77102.88326219768,703.9547533361018,5.765893907695247,Male,0,1.6192972054226913
40.0,72408.92215463296,681.9196444642121,2.828854376831605,Male,0,1.4956391974498062
27.0,45040.120064355026,572.9686462109104,1.0935479335201583,Female,1,0.4799253909349798
29.0,86392.67005762662,540.8796421584775,6.6224021346748385,Female,0,0.5088298595273852
45.0,55525.28005761457,793.7896993368432,0.1370555427249706,Male,1,1.49144912462555
32.0,64658.950554546835,685.7004425299561,1.7289210695928279,Male,1,1.3436196315342912
31.0,52695.4307165931,513.6464136271968,2.201692428678587,Female,1,0.2064719003975295
25.0,49258.00143015123,520.6374463917706,3.0644602156034564,Female,0,0.020849921679174654
39.0,46223.319891104315,613.8488027549531,5.695128582942508,Male,1,1.1247549710657174
56.0,46855.40009871257,723.2841806997633,3.0754244170521283,Female,1,0.2416640494000194
24.0,59127.374730171185,709.500880210828,4.51100372160055,Female,1,0.8004938835462054
35.0,55507.99698163082,763.1678537001218,4.528968574408135,Male,1,1.9823331647715758
49.0,49527.92944694474,500.9650192539202,2.3362104282662877,Male,0,0.7831201178511298
34.0,72642.85989048282,672.3846689779657,13.588326321737629,Female,0,0.44865656621978534
40.0,5498.703968889044,792.591033232136,15.601245626326081,Male,1,1.3023910130868839
24.0,57648.30871881793,783.2801730476099,4.359585867283241,Female,1,0.35329464755785855
39.0,60766.08059988469,685.8909981412686,0.37195249266272257,Female,0,0.8119035887292547
33.0,67204.44302382754,884.8018508653877,3.377789556200488,Female,1,0.449711442602745
45.0,49026.928384199586,710.9285116415859,1.0192746848753362,Male,1,0.9115279815284185
47.0,53118.801010759365,754.2746632841342,3.30063713253909,Female,1,0.5328665120220983
61.0,64789.22574972082,654.4447918775506,1.0442506688459143,Male,0,1.5555637614400701
41.0,72367.4960642027,571.9024707155713,6.084534546133607,Male,0,1.3016091948554553
38.0,45491.96022231848,562.4790799221254,0.41924076304172975,Male,0,1.4666831280088353
37.0,54004.636746913406,668.1615214794421,15.320492035545708,Female,1,0.7426243849712658
31.0,75178.60946523136,628.8497993149794,1.0869002700552945,Male,0,1.666431856349818
38.0,18139.593861817233,473.1414330086519,5.4037096357022465,Female,1,0.05032133274417089
32.0,39649.81100278122,547.4206415074259,12.442305841823437,Male,0,1.5650948932120803
37.0,71987.53967904445,618.1596425945907,1.4243389412294438,Female,0,0.6739462913680787
48.0,66388.06750412454,722.727937593716,13.61304577889687,Male,1,1.874156318993245
25.0,57836.67816390041,648.3926113837925,2.4606299971185113,Male,1,1.202547551242465
46.0,43271.046903363196,642.7935789499486,16.16117547593278,Female,0,0.5651140926994951
48.0,36772.72251521871,551.3087372996683,17.765428286825596,Male,0,1.6179371452827942
34.0,41131.765711364395,652.3166080062099,1.041766744601293,Male,1,1.349656330090265
14.0,73220.12331228038,781.9101027445988,8.891867421067776,Female,1,0.5127747181490381
29.0,40573.359662669805,665.5575112758557,1.0747672400120092,Female,0,0.4409024525039764
48.0,51521.34446359487,499.2686418518138,1.2837642220278842,Male,0,1.1366734603485271
35.0,38694.38532707381,524.8477205695469,0.4393851433719711,Female,0,0.6216726410199045
25.0,62641.61045148541,708.8788877223153,0.8511958968795397,Female,1,-0.22271200901065236
30.0,41919.105794803385,627.568452477738,5.001337701599571,Male,0,1.825481135544079
43.0,48536.09164768379,642.5419769896486,2.9823962514149267,Male,1,1.4661634539627095
40.0,24749.268004357615,588.7265824985243,7.825771273997909,Male,1,1.5300263897696975
33.0,25799.476456925902,700.3412212199912,2.0173116861661984,Male,1,1.5190758003149354
31.0,50115.09789982259,619.9082286754651,17.308650452119874,Male,0,1.8498387559204585
31.0,30122.642672033573,631.3386778271396,0.25579567914329726,Male,1,1.403228420789054
26.0,81576.29959001753,564.8776608336874,0.3250182366062816,Male,0,1.4384923709947064
51.0,19077.153318316257,742.169129814277,6.042831672551947,Male,1,1.2933960210169817
32.0,37997.37052003844,627.8867208383579,10.925738806447926,Male,1,1.3737888400048988
47.0,50250.51300901326,710.7880333119759,7.935941202930125,Male,1,1.6575472496283992
50.0,44523.005933063236,530.6408435965982,3.364929831612013,Female,0,0.4542004819646507
45.0,33437.81815004122,823.3883138378608,1.571097897987822,Female,1,0.23092748487812043
31.0,35631.08240757098,777.7374038513223,0.06771410361079483,Male,1,1.4687817805906684
39.0,35140.18883751142,459.0202330341073,3.561155161167837,Male,0,1.4208695601833914
35.0,45699.17457769906,569.8062524936284,3.2278477780889565,Female,0,0.7590049336063618
26.0,79278.93634276136,697.7634391009885,2.109847035320341,Female,0,0.5062214084400543
38.0,51169.05944837315,518.0271343850995,4.314612315851046,Male,0,1.3077813627353987
23.0,67743.50734081285,636.8405917836674,6.524764591340944,Male,1,1.5970777173004485
47.0,57604.645187422124,692.6631785976797,6.034689917777217,Male,1,1.3824529943187744
30.0,66707.93596973331,631.5274088020517,1.5275525728053507,Female,0,0.6358698327481426
37.0,8000.5354610962095,703.8838703537097,4.401044032135838,Female,1,0.35230163270011705
38.0,45433.12968277656,580.6670095398118,0.8053908898884552,Female,1,0.6476398447871914
32.0,69607.03134726071,425.58184578318776,0.6482765368668787,Male,0,2.1001590296033843
41.0,41423.96265875999,748.211531216506,7.705529142141669,Female,1,1.1187866914289342
30.0,76437.09747304418,747.581465360253,5.916700681500941,Male,1,1.2697970880850713
44.0,72258.35230651642,900.3636642288333,7.303557457356266,Female,0,0.5807628577458644
22.0,42963.039258088065,429.2813482065685,0.827099632524756,Male,0,1.0881516179950934
36.0,42452.54721430465,725.0832109346816,12.303134380046147,Male,1,1.2081028837219216
54.0,34795.91236468297,453.13178619166126,0.7142252273126936,Male,1,1.8786669296892116
25.0,40556.086522043035,825.6493281675318,10.20252619859672,Female,1,0.4861408814317608
28.0,31511.16403746627,698.786683369601,2.172250400447264,Female,1,-0.3344853692565263
40.0,56432.167706495085,554.8071152323747,0.5570834925873875,Male,0,0.9158374096092236
37.0,28159.302599803497,728.0222474601436,1.689749362897233,Male,1,1.0584933561684717
39.0,59055.99524285333,594.6954992283064,1.0010918535224973,Male,1,1.2592400855295884
40.0,59421.18045350373,680.0416099551269,3.3732929506875404,Male,1,1.501115540984572
41.0,25081.93392224116,670.5960716209084,14.953260800024314,Male,1,1.3810370874418048
46.0,73247.27909492509,824.4168136147294,1.9865261650005768,Male,0,1.7095446071456393
39.0,57704.139416228325,831.4925910086513,4.73502544822168,Male,1,1.2192509143600168
33.0,61245.470321673034,590.2734626726494,11.115214510019536,Female,0,-0.19075156003256089
42.0,38620.021976858414,755.8105617996036,4.972260516491794,Female,1,0.5671025533782732
54.0,59335.68677709678,685.4840155570298,2.2486458869285393,Male,1,1.6374899167627657
34.0,66895.90174583098,508.73179329930883,23.464069091797477,Male,0,1.343942250489474
25.0,48520.87401492984,580.377161962782,1.037665168715077,Male,0,1.8050810209604529
46.0,80028.83688872542,883.6146099599624,3.7038782551871376,Male,1,1.101830983897845
34.0,50660.96952369407,685.7854401104655,7.965498030577399,Female,0,0.3306076040516509
13.0,67111.78700678711,749.9779579517523,0.003245400920988385,Female,0,0.4287271598006195
43.0,54395.13210887983,628.7955687633009,6.054034722141707,Male,1,1.8527804194013326
30.0,58782.82299285302,596.0058085280658,1.5496308862509114,Female,0,0.1153846330356203
34.0,24930.015985478418,652.7264507634475,0.9300019130674066,Female,1,0.49647270985536035
38.0,55565.806073230444,623.3895944753783,1.6023657795816177,Male,1,1.4410784292875205
37.0,38975.37348114101,500.6747068968402,17.02850139850654,Female,0,0.41955241750406996
42.0,37304.02541333468,549.6674542545968,11.125123899863974,Male,1,1.1768849527365148
31.0,76161.54776698968,720.7884514412231,1.2024306949094985,Male,1,1.547869485607582
40.0,46793.44627906477,611.9309310897589,0.6223019973514837,Female,0,0.5937394338125475
32.0,34950.47253536755,652.5704882027907,2.2639834431918455,Female,0,0.3304547132572466
42.0,44613.025578366876,673.492305049721,4.486565754813963,Male,1,1.1200983935322386
41.0,30493.246566171292,681.305004881872,10.092470876926619,Male,1,1.7665633289020348
26.0,71508.26702294406,764.6579061315371,16.920245051307624,Female,0,-0.08249516239643195
46.0,39564.788837502274,540.1304184931469,6.954592543611758,Male,1,0.6195900273333615
30.0,57939.49900915504,707.0252723543624,4.569059193122518,Female,1,0.5194747175126461
43.0,70341.60071315488,725.5027793519648,0.7676911561585629,Male,1,1.6142766542345814
39.0,42497.70978177906,748.5851779001506,0.38455844418574503,Male,1,1.7798779414128725
53.0,57980.33648409179,508.70824005851273,4.532034671235735,Male,0,1.6239696692173486
33.0,34548.70917643355,675.4819218346998,3.87248151858853,Female,0,0.7682447057284205
32.0,86686.54353670526,821.6075946398518,9.356874842198932,Male,1,1.3539381635340773
35.0,64045.70201924934,640.0879480843377,1.9475098792956322,Male,0,1.3548045271177027
32.0,47110.903418587906,698.3494701964291,0.20250011382388194,Male,1,1.7027554950003678
43.0,38407.49403666554,728.0395594585185,2.755706346150286,Male,1,1.4529665055197676
19.0,48290.051707405604,547.453015560174,17.398331032579097,Male,0,1.068816153729102
24.0,44900.24416472721,833.3824728999974,7.93776826952789,Male,1,1.3967418871111295
24.0,79294.1683099926,699.9500796968904,0.17177813742942954,Male,1,1.483725889796674
45.0,31616.979166776466,701.9502814193427,10.384380332563218,Male,1,0.9028048499217671
52.0,52022.021349353054,483.7972621989465,3.1903554014667406,Female,0,0.12212628308601792
34.0,49724.929000494354,729.4544798213313,2.2688252128654827,Male,1,1.5001926584861902
33.0,48238.84549482696,700.6410341379137,2.1288968184602473,Male,1,1.0911611507335033
36.0,48370.75017592486,812.4191327722065,4.521122278328788,Male,1,1.4107679001139923
47.0,48258.93784819275,618.8734785695647,3.7814937831213697,Male,1,1.4693160242452137
26.0,63095.9909949815,551.2341670401559,5.344693351036575,Female,0,0.2371374993171083
37.0,59134.76669738653,581.7761005225667,4.26237327662226,Female,0,0.11859122968628116
45.0,56283.674170591796,599.5021764992701,0.7771007795991903,Male,0,1.8234250605754552
40.0,4490.159567820963,538.1153481868627,1.4868846386807326,Female,1,0.4326697352719801
37.0,54496.92311244746,779.0160023765993,9.1951854106084,Female,1,0.6186489999820196
45.0,25165.40959744876,782.7697862931667,5.442198744639141,Female,1,-0.1598379611056725
8.0,59694.80244703738,630.4208298859945,2.974666334414804,Female,0,0.44343130645248324
42.0,72117.46051355771,610.7240077915806,1.0081422977325154,Male,1,1.4802396838417062
28.0,36106.41331117174,468.4518086680688,0.038603822607399786,Female,0,0.8829552388257345
17.0,46073.2891648594,719.5961255303605,1.8690139814162503,Female,0,0.6227915678148991
40.0,41009.664424205046,815.3440108825844,0.2820420712939289,Male,1,1.423695763270975
49.0,68531.47663635202,586.2805282740444,3.291643533441732,Male,0,0.8928752065277595
34.0,51425.418279081096,638.3215474223601,8.624284581908125,Female,1,0.3692922324509851
45.0,75924.940708495,693.4291461315731,1.6801523007701211,Male,1,1.2072675531008847
51.0,56206.313044210816,822.4418360609906,9.411293532303048,Female,1,0.5811735232651084
48.0,53636.75270953729,669.9776221835094,6.096521941716904,Male,1,0.6582791220449636
51.0,51023.10173904255,669.5429916026519,0.669156212760041,Male,1,1.9708382039322505
42.0,62269.881488860054,667.9318501159803,5.172020706468219,Female,0,0.9261176972770224
36.0,23934.70702631985,507.4967493096327,0.8224856436659461,Female,0,0.3794596534692556
19.0,51280.15933280765,505.32093461701356,5.318025086615301,Male,0,1.697518871648897
33.0,48949.30334408053,569.2004830885128,0.7699212959603212,Female,0,0.9777677496652495
27.0,60881.28240736649,751.2890574037373,2.4921090671655093,Male,1,1.0590949100997344
57.0,47184.47591188944,616.4642929454006,4.180404847369725,Male,1,1.8620219892310703
33.0,34418.98348755995,597.0395951197708,0.25843618314693956,Male,1,1.8183293852408395
36.0,50110.26012379549,595.2825395856232,0.8320934706092348,Male,0,1.4455750328273993
41.0,33757.39206697485,636.2343121527323,1.9313193746265274,Male,1,1.5081754349598404
35.0,21121.06681118772,820.210793410164,3.10245925421287,Female,1,0.6583011008109124
52.0,60906.8372222824,634.8802614302879,9.77682885160996,Female,0,0.26510378153971104
29.0,58685.92359042006,571.3702594625141,1.0368006394823486,Male,1,1.5678497714590127
37.0,57006.36415990362,652.5245629081633,2.1344981023682257,Female,1,0.27266315017160936
28.0,69543.92632918716,825.5083605761537,3.2291832790640065,Female,0,0.7540849334330728
22.0,40024.52164544112,599.7175281064384,1.7533121056673577,Male,1,1.5994535145457747
29.0,28533.287858431173,531.8994991569054,4.914126602092193,Male,1,2.4639922192900645
35.0,48949.55334787933,599.9008730269583,1.4826214815698882,Female,0,0.26727665229140884
31.0,44787.495504411345,662.8763736348433,7.39973883515307,Female,0,0.30471932508512667
28.0,37365.56424844897,718.824095082534,3.517544338039316,Female,1,0.2894439747948534
21.0,48802.26269768306,750.6883578682246,0.4512916685069451,Male,1,1.6582341510010588
34.0,40825.92280693123,545.4282726037671,4.930869487490451,Female,0,0.02569440146424845
20.0,22459.920749647532,554.915466554093,4.211061612736908,Female,1,0.38099592456411757
43.0,43382.3496380936,617.673774061251,2.0669623907507284,Female,1,0.09827043632853011
36.0,32954.372499442135,718.4493024696897,0.05609892721353888,Male,1,1.57197333307797
20.0,53474.72107416384,523.9992102347744,1.1201043187911055,Male,0,0.8984597621591962
32.0,40159.47862639018,589.2673089582303,2.601935352648363,Male,0,1.3764333453576587
27.0,66674.47211211578,590.7256270588052,1.1151804966450143,Male,1,1.943015314681694
38.0,74057.99100901799,744.174885536437,4.307724084391709,Male,1,1.8086833630909713
48.0,60190.720595178595,702.8260760664438,6.229617697724876,Female,1,0.6240371122184424
16.0,26734.6072702502,740.371836104992,9.6903230162469,Male,1,2.2056610271363852
36.0,72577.93998318558,783.8677974233054,5.206189922023986,Male,1,0.9765290355026922
33.0,73635.80675560648,619.434990491092,5.839960087897506,Male,0,1.3816757486031872
42.0,50281.85766961911,531.2593845146318,4.688106410941359,Male,0,1.5093219125635589
37.0,69843.89240503298,531.903638215298,21.163227737957,Male,0,1.2806441181094486
27.0,41724.87292929983,466.189243494116,1.512290640508833,Male,0,1.537460219384867
32.0,22006.31097725616,604.1233170333808,1.5479936912543877,Female,1,0.1631523239011458
27.0,38595.73342067609,611.5777385168261,0.6752835848271472,Female,1,0.6967501568348834
46.0,75939.51299067134,728.7553406805048,3.3245902501816667,Male,1,0.8388078959585951
35.0,27633.801145827896,651.6914217176604,0.5055240514402437,Female,1,0.3049956723566573
54.0,49992.81922897242,600.9671555657394,1.574557913374517,Male,1,1.4955021838420965
34.0,50512.15840010318,638.4001273839414,3.29547717894251,Female,0,0.7115916541443718
28.0,42305.38634048282,546.1026516285236,15.802517621062332,Female,0,0.40344187503212814
20.0,43347.17600244327,752.5406570751287,16.59527585223937,Male,1,0.9792900316369778
17.0,51083.73701354304,571.4084437190492,6.807818192845506,Male,1,1.4136518721673395
19.0,41567.56487097909,536.0068728064105,2.465339166986121,Male,0,1.3488202464330865
38.0,28669.122542481033,731.788196670747,10.018379161360784,Male,1,1.0424560250781716
40.0,53225.47914415184,707.4164208363851,10.415473106593724,Female,1,0.5385180496232174
19.0,66100.49873667458,477.6314621440988,12.050705685115396,Male,0,1.175194081443568
44.0,63043.58777980132,735.5001634710222,5.108604141641302,Male,1,1.897210362378344
30.0,37853.96798915283,575.8407360905943,1.126935303050202,Male,1,1.5504586319376328
36.0,31231.581269334863,612.589547243608,0.47749523843245206,Male,1,1.4217550007676727
51.0,45737.181767678325,668.7020107693937,12.312331876021151,Male,1,1.8762208174376442
44.0,73516.87264693496,708.6624882616821,0.28574205362309196,Male,1,1.5780726846569828
32.0,59683.97118439319,694.5479174687526,1.7541038472281902,Female,0,0.3463457361299027
26.0,60559.470151913505,645.0181669093997,3.337024541984548,Male,1,1.4804955982618282
13.0,63347.85427678242,607.5356671084089,0.11110888906784773,Female,0,0.9702084788633165
28.0,56311.49843777879,691.2220693565447,11.87106387765122,Female,0,0.4929166910804705
33.0,51809.12821420368,638.1612162655772,1.6922178562312622,Male,0,1.9572062651319038
25.0,59934.60344971952,830.5354459125924,0.1445947493946364,Male,1,0.47412132410429253
34.0,41807.5084367297,708.6409009969902,25.249477876846093,Male,1,2.060484541194622
36.0,28783.05482950519,557.6584375009645,1.8654241258030337,Female,0,0.2489819652369849
33.0,60844.95401936485,602.2400048626349,10.468307133014731,Male,0,1.5577264592020297
28.0,68566.07158623838,654.819217725983,3.02087113787014,Male,1,0.9848910536895856
37.0,33226.52090965953,779.9431215070455,5.440230060341377,Female,0,0.3158193589300842
39.0,62328.822236238506,791.1105009112135,1.3793614136735997,Female,1,1.112821265448519
24.0,75211.48570082284,610.3865279634435,3.4945721659526234,Female,0,0.4824529856813562
49.0,49966.306973643186,556.6365783410557,1.4896802760077827,Male,1,1.427646488486078
34.0,37729.96722887381,543.8502358793812,15.08824155167842,Male,1,1.451186572892255
35.0,51845.280102901335,675.242875721578,0.31440833860778955,Female,0,0.8049626906722023
42.0,41741.99047698948,880.3784309217493,1.6056698503563696,Male,1,1.8657503060209328
37.0,40749.048350653975,703.9094104255103,11.179722502063253,Male,1,1.4557594181478484
45.0,56497.76100907314,490.60874733159926,3.269978094250194,Female,0,0.808890345788341
38.0,25944.05787455157,577.3995896753999,4.582505168732344,Female,0,0.4417006118753868
29.0,28341.066162616593,587.6085798155087,5.273360353855033,Female,0,0.30320373440876724
39.0,50289.363205609145,567.7997479885092,0.36784257490758693,Male,1,1.575211720424761
24.0,49665.37191631353,611.2106175065779,0.08948979028777354,Female,0,0.5577196279608019
36.0,55153.31865559904,686.9394861019941,13.890302462442223,Male,1,1.6083770518775877
35.0,78128.38082725083,718.1981169322646,1.5838577952342998,Male,1,1.3014406246567751
33.0,51567.71054113732,759.1763490916644,2.392704726692239,Female,0,0.6070399656143015
34.0,58972.582255021916,702.4202573047178,5.729984644142618,Female,1,0.39428635248058097
16.0,35367.005965780525,454.58497596711595,1.3479265689833342,Male,1,1.5512302426285869
30.0,61519.06495274806,544.2695412468687,6.603869801560823,Male,0,1.1627980216908074
36.0,42104.137023339834,634.1905963140808,3.0646810398027577,Male,0,1.8369425136924364
37.0,51071.3124887164,664.7279855767479,9.710928651664512,Male,1,1.6516395082105608
25.0,48367.27062396258,736.1418359876257,1.6323961179079558,Female,1,0.6981377276486277
48.0,65494.61352371046,654.3184176216773,1.1396655175422299,Male,0,1.4090466531521357
26.0,30350.351684375008,655.0707253863675,8.909689907875228,Female,1,0.19764308607649966
45.0,15751.42048077441,673.7797363139059,1.9750453054046522,Male,1,1.4666497138752161
39.0,46798.50954368113,624.4978261218798,2.6540248243799756,Male,1,0.5029645208769753
29.0,57027.96885357686,658.6885139877811,7.892309135452683,Male,0,1.5190534356754821
53.0,52284.0406371125,762.5832179011751,5.047193643309422,Male,1,1.727265212790441
23.0,68483.06356120866,641.6089101215997,2.9145260071658043,Male,0,1.4755728345555312
44.0,56560.59011269503,646.9787273215717,1.4376804748987728,Male,1,1.516643864426291
45.0,41542.2750221021,646.641459523281,7.2238769983670785,Male,1,1.8059710392428001
28.0,15118.697687904794,779.7773813791168,0.9948836437216539,Female,1,0.834036976520738
49.0,46440.31648707172,539.1946673170557,13.17490030596252,Male,1,1.7209252121703509
32.0,65419.38503386697,827.5846894791196,0.8144542233835373,Male,1,1.6018781409891152
38.0,44119.28325999328,532.3618145484487,8.172078684617059,Male,0,1.0129042954317684
38.0,50424.80395516646,584.577973867224,2.760398859715432,Male,1,1.7093187551640736
34.0,56320.40381460063,724.4738269715319,1.0290128508769487,Female,1,1.1437201805024104
43.0,34770.61438625276,753.0316695473671,2.573992009351047,Female,1,0.43066583617363474
43.0,59348.538449582265,509.65009830015117,1.2522642447345624,Male,0,1.6663410020745495
18.0,74556.82685002558,540.7298136752914,0.7308758081773047,Male,0,1.1803848275322721
48.0,47407.7997215989,677.7842809471848,1.3666307278048082,Male,1,1.314420565575231
18.0,33064.03367251548,884.4419387763796,10.1020334098868,Male,1,1.1946288757635508
45.0,49000.98459467039,774.626278099868,0.5599253117507302,Male,1,1.618747807007018
46.0,16634.238370866966,625.190295036819,17.975049333303502,Male,1,1.3446084085366687
24.0,55053.54895964924,408.0870861924244,0.025054938710075005,Female,0,0.21663486877848115
31.0,56784.115664728684,658.1642734421159,5.368205711792108,Male,1,1.711123752679295
24.0,75134.54440768342,686.2296803646553,9.707518826528645,Female,1,0.34394807993083454
33.0,47090.078111500625,611.7304858917197,13.587295238524593,Male,0,1.4737032092047067
32.0,56127.280072197056,564.9276009453405,0.7773403645406709,Female,0,0.7173795866336156
43.0,37080.67846421148,665.9165260321388,5.9900944281846344,Male,1,1.5120502806614122
48.0,44653.59319212382,555.7738806106039,0.5677991705707771,Male,1,1.5574682710641947
49.0,27122.21845006703,837.2448660808724,2.1740434577346837,Male,1,1.7494227547767536
29.0,47078.155680751464,801.6744797533818,6.582467753981071,Male,1,1.4029451170422307
33.0,45420.36269722153,715.7912631592761,2.123034948871584,Male,1,1.764302497912626
18.0,54487.99649133344,658.9710569119317,1.8798329579411766,Male,1,1.7182918970633607
27.0,40646.04679501041,583.983591338644,0.6168000211445026,Male,0,1.4105759218848
45.0,51250.180264626375,647.9212816109099,0.34374001267804466,Male,1,1.746091676455846
51.0,44999.299165885015,813.9297135207275,0.6124089888057295,Male,1,1.779054235484207
23.0,45027.509175507286,736.8654058436629,10.41623486359228,Male,1,1.172663504342319
29.0,51205.43488944545,670.3692278476459,0.05630850478971472,Female,0,0.13936521210736574
35.0,50607.84413475515,742.3974334167596,5.902353598799294,Male,1,1.4640070845532125
38.0,61417.61058577458,704.5610663380828,7.318560898401954,Female,1,0.255850174884496
27.0,48190.35448805248,689.6277539886872,4.195355844485482,Male,1,1.4676154126209513
39.0,44751.71976315495,748.0563258991535,6.561045796671245,Female,1,1.042074459823802
30.0,47287.88832369161,701.7027644824758,5.281640052990255,Male,1,1.871535269755546
35.0,39280.03824738511,735.8551470103379,3.039973801836317,Male,1,1.6428984937030098
40.0,44601.33359649993,666.1387049634509,2.412085212226562,Male,0,1.5808768572767575
35.0,80467.38069609847,624.5874176809897,14.179303239815258,Female,0,0.30310862680445005
31.0,36309.818589562,595.1837121059851,17.8666933312809,Female,1,1.051341705809586
34.0,45820.154991810356,583.2690394529042,5.267306600657217,Female,1,-0.046054237038640755
34.0,44187.67005095464,489.4829557558468,1.0988639429822797,Female,0,0.6395359846869282
31.0,46292.425816334006,558.8060053188335,2.9701228632263383,Female,0,0.8833944688571255
32.0,45031.41036682407,555.9146470417819,3.431230142741359,Male,1,1.2279947455258984
51.0,54188.601518314994,599.2654804015964,7.093469051596576,Female,1,0.5070813552263329
41.0,24347.373479123085,806.2244210638291,5.509746220414835,Male,1,1.0585958378583316
32.0,65557.57208798006,634.2438044446222,3.6161192074431012,Female,0,0.16791977941770986
42.0,59488.74199463296,674.176688988431,5.7028708785196,Male,1,1.3794771645167643
32.0,31356.926209052977,677.3319644511927,0.12175469434801993,Male,1,1.19859905287959
47.0,15963.84090571398,808.7580912842367,7.4947475767091865,Male,1,1.8122927289189612
39.0,35343.917807878985,592.4414546154709,1.1889529494280038,Male,1,1.1055031813585277
34.0,46360.00307859316,627.7477919741939,5.341518443235399,Female,1,0.20991261193496802
39.0,88704.37848036163,639.3800628225816,0.6050406968556689,Male,0,1.2969348442463178
19.0,58148.8544746141,763.6534855774768,0.607792972662728,Female,0,0.14656186711706398
24.0,22886.155262278135,784.4105693754454,0.18154453085541655,Male,1,1.9357411938819862
23.0,39655.167426485845,697.4583819693944,12.052678698151754,Female,1,0.002264012996153586
36.0,49201.81345590525,773.2909374061879,4.6387653420191715,Female,1,0.8886913144255322
52.0,53805.253314471454,667.766099646899,2.2467866816707955,Male,1,1.313943352988494
57.0,30278.767095343657,632.7396752383178,7.750605810351251,Female,1,0.31961460316632007
41.0,47975.14658034408,767.8724086585622,4.9185964674548055,Male,1,1.5086586666263613
40.0,39235.41293584189,698.7617675233797,4.838979689789916,Male,1,1.0662584286283066
17.0,33443.62156096526,576.4469334092419,3.3378142855096145,Male,1,2.1582102814121917
30.0,53893.93470048431,749.7420938124351,0.03979181297410268,Female,1,0.3366856948200056
27.0,61608.157601642335,629.150736897972,1.4951477709238516,Male,0,1.478540425298935
29.0,62615.61915442429,616.9176477275796,0.577484661042007,Male,1,1.2945769020135935
33.0,58615.79526700814,739.3004368199712,5.429613500977948,Male,1,1.213328392954499
30.0,42539.45700289606,641.1167859155087,1.4292242844116072,Male,1,1.8887946530505262
15.0,60718.24642195259,688.895853604029,2.9907003611239396,Female,1,-0.34094858118816085
42.0,54635.81657156432,716.19395840708,2.1803713632248347,Male,1,1.594592318569334
24.0,52009.1282442802,571.7056920727616,0.7727464342003519,Male,0,1.1161437539864203
37.0,40824.60317447303,688.4850564682201,15.894699059494888,Male,1,1.410217324753954
56.0,42546.858089877074,784.9473105261624,13.546703539281012,Male,1,1.3133920376915265
26.0,51108.30404186831,554.353285626039,0.4420154669069406,Female,0,0.6666296048666219
10.0,86598.11700478251,694.9908888831228,8.782888938653384,Male,0,1.6401937452450277
32.0,54518.63720137085,567.0532265419713,3.3508038473376516,Female,0,0.29779072462554995
46.0,40832.17246624571,752.1397683840398,7.430261548776333,Male,1,1.7077901274633185
55.0,37514.15832545836,751.1905583749772,0.819405937183574,Male,1,1.7162210823806043
23.0,42623.500810156955,614.5677659750901,0.70939720569135,Female,0,0.592133180650124
40.0,82659.40171323599,870.9628652190863,11.070925527215913,Female,1,0.12791146327404418
30.0,44011.15031081057,760.6625309137285,11.405071709588285,Female,1,0.7033498941829297
34.0,63603.058019154276,720.6928985136169,3.1359748216167995,Male,1,1.2636269687910564
61.0,44361.076317929655,715.0610896106135,10.207176968095602,Male,1,1.1819205544599272
20.0,53917.76811919443,748.3926909206224,5.504959861908205,Female,1,0.42305217591971933
38.0,61876.17911013083,550.435759275584,1.02289559968321,Male,1,1.2774023499167138
40.0,41421.45725285114,669.4607598461024,1.9945899219802652,Male,1,1.9134436846910932
46.0,40383.325187708455,688.3190385377327,0.7312635499501406,Male,1,1.9877954023090227
36.0,74883.04541682995,609.986393669744,7.43496588437731,Male,1,1.6424771091820602
38.0,64768.89342343695,696.4795269443965,21.082806646592772,Male,1,1.5730533905710014
31.0,61860.08478036092,773.1694300434006,3.952458733854698,Female,1,0.714057303469403
38.0,61809.14439684371,607.8230912234094,5.33359777124317,Male,0,2.2121191887310263
32.0,56893.63232466598,644.5575699628695,6.853927599297716,Female,0,0.7600555019970654
41.0,80266.63719762597,567.9414704146055,1.269683547194396,Male,1,1.4386247092838877
31.0,50658.62452815735,471.30109901892075,2.047375042367419,Male,0,1.4403313074925022
39.0,58658.93550801379,727.8932180520511,2.6578737905493655,Male,1,1.5980795800729333
35.0,28236.306071089813,647.4266205160752,4.514261074771259,Male,1,1.1461209671676469
46.0,37625.58970113139,654.7579417152788,9.502046214469239,Male,1,0.9600310226228341
34.0,31987.715002474393,551.3226381826473,1.466512819919514,Female,1,1.23154505985362
17.0,69110.95375274224,631.4496470963809,3.182783313252079,Female,0,0.22154372590813776
48.0,11711.89771968875,759.6593789182124,6.962244531789537,Male,1,1.216511191743399
26.0,43965.34965870916,650.082133677946,0.45720586763103205,Male,1,1.9364570631886855
28.0,5094.4009600906575,652.9183758055412,3.596362042111852,Male,1,1.0592231364017297
29.0,37530.68156777165,670.7528277863422,0.7796428997440273,Male,1,1.0993605955669061
49.0,42635.765754022,526.3617871593544,3.8734013727510512,Female,0,1.1509421083568463
14.0,70773.06640691066,712.4920464102357,7.301271195686784,Male,1,1.3064069652472865
66.0,55949.419088321854,524.480188508417,1.352141630737254,Male,1,1.3805032123302663
46.0,37502.877150065506,556.0384418720973,9.468244928386948,Female,0,0.5143618166980853
37.0,65989.45579597738,545.0785230992835,2.038368551991263,Male,1,1.4895603999869267
34.0,50267.48381794636,632.4775033369455,1.0584523421163323,Male,1,1.3134631939950228
38.0,50563.50288060879,614.7547296462143,3.1304659581190846,Male,0,1.1842629500732653
40.0,31959.92738342012,649.8774961691745,10.440396988076001,Male,1,1.625657026730772
41.0,35149.79429145291,559.4743840223557,0.3571205218467017,Female,1,0.5316945377763471
41.0,37623.54050081714,750.5495320306378,1.984297213101367,Male,1,1.734350039746888
36.0,50696.91909731284,733.4027568726331,5.294504186018151,Male,1,1.0552773879929993
33.0,51168.28590471012,632.618648710828,2.212571679042869,Male,1,1.2755510229538145
33.0,73161.38995286067,602.1633283412062,0.3672855071019768,Male,0,2.112671670288334
33.0,55775.82751906751,592.06425066548,2.0173278085243855,Male,1,2.1535793771514684
46.0,9386.514594918379,618.9855004989321,8.600713028928586,Female,1,0.5081850416249161
41.0,53939.62981807536,509.97547712488233,17.21596321236133,Male,1,1.8622357901636692
6.0,28249.754657487007,554.039268778816,0.2029600912805674,Female,0,0.8465239751764476
42.0,35510.43613082695,736.0120391984966,4.211529576925958,Male,1,1.8189352415462334
37.0,37817.45792410505,680.1812486075869,0.5563532475315248,Male,1,1.479953165757772
35.0,40049.92514731547,813.4274485976531,5.703371025932759,Female,1,0.31493084188417325
31.0,29372.759119395454,620.0804849830679,0.03961767230728523,Female,1,0.8308179077990712
46.0,53052.23005178432,613.8486772893133,0.07425681640247532,Male,1,1.6234500464416062
44.0,28837.96572363561,609.2101075456352,7.500223788717921,Male,1,1.5715246693001945
27.0,55350.0141087477,618.0835516781831,0.38675632888471234,Male,0,1.6430868779781391
39.0,83554.56615592443,584.0045986853402,1.8205243472032753,Male,1,1.2563701739290258
25.0,30059.614115989043,677.09882146872,15.85524301420709,Male,1,1.354854118378282
21.0,45732.345434911666,652.9104067148411,21.081583939998257,Female,1,0.5946200511790765
29.0,12148.13956231295,599.0085498161727,0.8801242847317274,Male,1,1.7670664487117034
44.0,45485.970605448005,775.1148913018902,4.115162386371508,Male,1,1.2307006117025068
45.0,59640.757289472254,839.6582922486307,4.095239700320887,Male,1,1.4252734500128033
40.0,60809.588470359005,766.6577205573401,3.010874620982482,Male,0,1.5759497847186077
42.0,51160.45595426145,705.8124013083395,12.931386229789943,Male,1,1.3318277928196174
40.0,63338.95137138464,726.1769726263774,7.012807972594914,Female,1,0.36084433539839816
29.0,88190.81803914189,835.6415517826335,7.2307937431796345,Male,1,1.5767550871545
39.0,75684.57031156399,726.0319315759424,1.5706054961040046,Female,0,0.5955361291525684
43.0,42162.18605885545,591.4814147400715,2.84863164493978,Male,1,1.7300550374446313
43.0,28233.44020299892,689.2272526650548,3.3415284901387365,Female,1,0.15059022275299172
47.0,43907.72875139295,712.6244266063318,1.7756096182421666,Female,0,-0.06645553654654301
42.0,35795.25851573978,550.528272596408,0.49809501069498935,Male,0,1.3517916982105962
39.0,56770.21321796949,621.5069181356822,0.6754300018471783,Male,1,1.2036713589025125
46.0,32282.096908557527,760.0391824055466,0.9963486141860339,Female,1,0.1781892453758845
35.0,48907.66351114487,467.65072649504134,1.1386033917637886,Male,0,1.4397506312097732
26.0,62570.21081804465,524.9571454959406,1.3870867386956576,Male,1,1.4044591807000444
33.0,48489.56190774235,632.3592946371672,1.474943699343739,Male,1,1.934599643945355
28.0,35805.29265878305,685.3679595505705,3.0414237214208333,Female,1,0.8068485352807414
28.0,67622.21086378538,514.2367555051093,3.5623961394068777,Male,0,1.2275932951115438
34.0,21815.28582869259,637.3210748334059,1.847203315745121,Male,1,1.7194270088969006
27.0,45083.074161838056,765.3768539088567,11.891740935495964,Female,0,0.6134295799523917
32.0,49375.09964927998,656.8651457074284,4.027546567042832,Male,1,1.2407955471274903
16.0,50238.62987599447,743.9088943631131,7.743523612754762,Female,1,0.3667490353373275
37.0,52707.44084117122,590.7885878664997,12.900781096921465,Female,0,0.5017993118878021
35.0,59156.5972971424,569.0083143210818,0.8904632436733659,Male,0,1.3831963292293505
27.0,49468.888414319736,734.8873830285047,2.7919843880544795,Female,1,0.5001689297201959
42.0,44479.12576784479,686.926553465619,2.8388356149146343,Male,1,1.292845271056303
44.0,43886.15983010457,531.4403992225541,2.1884354018412857,Female,0,0.7643696138470935
19.0,40827.26296942468,569.9159083837211,0.04472880409902486,Female,0,0.17836278113645992
27.0,61813.14986490298,806.4581241057415,8.463339723494745,Male,1,1.7022882625222318
27.0,40302.07280785228,557.5444780530684,0.5914369978731211,Male,1,1.2305860017509478
26.0,62701.566635123665,743.4328746725997,26.99687788731611,Female,1,0.43530771894719045
43.0,50284.98623389807,602.18133027663,7.413112115999271,Male,1,1.2654168444590734
33.0,42181.17789715806,649.6824143232868,4.337622097166277,Female,1,0.3533461983709648
32.0,59276.10823616202,679.4592620943372,0.8397649112259298,Male,1,1.5433577181852902
15.0,39088.19112915323,439.9018789500401,3.622084833850991,Female,1,0.5962059262463434
41.0,59572.76061092319,503.7282664572701,1.5130225740599488,Male,1,2.255580616867359
23.0,53190.89181787677,658.6333018787162,1.453917882688969,Female,0,0.468423898904478
36.0,41055.12966362119,577.569243621612,8.845957738027355,Male,1,1.469872366590405
38.0,57929.52223001839,749.6581295274623,2.395378674849781,Male,1,1.9010983750943071
49.0,58198.84588532958,489.3879119131875,2.9957693680865045,Female,0,0.6269176546517454
22.0,67362.79408714936,706.5255056257987,9.256424493630131,Male,1,1.4703830305668144
5.0,64492.20518613944,512.3778779595674,0.4594286909695712,Female,0,0.24306122953804232
37.0,57369.11031089424,614.7895005855571,4.5146254207285645,Female,0,0.6449608976517007
53.0,33086.13573186855,543.5622235762036,4.316305944499314,Female,1,0.28146370321556713
47.0,86728.80482261085,840.2429880471198,2.7687923588491015,Male,1,1.903604169215458
37.0,28945.756833922846,516.0507837029965,8.853160405666374,Male,0,1.809461150610149
30.0,64238.94761423464,637.7940304630977,14.313885601490545,Male,1,1.6400639170512779
43.0,56469.257253294476,477.3163851979848,3.1305825424991403,Male,1,1.563228325050176
25.0,32387.86441278328,809.9570122070589,3.045381915014966,Male,1,2.1114476110405356
40.0,48135.485916822516,690.1282416177205,3.486415906864476,Female,1,0.32016003123163644
40.0,48818.70670633039,663.6973089598667,6.420928189058294,Female,0,0.5451007143748141
46.0,69583.74073715784,797.4312939291726,5.514009625237507,Male,1,1.852263964227669
63.0,39300.33649579683,664.7422441422613,1.2605126529469515,Female,1,-0.053570306547865876
39.0,46070.82490363469,671.9571356141076,0.33014000851251973,Male,1,1.2712819742475874
30.0,14958.955924681053,663.1725288065152,14.904625200358526,Male,1,2.34453728263504
35.0,76021.44189685366,706.363432544312,1.5127587998211165,Male,0,2.0011621041160654
17.0,33942.976354698934,600.7558616078737,5.088803636740384,Male,1,1.817994570005236
28.0,54903.66296358762,628.5712692636667,8.814052888324667,Female,1,0.0725955271723529
31.0,48478.88255417204,731.0334628457446,1.785351900189169,Female,1,0.32731381424644257
30.0,48529.9854982499,677.7372951557882,5.045230328176552,Male,1,0.80657062014431
37.0,62147.92977306312,638.5756085897874,0.5708865768939799,Female,0,0.20930472506225123
27.0,75068.93690455452,509.9477608969288,17.521376584559512,Male,0,1.5320005826307637
46.0,53772.40504912988,799.8050284536596,0.2995901937317371,Female,1,0.4156305608666146
35.0,59826.17026445789,583.8545890049229,2.8828214247267154,Female,0,0.64605124467758
35.0,54933.37305090561,748.7237238419257,3.8481894758329407,Female,1,0.5866312457571393
32.0,65262.971358959396,667.5753651688085,7.814722840241052,Male,0,1.2116342464827095
37.0,43056.254307705094,520.654947727013,0.6455830012997419,Male,0,1.7259391470831738
43.0,66130.85831624622,775.2275477530616,2.906311737809359,Male,1,1.6195250099612857
26.0,66657.49798471076,675.4540646399539,1.7813149264799686,Male,0,0.9740347038813977
28.0,66238.05513024365,783.5345356737042,1.8699100815287786,Male,1,1.9013865844904232
32.0,40097.78198995286,631.7591299264081,7.543166909131484,Male,1,1.530386633395315
22.0,47474.93548644214,720.4051229967055,0.027379552503778975,Female,1,0.41531621061491014
27.0,53592.00483170652,473.7472888654986,6.913178138994099,Male,0,1.6231577951649925
30.0,29437.369327564913,599.9784136406242,8.314152046270355,Female,0,0.47533421321696134
44.0,73923.80312129023,522.7006667768728,11.581505840877128,Male,0,1.6272741786530875
38.0,49815.85199746736,612.5216149961608,4.929300140575096,Female,0,0.15604319813763956
37.0,54258.91831407083,697.1811739506145,2.028240586308399,Female,1,0.16571218735510368
44.0,41344.93340409196,589.5419912345855,2.7863965080362414,Male,1,1.6803779534555716
34.0,30096.836609494658,736.3842093638782,17.48899555321163,Female,1,0.896025011348863
39.0,40939.551717878436,564.3387356449989,10.651014948070873,Female,0,0.6118796907415747
34.0,53288.06281450383,738.5236613649979,3.1136850545016905,Male,1,1.3883752895473984
38.0,60101.4321913054,780.9757165874037,14.329050052251572,Female,1,0.9773094018552742
29.0,52426.873109040804,751.3526135090985,8.656753188469242,Male,1,1.7324508906352922
11.0,55200.86024362926,615.5810948170227,11.567717672920288,Male,1,1.9350557097930885
34.0,44944.60437977935,437.45464020558575,5.743908462327654,Male,1,1.344750135722307
49.0,57443.728493681425,708.2166996737348,9.747474353667464,Male,1,1.5945500920786921
44.0,72242.4929957886,637.4765285284697,11.117305174256384,Male,0,1.077277678815648
45.0,60571.8416365848,552.1607059872647,0.4826458273014151,Female,0,0.8468774012705846
47.0,62143.1283237941,594.3720935129589,16.793129231541734,Female,1,-0.15818834889864208
36.0,54410.24598959947,793.4425316444801,2.0294242216559217,Female,1,0.2609698085313267
37.0,27452.673956005972,536.2659799389845,2.8981953208954025,Male,1,1.3941303186725056
29.0,34330.002040531355,696.8309175621212,7.848773050516524,Female,1,0.5319781086959979
32.0,56823.13700995765,671.7958175637403,5.466576297244239,Male,1,1.5527770040124993
41.0,49835.914220598715,614.2612335336768,11.177432653240672,Female,0,-0.07492570911013163
47.0,56597.64329709242,714.4532687313047,2.5589116628028004,Male,1,1.2041383760726743
34.0,75146.3512676611,813.2245258898865,2.336342175918315,Female,1,0.6947564642311939
30.0,60890.53998844,620.4028496113801,0.16100903465461586,Female,0,0.2294104612483585
35.0,68883.29308614232,625.6819051922898,3.106229561726726,Female,0,0.7474546315371184
41.0,51420.22084206095,712.20649049902,6.438054301903195,Female,0,0.5862373463238193
21.0,37891.764837733404,741.8242821435001,1.791801227926384,Female,1,0.14839122773636249
12.0,49132.00761178489,637.2292792851365,3.106240142957786,Female,0,0.6036505510047587
29.0,37928.72279421293,619.4626263906351,1.2384478276120583,Female,1,0.7246852392227905
23.0,73374.42435158673,428.235347928024,7.409354611174969,Female,0,0.6084496099687837
30.0,61855.866148032044,572.1991087633446,0.3120988302454467,Male,0,1.1835649914513624
34.0,57807.68744942419,536.068832793245,6.110396289700257,Female,0,-0.01861861219336247
30.0,68539.14803342154,718.4624996311891,2.3816380113480657,Male,0,1.5908199094833788
50.0,19699.153782151618,625.6097051399158,0.21242975202786663,Female,1,1.3462446154169099
38.0,58822.069270139895,621.6978394461072,9.602611383960102,Male,1,0.749833111427242
38.0,30340.313235434412,649.0943736377019,3.3444378273379445,Female,1,0.5346650745466077
41.0,49891.16452301508,562.98235298746,4.572948018269512,Male,0,1.3354650055287014
24.0,45324.386112991786,805.3247186688754,6.584414128214559,Male,1,1.7760734038681556
45.0,59926.04918145422,779.8193911696611,5.322133165286104,Female,0,0.7351741899046723
34.0,53422.809334414334,811.8106783047688,6.562559810639583,Male,1,1.4085584948077954
42.0,70176.75760417682,718.3417231238891,7.183344274519735,Male,0,1.504736223887962
24.0,40971.54258601079,647.0521884978062,4.447654099864932,Female,1,0.49354545957629187
19.0,60636.71584449926,811.4729303006885,2.275676215090114,Male,1,1.6410177794967276
43.0,52433.34825348248,581.903316408702,1.3928991175812657,Male,1,1.5575977169331312
39.0,25470.64594892671,562.8791020966987,11.66023618715407,Female,0,0.5335790044334564
26.0,36220.75312215451,589.8488485230141,17.520279256616373,Female,1,0.9129782277828864
26.0,47751.82949716748,702.2871266914299,2.213209048152304,Male,1,1.430946566947214
46.0,66684.38674837592,573.7894806612327,0.5956675867638215,Male,1,1.5330526222114351
23.0,56955.84586335672,634.4627011782002,1.2585982261709519,Male,1,1.2043682081973268
51.0,32487.487641789285,489.8144706115224,5.553434663093224,Male,0,1.1241977814783766
26.0,47895.2565792926,698.1097665428244,0.9493500941714518,Male,1,1.4977753120348822
41.0,80267.09673189545,498.28966328168906,7.573418368886385,Male,0,1.5308760599946476
32.0,51668.35002261287,556.7838945134638,12.821713299554983,Male,1,1.7068203446979653
41.0,45090.11637391406,771.7167134896644,16.573013780848328,Female,0,0.4720626178005769
30.0,57376.09461134331,768.0318316986111,0.04684630370874302,Male,0,1.5763063801394275
33.0,61450.89619372955,687.4313089546498,15.868815040063684,Male,1,2.005462098222227
35.0,43157.47478779912,677.5663581735231,6.739108467830563,Female,1,0.236781521664795
25.0,57538.62161557155,596.9040352845741,0.43896877263822737,Male,1,1.4431089457892794
42.0,45066.65754993786,572.7096336257798,2.682772869995429,Female,0,1.230070786395419
30.0,60789.91402744158,613.775830224262,6.020621988736675,Male,1,1.144828713362104
33.0,52545.397369569255,498.6345825537682,15.696338288089473,Male,0,1.7063845090759953
25.0,57229.517405793384,675.2448554953663,0.8964790565791058,Male,1,1.521433529576251
9.0,38612.246807487434,654.883112480841,0.6833001624591357,Male,1,1.5270666380933986
33.0,37680.704238907114,556.6578733289733,3.1965825461763857,Female,0,0.48731640059207665
59.0,64182.459569890925,806.8681918841357,17.225572953742088,Female,1,0.907876187987036
43.0,48809.05427921759,710.6913710287048,17.768110429365052,Male,1,1.6233119156751048
35.0,54275.52113149042,719.1841804008857,1.2933014800233413,Male,1,1.3830956783241746
32.0,45404.068593702206,601.2660073960835,1.9235143243905335,Male,1,1.970842274913901
35.0,63480.90161020466,649.8669921973676,11.931572162174664,Female,1,0.20861666724547345
40.0,40882.85029955514,712.7372670187423,6.637137420434521,Male,1,1.2943258854063262
23.0,47965.98140148676,665.2782367100235,17.934580670352315,Male,1,1.3342495821495253
46.0,61789.892190546976,810.1900784769872,11.181569884685455,Male,0,1.2837971099158705
42.0,67594.51548746398,629.6212430583249,1.2109696288676943,Male,1,0.9760201322818571
42.0,42143.61063459975,599.5439467763889,7.129894584941681,Male,1,1.9932165967764968
39.0,79395.25972933824,713.4252876471426,0.2489207557448733,Female,1,0.5000109424767233
35.0,54698.625405404244,523.5352727713488,8.514151078090999,Female,0,0.7367339578791683
42.0,34356.076072868935,742.4296932308112,4.600951155799748,Female,1,0.41399541580977545
41.0,55535.780728849524,519.9288199408018,15.629314435395283,Male,0,1.4518424518360638
31.0,44255.01178274814,713.858466605855,16.098437704737695,Male,1,1.412700449307313
29.0,56511.02730774765,585.1726445827337,0.26075836093853905,Male,1,1.211974276471807
36.0,49357.15628509493,697.6584146983394,0.8748719803436453,Female,1,0.8172454332797475
50.0,51114.10535285217,740.7342946061017,3.3102492425914405,Male,1,1.3103079587417612
23.0,36326.09935120781,665.3421195503919,10.580258963041828,Male,1,1.2083445516964595
20.0,64850.9184607454,530.0379048359321,8.422023558957891,Female,1,0.8140668271872655
37.0,32658.089492734518,560.3224755492848,16.672840194799573,Male,1,1.2533184454258213
36.0,33368.526568925074,577.1340858966217,4.812774482428502,Male,1,1.9213616989200613
37.0,55510.4052372123,460.4993106402226,1.4823597495058967,Male,1,1.285604403345979
37.0,74042.66370766955,762.7477858731929,0.12713593908754833,Male,1,1.0491114315000387
33.0,44711.10354403389,661.0107585756328,1.2611016327607287,Male,1,1.657516479630505
50.0,60514.58484055949,536.4481954811006,5.623855296252089,Male,0,1.3659673794517544
19.0,66100.10265295318,795.5674857458357,13.037054640612178,Male,1,1.0257544607696514
27.0,62220.26655941104,579.8671899861837,1.9349614356237446,Male,0,1.576413374145795
34.0,45331.87566239478,675.0572489074872,10.425460592380665,Male,0,1.1082272116374365
19.0,33634.299242088884,567.4729454803798,2.511793252663306,Female,1,0.8354147475955573
33.0,16886.786514929678,448.1739846670972,1.842806895322737,Male,1,1.7031109354276042
52.0,46057.3925080641,513.5559441148739,3.5549698853228895,Male,1,1.946698487314908
35.0,67671.31052843262,605.1509569133568,2.919432832600087,Female,0,1.02292857135348
37.0,33137.51022857099,739.8296871206048,12.255417879945185,Male,1,1.8634915525243
22.0,60503.14771278148,684.6533146819245,3.157974450823118,Male,1,1.7406128016176416
29.0,35747.71204922192,664.0205126171245,1.6240502359655018,Male,1,1.700171107577268
31.0,51591.08864580257,448.9972377255118,9.243731362559567,Female,0,0.7272791653209318
32.0,60616.87421232527,777.0086147680095,33.421105658069344,Female,1,0.38986578508906233
48.0,40107.56844742358,672.3679696495556,5.22305604155482,Female,1,-0.0609025865833579
41.0,52557.27021045371,638.058233010784,1.4414871016063238,Female,0,0.6437897059158403
24.0,43773.62994912007,763.2423109988895,1.3643947532874166,Male,1,1.1218120109619143
37.0,60577.22988407265,774.7496723568274,0.29719345020154403,Female,0,0.31619081194050835
40.0,53529.75752726956,765.4590247609191,0.4022178986779896,Male,1,1.4431997863949477
46.0,50847.61511643901,625.2913503296712,12.32452581031536,Male,0,1.4153421056173907
51.0,73375.24940212967,549.6523439215805,0.5073244952281898,Male,1,1.2974680105132166
25.0,59934.59213552453,748.8922917142073,3.3115755412745767,Male,1,1.1002108740949315
27.0,39644.722008105666,513.4945556929583,5.98865793474573,Male,0,1.4087214690311916
22.0,48712.041488033574,844.7256738664282,9.497440024621048,Male,1,1.4166833948294715
33.0,48861.51822380509,652.7999545194563,0.9393100857122006,Female,0,0.3136396737682966
40.0,51204.793589378176,543.9115744300416,2.8792984861276194,Male,1,1.6947996912220287
45.0,87867.63914911242,526.8131445843389,1.4482880795253532,Female,0,-0.1004138357863078
34.0,55562.77839066496,522.2395175943941,1.4773824505591078,Male,1,1.584117963090831
32.0,19461.46144842836,664.0362906720843,1.8108738262426725,Female,0,0.5071875857070461
37.0,41858.015424245525,649.3607679940213,4.422945582313414,Male,1,1.480126133154127
27.0,21014.418687562873,526.4077826490807,0.08358207834785952,Female,1,0.6555186912807212
56.0,45053.0261443124,614.3544213444098,2.6277194256037766,Male,1,1.233042736581711
19.0,20190.346554103573,513.2064613908658,1.034076277526692,Male,1,1.4934155924970396
37.0,36926.14293397358,708.9301805944173,17.074226741425452,Female,0,0.7987308209664865
55.0,27189.177055488202,644.5406733887286,4.37009884907656,Female,0,0.8559294081853852
35.0,55762.402669512165,612.1597494082552,10.128384333904297,Male,1,1.7945683380907176
33.0,50008.09043943318,521.1889269932473,1.088852477641695,Male,0,1.0213270702248682
31.0,54544.43461248097,619.9844399777235,8.304069191277348,Male,0,1.4643495401648625
33.0,48431.72917147211,608.5272118653673,2.6788581992837885,Male,1,1.9428123165405804
49.0,29085.533746933732,681.7726701209597,0.978217640648195,Female,0,0.5713278898817347
13.0,57702.82053882103,666.7017978116961,7.161591025571104,Male,1,1.5086830306563952
50.0,78833.36840404179,729.2060102079342,7.177656175167226,Female,1,0.4170432280517625
21.0,56138.1886790982,601.5423456494938,27.469115506475855,Female,0,0.45964214588755925
32.0,43611.13101023651,463.95884978035053,7.591985571922625,Male,0,1.4496675803476635
31.0,28578.992358418323,749.109287659804,0.7848321479038772,Male,1,0.9010343130053812
41.0,36378.99543860052,556.3967486951819,1.9470588397255875,Male,0,1.8038166801841409
19.0,56795.594848580884,539.3082946984745,3.004908950231482,Female,0,0.4180165904457512
40.0,66096.77040199062,645.6883454886248,0.6771104984819512,Male,0,0.975663324120712
55.0,53912.99262082964,680.2270512954517,7.756764314730297,Male,1,1.8078072874405895
21.0,61998.309345589754,596.9163594285317,3.7401137647004528,Male,1,1.7037730526745087
37.0,60615.17366040865,596.1307318531873,14.452320029372208,Male,1,1.6317266681186682
28.0,57598.01587078876,610.8973682234445,4.449560445279247,Male,1,2.1708789055737547
39.0,40122.89607108116,791.6540350993143,3.7001362299018634,Male,1,1.5289008677055052
35.0,52608.852679627285,649.7321912441868,0.37052145351791543,Male,1,1.9590483647638348
29.0,37274.33294176793,553.2037160538204,0.8087485091731705,Female,0,0.8286684989202122
40.0,50261.434294371524,554.2216643097033,9.469827386708241,Male,1,1.6357278288225057
53.0,54962.95296600368,624.911582041763,23.375805898135077,Female,1,0.8759046662459977
33.0,75181.75711080282,673.7857934028008,2.682248469272243,Male,1,0.934403262755106
42.0,30354.020384485517,698.3980161966191,8.305921908631786,Female,1,0.317926850830625
22.0,57222.61446486958,662.4158603847216,4.938742564279861,Male,1,1.4746658733002245
25.0,72218.54887435392,565.8126649082911,15.978149788097259,Male,0,1.4288230121329182
40.0,61382.71648758194,607.6058700439218,1.359944192616305,Female,0,0.7855253233886292
50.0,62494.181642375625,723.3907881864624,3.9354846039972085,Female,1,0.6488393799588966
39.0,58815.423528017185,535.3908039546905,2.627969181021715,Male,0,1.6350406902500467
32.0,69475.01734663126,603.4246606922537,3.9013307360640246,Male,1,1.8872757378550356
35.0,33687.82747831448,709.7462857881353,1.5657384887263512,Female,1,0.6128928075440531
22.0,29211.100010446302,737.5281426635177,3.4432481756430593,Male,1,1.6178750199866796
41.0,49904.98789302116,630.7084628908617,4.901535569747141,Female,1,0.7919912888730489
44.0,17582.568446424353,608.8793189429184,0.4235204804136419,Female,1,0.26128807668291476
30.0,68459.68706267017,517.788205855626,6.793148015641663,Male,0,1.2691605092205192
30.0,68310.72793243162,702.5639922727095,6.129779409111191,Female,0,0.13807886897250238
38.0,43499.741673732104,781.877968514679,10.62042085483947,Male,1,1.5554320023454726
31.0,44438.441050092355,906.5154058599692,2.77438002073001,Female,1,0.026512200083744997
34.0,48914.78787273993,688.6446183518046,0.3182632754424469,Male,0,1.5117187296360752
56.0,50780.309756594295,644.9120348356018,3.0944780059354042,Male,1,1.6450891226958675
33.0,51907.60878791428,558.0189386849092,0.7402335719590101,Female,0,0.9105219392503441
31.0,58373.48160317454,462.11430862568506,5.212768922427772,Male,0,1.1844537439672336
29.0,47410.60470487283,667.6959249739833,0.24139197741619695,Female,1,0.11481688578406363
42.0,64147.89955216691,885.0339120154304,2.3419958352409496,Male,1,1.6826479494623576
33.0,56689.21665687955,777.0812229656913,0.43238250114944055,Male,1,1.454017078130728
29.0,40895.54831191047,761.6564269113799,0.01686056630053531,Male,1,1.758933289998664
48.0,70026.69001706145,674.5602817057916,16.164521819170698,Female,0,0.3428881104071099
49.0,29626.145208162696,685.9523160280322,27.7690787104995,Male,1,0.9448800967961082
29.0,48617.51283767785,407.62526817220225,4.054059320833941,Female,0,0.45953476040455943
16.0,64503.76101613202,726.2510580763997,1.365319534814711,Male,1,1.4624570751893864
45.0,39153.90342631783,592.0659430424184,12.10116150986343,Male,1,1.192886940597108
28.0,54643.33470150727,579.8272653404113,12.822126284078315,Female,0,0.9445849677696312
43.0,58150.09395498572,617.6743046951392,9.63820150970094,Male,1,1.1163964301986238
15.0,37092.14198028141,614.2995510548985,3.9303708423579247,Male,1,1.3684216621843477
44.0,48912.83420608947,578.2364408028337,0.38819802538141607,Female,0,0.2546134016784348
23.0,47652.44254686185,651.3872072175976,0.46298342477074295,Male,1,1.6033871860649098
42.0,41723.93222251561,594.1722403791947,11.346708528750323,Female,1,0.7590317462067546
35.0,84525.12278076162,660.0322955756146,10.430391479755276,Female,0,0.127218804329488
25.0,38553.40469831786,501.2822185449967,2.8493165043530695,Male,1,2.2793235846307343
31.0,65073.95441101825,628.5942229367982,1.9886352671999716,Female,0,0.4754493413992938
42.0,44107.98474678287,540.3704410313749,5.1658634951000835,Female,0,0.8049592827679557
36.0,33700.45716672077,585.8550681502134,8.225013238774611,Female,0,0.20092204962229326
41.0,51542.21364732603,664.3398843033531,6.577966997882459,Male,1,1.4079427310655686
55.0,59736.40076581251,489.6002385245042,4.780396225636221,Female,0,0.9599332893366896
19.0,63807.64362598518,567.7592622727863,1.3166454376894845,Female,1,0.7696829415861957
51.0,73433.97665982603,706.8964384836333,1.5224789656156537,Male,1,1.5104763717804537
36.0,94178.6943490265,508.68221581341993,6.437994704886057,Male,0,1.4483448699152772
26.0,53757.71305633396,827.7867140278807,8.113118633504842,Male,1,1.6619873953688273
22.0,40053.617392619184,770.4407956130647,0.6172557787679853,Female,1,0.4661597477704848
33.0,56793.11490192337,600.5472915547721,1.0369480426884619,Female,1,0.7569705988893279
44.0,46006.80574390262,571.2790312214936,5.704524666843493,Male,1,1.408874318591011
34.0,63889.49194778345,670.1939903335482,2.4631818414308864,Female,0,0.3117425012566145
50.0,30542.535554514176,505.25377429728405,4.142462426884989,Male,0,1.5994097734197936
20.0,85525.01813600656,449.7857275167567,4.770157088565223,Male,0,1.9392607840986391
35.0,62840.72142163269,604.0664875947433,7.4850898796455745,Male,1,0.9641546958915487
22.0,24739.93973305753,636.5951233497809,8.192195831633448,Male,1,1.5034336358663953
39.0,39364.56646527542,659.4427224353531,1.643188749407216,Male,1,1.3070794023032148
44.0,62241.21566170908,588.5259383882116,3.896758731061552,Female,0,0.7448835738168217
31.0,67645.16084257182,777.3946729474948,0.6592294329946404,Male,1,1.2448530801928157
9.0,30916.43559152055,500.48603415161165,9.22628127489377,Male,0,1.661736385341869
37.0,60695.38775649423,536.1737865041902,9.33612135344182,Female,0,0.7635093240826294
39.0,20789.90191007115,698.6635956144811,1.7798453870303876,Female,1,0.6676018327153597
39.0,48659.96201793431,533.8352614362859,0.8754600101134926,Female,0,-0.08454130723353592
47.0,66680.70263154809,529.9679547802683,0.3633469197074413,Male,0,1.2922480272709338
24.0,41727.26404845529,662.3354792207164,4.278053403988408,Female,0,0.057718510576862614
42.0,27396.165512929798,544.6477379683969,0.4794062663780584,Male,1,1.3783074773548343
47.0,52193.22194566339,636.6915572079313,5.706474512534077,Male,1,1.7043444184994634
17.0,40929.21700046783,580.0143440342243,5.667981801505273,Female,0,0.3592151326805279
38.0,59443.375490987535,563.833629662726,4.7594264301906115,Male,0,2.087447847118947
30.0,36720.1035167291,439.76946086550595,10.460020682897444,Female,0,0.1886676451658192
34.0,38410.446655203494,663.9563152821337,2.3763328129103325,Female,1,0.6537247324154759
38.0,19684.965186856345,525.2810007887072,11.627712169707092,Male,0,1.9391840644623473
30.0,52549.17066577224,633.1757796469481,0.18812185792362182,Female,0,0.3404940801910167
28.0,47586.42592585102,598.7895101651435,0.5981818170969058,Male,1,1.8699280088134882
35.0,32174.229938898938,629.3491941300117,2.656889941631406,Male,1,0.8472942132537108
24.0,52906.98070650638,635.0324625986739,4.5069246208995075,Female,0,0.08462692635369712
24.0,65406.054509662084,669.3628250918264,0.16455660698827448,Female,0,-0.0788687442135152
42.0,46766.48084871575,577.2240698508557,4.190107264645442,Male,1,1.5297949200682426
24.0,54022.504247329605,774.2696479273368,1.836501081481707,Female,1,-0.15342427246085322
42.0,54099.66874377746,465.25999391444236,10.908337445583527,Male,0,1.441372269021668
40.0,31935.052592315595,627.340888147277,3.8101780553844833,Male,1,1.940539268587317
18.0,80848.78731061393,733.6230976410867,4.43237229227271,Female,0,0.38524385206866585
28.0,42937.25254816574,697.6772553002604,14.55896072564921,Male,1,1.3826990680374218
47.0,59841.74302790406,552.5164423471404,7.223242129425334,Female,0,0.7620867335189545
25.0,61538.229158435744,569.1754507011976,2.8836989301806355,Female,0,0.5714824056327283
30.0,47906.07309326372,549.3207440673397,3.2397182983825563,Female,0,0.43313240553664906
40.0,59101.92537589452,709.922763066439,5.219539221340103,Female,0,0.28927941067030827
43.0,53687.288327245835,576.0076271484492,1.1169630156909107,Female,0,0.3947420694781501
32.0,28735.40364158891,675.512308812345,0.464145922816796,Female,0,0.5621893771140919
29.0,45015.90948124867,676.4301414075956,1.8642867056611565,Male,1,1.104124553936916
49.0,40811.73646468907,886.8393468235372,7.534018502401201,Female,1,0.08314469419499876
52.0,43073.824379808095,681.3251259801704,1.4874756420222335,Male,0,1.3165472387723987
45.0,30439.952332450433,568.8855985249536,0.7006754618663403,Male,1,1.5239685138636638
36.0,66896.50575119045,503.9849737933601,1.2360453242603546,Male,1,1.2565114224138056
27.0,74029.8898192012,622.4147285362254,5.681148865686922,Female,0,0.585598178439503
27.0,64670.04463997613,638.0914157572681,4.75891675209641,Male,1,1.5175582235855423
40.0,69057.93836220715,428.93004726094443,5.82881103944079,Male,1,0.9419669338328239
39.0,44830.47744487766,578.6145839706987,1.9427311349552057,Male,1,1.33809624483013
49.0,40456.14747520945,679.7352542827552,11.555916102561998,Male,1,1.7823113467134408
42.0,38321.19429782433,596.7644329733826,3.0053051192150755,Male,1,1.6459543248012098
20.0,59660.97384435834,746.8623785705837,3.604781800269576,Female,0,0.9858750994986571
46.0,53405.94579716225,494.16435552794803,14.860857701816936,Male,0,1.6856706998146336
25.0,48841.67432602361,717.6882820153216,19.38262007172807,Female,1,0.598802770147472
31.0,69427.22816293014,741.3889741525953,5.416787079577979,Male,1,1.3726628537576047
38.0,56074.12030723014,745.6496475841536,14.485156751007063,Male,1,1.722430629481092
55.0,37420.13543719123,493.4143615345621,3.899055486045755,Female,0,0.2685055534675883
66.0,39786.36756296458,681.4552795857384,1.8356682701339222,Male,1,1.356784693119204
41.0,60229.89948881218,583.1245881478485,1.892360030320063,Male,1,1.1601606596222804
33.0,65625.99278981896,509.3857558017099,4.092878478943544,Female,0,0.5753604501928296
40.0,58275.20348383954,608.6132275026291,4.644804814795206,Male,0,1.8265873929051606
44.0,78453.33121808122,559.502200809919,2.8956746261272177,Male,1,1.4165872839447058
32.0,74525.10748597128,742.0750468163869,10.760985279980336,Male,1,1.8640624980354836
53.0,56615.53752276144,701.306334301357,2.7816968450571995,Male,1,1.6664575433460378
37.0,37421.290107777466,534.7555531891132,1.5970585222514555,Male,1,1.8618638376941694
40.0,30350.187324023485,577.5778686169072,0.04006952032633731,Female,1,0.3424576243865567
42.0,44189.27382477928,611.9302574383377,17.628580948021046,Male,1,1.3775125370629524
39.0,61298.20169624235,642.7594852682103,8.69526443957949,Male,1,1.9720315746097237
43.0,77399.70618967907,750.6378274803781,4.779832343584354,Female,0,0.5059281421335813
29.0,56261.705516161994,719.0782326480632,8.875758344022938,Male,0,1.3830678216677639
29.0,67530.84191346855,655.139196897484,8.311273155610305,Male,0,1.3778448900140534
24.0,46320.38770718296,623.9351150105078,13.430277847799697,Male,1,1.7049185958740332
39.0,59341.53687841325,472.6645965392528,2.4393529519855224,Male,0,1.603278133741022
43.0,62350.352442157586,779.1997626126056,4.046745058363752,Male,1,1.659984475712096
40.0,20306.085862212076,605.2903402134343,0.5191862915748681,Male,1,0.8513146632553782
52.0,43798.417964352346,805.4840240426257,16.807301180421025,Female,1,0.5961040457391349
35.0,64245.50576416805,669.6109292131836,21.041062243279477,Male,1,1.7416047342137357
42.0,54117.025034548475,852.5284208621445,7.781482522670338,Female,1,0.5272109687469315
24.0,32052.274277736004,710.6321533366316,3.0267895432382854,Male,1,1.0147785205073339
31.0,13548.164364089658,506.7980368779121,3.431520747121179,Male,1,0.9678292052033903
42.0,44513.288820469905,588.5584519738787,2.857895988645298,Male,1,1.695217335528816
43.0,48926.21460659181,633.0865039328035,1.7358204118552272,Male,0,1.22111590021743
32.0,36741.15575257482,562.6217112891676,3.7516722681273507,Male,0,1.1397118793608394
34.0,52146.27405541992,612.2939182817955,0.27463137311895713,Female,0,0.1362853348410088
20.0,57595.801208493416,513.306084141789,24.071475999548735,Female,0,0.9207308149501829
31.0,60060.30756089349,650.5721281099122,2.7586733114499373,Male,0,1.635479090006812
44.0,14661.21612601517,673.741194901094,13.111650940372153,Male,1,2.224178079168731
41.0,30285.723532878197,549.5890592793882,6.441692251933489,Male,1,1.3893903980932423
40.0,45430.660274678965,844.0254293481911,1.712049566976967,Female,1,0.5385633548691602
35.0,58582.596965561956,656.3513261280459,1.2554819485305204,Male,1,1.3641313054552102
35.0,57338.51020325053,568.3259133877089,27.21721717751067,Male,1,1.6469885100518216
28.0,57078.04921815014,487.0460700034783,7.394819962402883,Male,0,1.6170062919788784
42.0,44248.730870466024,655.9942889397169,1.4361540324335278,Male,1,1.7515314439341072
39.0,45085.49844035059,623.9511467186647,0.3491359981591196,Male,0,1.3218616408139923
40.0,39075.06097367389,728.3040907286443,5.968735416739271,Female,0,0.4356089731928624
30.0,61522.911921587714,635.6629735028032,1.8049673971006028,Male,1,0.764416283875192
13.0,36192.668183906324,530.6281217731273,1.2508449324990703,Male,1,1.6842153945201774
46.0,62750.545927843545,817.0718296177581,6.638946558158466,Female,0,0.9643980826082565
30.0,53117.79857206469,693.5624879507186,5.685642883343106,Male,1,1.5600177385778595
26.0,49324.3328231727,624.5891288401641,3.283234232579934,Female,1,0.7374518638101175
42.0,40149.344003353,666.4638531449739,14.293429446193542,Male,1,1.47393982824188
31.0,29666.872082538106,697.4041956561658,5.691524076035979,Male,1,1.787528209898285
46.0,40285.20865432931,507.1143386106565,11.19427639792043,Male,1,1.3688447249612516
41.0,45049.89697062671,665.769421996281,1.0570195464997763,Male,1,1.27810252074089
42.0,14464.635326281226,604.9876526706108,1.759474149411318,Male,1,1.5007740130836162
21.0,47039.672669980035,700.7299985629752,0.5519777046043205,Male,1,1.3072544190714226
47.0,63865.36052039008,575.9818075393722,1.8161964816816223,Male,0,1.2174551963610618
38.0,58508.26858150809,589.5298144902918,17.838325641497295,Female,0,0.7501121876524739
31.0,42556.91186387739,816.2871098564058,16.464798268222744,Male,1,0.9435464910881982
36.0,50704.04447622842,773.0912090882136,7.143637317033447,Female,0,0.4652482051581526
17.0,41657.531458670004,320.44388200326915,3.680777220116404,Male,0,1.459320039309488
39.0,52231.41100003544,765.6761982464311,7.588392846800673,Female,1,0.13378948521571332
25.0,73101.61735616048,642.6347973742243,4.031433272436416,Male,0,1.6042202658061737
21.0,64527.482039373135,579.1817937100989,0.017573369540243102,Male,0,1.5103214666841525
20.0,57811.91458539129,549.282526429235,3.48123062609961,Male,0,1.896159023787717
46.0,42606.726314244224,555.0882371720012,4.568014810965067,Female,0,0.3904250481119842
29.0,61249.07589417258,582.0064055241585,1.5445173596674724,Female,0,0.5133933045382132
50.0,24696.845729404205,537.2867416318156,1.136345023043446,Male,1,1.8034807243121302
30.0,46214.69777013664,514.5400338927358,1.5997117195537294,Female,0,0.34493141946378464
18.0,58755.67129735925,545.9619849156089,4.885882987343026,Male,0,1.6640259234720693
24.0,61106.31821071627,682.3393855065688,0.7894958202443031,Male,0,1.8644408831718244
47.0,60048.267353236115,655.0090148570797,6.37069434241286,Female,0,0.04470861315294372
33.0,54422.46033814542,705.5856451551856,2.7467480134753237,Male,0,1.316660382555481
30.0,47064.12531374176,643.3630160789945,2.179733892669053,Male,1,1.3947025265194206
37.0,58069.63954739733,519.3320669355209,8.231321056123042,Female,0,0.5762431295702345
40.0,35707.08439120549,699.4440923493606,3.5267390264402265,Female,1,0.6900174330336938
46.0,37329.84105060125,549.5310721125085,2.3772969137295767,Male,1,1.438882687722003
49.0,50926.02014690445,714.6614301988934,10.52501599688749,Male,0,1.6150829936705624
31.0,52597.96464063121,533.407999704304,2.296320581666391,Male,1,1.1147315774100137
22.0,22615.772321530305,581.2523373596475,9.794986976482766,Male,1,1.428974147546864
31.0,56827.19571424278,613.8608359432085,3.507900171292756,Male,0,1.476439290904835
38.0,61590.9256687909,717.4404801056949,1.166014243204775,Female,0,1.0622656718131318
25.0,48840.72143800557,667.5997252127395,4.744304490551935,Male,1,1.381719744161991
25.0,85616.99424925988,652.0001322150924,1.6796266149184544,Male,1,1.4073599045539764
38.0,39755.973405272205,838.5668785055306,0.7958880729539508,Female,1,0.8182106011911756
35.0,44583.69254919696,466.30168387748546,0.4525202813922063,Female,0,0.11011508720013252
35.0,44073.99640809186,546.1622357299449,1.3833633994642103,Male,0,0.839071360027865
27.0,48857.185830634735,541.8811521961009,6.669546512660741,Male,1,1.7096918572385342
33.0,45069.12780550563,472.93476900777256,9.100770718057685,Female,0,1.0601034710888901
26.0,28897.841830926922,578.0480487113973,9.892403909190477,Male,0,1.4814595581464358
44.0,41801.77555645287,718.7769163796706,1.574569400707172,Male,1,1.3781414829321181
45.0,48535.689563388856,590.8352601484248,5.4083766548499215,Male,1,1.650542344172522
17.0,68428.58123092997,616.6997028013691,1.3091234397724596,Male,0,1.785062109238329
26.0,83033.6491005937,477.7445172119718,4.874396465487883,Male,0,0.9311409161845988
20.0,70032.10846775983,570.3474424839653,10.911182003553694,Female,1,0.5463360618196909
28.0,38369.3145549109,603.8301284412416,0.20876673735984733,Female,0,0.6707112896009848
34.0,39562.85584060752,714.2400422547114,21.074319548160464,Male,1,1.5329058151804602
21.0,47610.07133735974,482.5083602081779,8.774858878641997,Female,0,0.24239772770283768
26.0,76768.38333280379,604.4991254278862,7.170329663322526,Male,1,1.3286990925398943
25.0,47518.6392172716,758.681803006889,5.877945527774387,Female,1,0.770357871759862
37.0,30087.38764193854,605.4916714376736,7.354337505073892,Female,1,0.618058146389763
36.0,42482.34294570447,438.4438585881321,26.10248351251041,Female,0,0.6396384278586624
28.0,61355.840027291255,777.9175777348191,7.352540213558307,Male,1,1.3616425111763615
37.0,60349.1041534413,723.4896942538332,2.166243496411237,Female,1,0.6279434305703061
30.0,46996.75000262516,736.9397175078791,4.758577382340557,Male,1,1.4540217155182162
32.0,60251.22010340046,475.6216353254606,2.0543209057382024,Male,0,1.8391532605391157
52.0,15902.41696179752,801.2455725847215,17.543708610096516,Male,1,1.4546187962048582
48.0,51557.43852549046,572.6723914888802,11.519916992122862,Male,0,1.6042609197332418
22.0,62910.28132052945,599.056105577977,4.19225486913767,Male,1,1.6056598852145187
43.0,37507.05087268197,579.7222834007996,7.599671758055004,Male,1,1.7773703346776462
43.0,37454.921952555684,744.6937181955207,12.022366164538544,Male,1,1.7216313140848007
24.0,22003.27770854787,632.0201647494705,1.395926453827653,Female,1,0.524228959105767
43.0,73848.43392216042,698.1741032587626,4.331338270380721,Male,0,1.8477115666002006
50.0,39197.6903446765,657.5901022884368,3.286162701977612,Male,1,1.2029584486804015
24.0,53615.649167931675,640.4957996307079,7.383094754831334,Male,1,1.1449364245826863
26.0,59058.75562225062,555.3215936253804,2.382785452370679,Male,0,1.4125745942908905
45.0,72681.0192371218,831.2140587307765,6.171810238098395,Male,1,1.618020360825501
38.0,47691.53339021547,503.6606371494771,2.5791329473089726,Female,0,0.38289636328453547
41.0,41908.553093323724,691.2253974034685,0.5887112960641059,Female,1,0.7558595446009821
38.0,52596.0147285583,687.6656592107279,0.5665234449811611,Male,1,1.084570662502229
39.0,69261.2041481343,765.4356286152425,0.6338079380660506,Male,1,1.419131530357007
22.0,47447.41202898824,788.8090032379278,0.16530198944178207,Male,1,1.7915510379785713
45.0,35676.96377623885,636.2611400583224,3.8068428728120978,Male,1,1.2469217832685031
47.0,26888.632875269566,703.0394305924752,5.572225066680048,Female,1,0.3092164177344048
33.0,31680.539230921622,826.4873710452509,0.6775433125354116,Male,1,1.6135874522406977
35.0,62965.87246109997,643.4823233077748,4.731920137512473,Female,0,0.37642589160386186
20.0,45190.632855397824,543.3566524934823,4.553284139013392,Female,0,0.05147439186690739
40.0,40887.186351189346,611.5531887300579,0.7955299856016209,Male,1,1.5575961676868482
41.0,39260.49165224086,519.5354001385533,2.588266060301879,Male,1,1.8073881605692914
34.0,51275.68790300273,687.1816810994723,7.035255696694671,Male,1,1.1055976118408593
46.0,46408.17359351624,756.4456208140635,0.08448997944173126,Male,1,1.6372106000450697
32.0,45903.017844211216,637.8958507932462,0.7946731796703619,Male,1,1.1981716532620517
41.0,70239.8589171611,487.90399505463597,27.397247344810545,Female,0,0.3914357860466274
25.0,73070.2442279245,752.1650835057677,6.612747595856552,Female,0,0.2993540639048451
35.0,25849.674906365053,472.37010384342216,3.1193210284982884,Female,0,0.6440638908883927
33.0,54913.89096714436,495.4045222076959,4.968578466260139,Female,0,0.014207704641325647
37.0,38347.06852067912,632.1661612505281,9.361192905010471,Male,1,1.5352230710854615
31.0,46276.2332920836,675.1785245675499,9.235449315690538,Male,1,1.90831856120943
34.0,54639.17577690042,692.2247498758354,1.9630018403402798,Male,1,1.5047596263054468
43.0,46809.20124603621,643.3860447953526,3.3793998288822618,Male,1,1.8091160421749986
31.0,53456.898209414496,826.0043765134858,5.081316395062496,Male,1,2.0401788836578296
19.0,60094.55309047876,656.5168341083202,0.37306235511495206,Female,0,0.8285802882421915
52.0,54418.6520081048,753.4668101752936,14.575058153183424,Male,1,1.5778604589329068
49.0,40297.455437485645,728.6954564094698,2.834703724793128,Male,1,1.7863639832890872
22.0,40562.00589544514,520.712626779547,2.317025853239402,Female,0,0.1511748211999417
42.0,28404.42055072947,633.0269512714478,11.881177619553863,Female,1,0.17145380457351717
30.0,37191.195537189225,862.3320513281019,0.6294413719255907,Male,1,1.3087697339196287
38.0,79431.02542847792,599.5649146059743,0.20026144049248742,Male,0,1.7599703783975489
38.0,38119.946388571334,582.5379475643309,5.775951491409676,Female,0,0.20920993547579247
33.0,32099.317813342703,667.0575581477023,2.430689186872132,Male,1,1.7570862581796554
27.0,54798.9179276716,603.1480070739948,7.229708241057421,Female,1,0.8136237321369191
28.0,48344.5286106221,570.6295420497761,0.3550349111279141,Male,0,1.5620299498932844
26.0,47066.10144726162,601.6716605702413,2.4205707281812803,Female,1,0.33260855177783843
27.0,71135.68949618135,793.2009671368626,1.3415232466392577,Female,1,0.8716946153418412
34.0,58236.90013337548,636.3381308522428,6.727807285415041,Female,0,0.7645662764579276
28.0,42050.10602444787,517.1924967245288,1.2884815992427454,Male,0,1.8989041335185686
42.0,43632.8612361233,498.8253461911836,3.061942121392267,Male,0,1.6349936547656219
50.0,42461.202291414724,870.680493205447,8.542909816956374,Female,1,0.8137238529988708
29.0,63121.09432370386,627.6665630565898,12.34854572342471,Male,1,1.555534193474935
37.0,45377.78555820294,693.4578500965418,6.411578284603651,Female,0,0.15593743847178693
40.0,23102.697463187742,572.862277366039,2.8038308477668323,Female,1,0.19359371041302603
40.0,49275.204818984836,682.0985969271416,4.242995405036929,Male,1,1.2803830583819678
36.0,26944.609983081064,795.9329651601532,5.850916554321777,Female,1,0.8973834059068686
42.0,82763.45902632353,584.7736816256245,10.394513497371605,Male,0,2.239467960704199
40.0,35514.98129229154,695.8586779948582,10.971972243867032,Female,1,0.5102305733981107
23.0,47572.02851963404,509.4253724109612,13.366033598813125,Female,1,0.022726541288381363
44.0,53873.041020517056,852.2866118366792,8.322404268989258,Male,1,1.3240413172782786
44.0,45670.12758981155,676.8535930244575,0.7937943659575457,Male,1,1.8127320305777115
27.0,45649.54397800711,608.7206155647708,6.884483952403873,Female,1,0.5968349347316662
35.0,56327.409292413155,620.2125876713836,8.425992458272146,Male,0,1.9825111784692115
42.0,72893.23938194418,598.9961825485665,10.513404588382762,Male,1,1.46248146906021
33.0,61512.63622725946,604.1094835876506,12.939143678689128,Female,0,0.8254296822896354
46.0,72177.70817860315,405.250485765034,3.5581834497528106,Male,0,1.406020603254369
59.0,34300.71337859747,640.2034267903244,5.32239789785932,Male,1,1.322221916300945
27.0,54760.43949883042,636.0121319394287,0.04799348533356871,Male,1,1.3893896765951799
21.0,52328.69078087419,698.8661537260477,4.252322634682415,Male,1,1.7155061933454443
38.0,55266.36937515102,597.6856253558474,3.2046561799275004,Female,0,0.8266583860728288
42.0,70643.47955953359,572.8963685858978,16.3912776705778,Female,0,0.5889584308980548
33.0,46688.16275311919,649.2225055547025,11.599129252153801,Female,0,0.02808922890099541
50.0,43917.44950168869,488.7631881909516,7.98764377976927,Male,0,1.472870636163226
22.0,58009.71196127996,664.3423187534585,0.2934141468451935,Female,1,0.5552035009790776
42.0,23326.95908651229,463.8180740478279,2.571063787188507,Male,1,1.117564339209955
29.0,46447.219263167324,762.0818648830796,5.954332380098764,Male,1,1.148930216675653
52.0,47987.03466071821,718.4269955660775,0.15054759864897913,Female,0,0.2844818756727132
55.0,36194.62075539612,557.3814123575987,1.3447189572011409,Male,0,1.2532148282702424
27.0,65855.88517034866,716.1138013338036,10.924329857706379,Male,0,1.7413601270686596
30.0,34066.39523985074,661.1514224253881,0.6950505373410167,Male,1,1.2058456116419292
44.0,47961.904274543056,549.098976891514,0.263700672984586,Female,0,0.6859084534091352
31.0,54397.358379844525,447.712384277091,4.344480994828826,Female,0,0.3196905975479296
35.0,70301.77342214178,681.6435683426453,14.637062249157227,Male,0,1.2739032831530537
35.0,49841.6534767872,570.5718152864965,8.997690419056873,Male,1,1.5230870937098464
16.0,64042.303911923154,759.4969569696079,18.399103983804494,Male,1,0.8652299307468369
35.0,60508.93095915691,651.4033733881852,7.002436098566505,Male,1,1.4734463077985185
28.0,51851.86334253714,580.0417303502683,2.8756632947998044,Female,0,0.43166274225240886
30.0,33657.29887589817,829.7838733090472,14.651262189510554,Female,1,0.6177452139114404
49.0,28481.287086434768,707.6446492603005,2.7811488214125157,Female,1,0.47127465493532406
22.0,51597.5810212878,284.4913484895894,2.15464245147197,Female,0,0.8471599130460774
43.0,41859.5468914608,601.3608231209133,2.9728110959850973,Female,0,0.10761484773577584
32.0,63788.91637521938,511.5911007987577,8.409342924352227,Female,0,0.06410344455144862
32.0,61187.847771478664,570.0202062279691,12.486529003618045,Female,0,0.8287605040821355
43.0,47230.83508344425,635.5267601081464,2.2133597100765954,Female,1,0.6851326637569695
38.0,32634.30614088096,685.4048508587546,3.101783905062028,Male,1,1.3111675931676627
41.0,57661.0332441091,676.1365742113574,11.429983388756025,Male,1,1.4988420314187207
45.0,34730.75830797275,757.7873076564802,0.24093097175515,Male,1,1.5625030451734279
32.0,38623.04115603703,713.6598377508667,7.65934579185913,Female,0,0.5566571225702865
29.0,35308.763926772684,707.4746929125505,3.027676036969668,Male,1,1.4147489325550395
24.0,47922.484670900696,670.1492323133274,2.3621797330610996,Female,0,0.47972081216473705
27.0,67552.88501105842,778.6798852725901,2.9612747908935027,Female,1,0.6605253076205053
64.0,49924.38694664707,618.3723456809082,2.712361318177576,Male,1,0.8539089881444406
47.0,43351.719613584566,620.969673126481,7.065627967491021,Male,1,1.6588702863716118
21.0,27115.77604932134,459.442664702747,13.151802838669077,Female,1,0.6371773083838066
22.0,58281.86877094764,755.6164043810036,3.381015974942927,Male,1,1.3082716514905688
40.0,38293.93091107059,642.3074244220845,8.940843193394025,Male,0,1.5391805879323395
40.0,51762.76428737145,943.3605706171272,6.582806817930818,Female,1,0.858513419131402
40.0,44686.72076125039,609.4467308237543,2.007470905099937,Male,1,1.8064619986567603
32.0,62572.65829399157,658.8578129416735,4.425339081577943,Male,0,1.4274469740594555
34.0,47641.45411957172,704.6504953608413,5.495297068303381,Male,1,1.5204916140902822
38.0,49116.104682154226,539.8100027011287,0.11889942720139007,Female,1,0.7214937804713044
36.0,57286.20721183189,685.8547713879227,2.520537465333201,Female,1,0.4698514824993729
13.0,81604.10273394779,653.4661432057185,24.55723765068685,Male,0,1.2925848305994292
33.0,63326.70395537832,619.6311810323162,5.07029552502139,Female,0,0.24790385106204343
26.0,48670.90840477086,767.2603958743007,2.0341607300825517,Female,1,0.49671059767858156
37.0,50047.96985922933,559.6251282089345,1.4385706274988908,Female,0,0.9658809628323954
65.0,42127.10809513348,677.4902113082221,1.1753317442680298,Female,0,0.6823173673434624
39.0,35750.06444720457,795.4664291385046,2.567825270951033,Female,1,0.3058896699192043
32.0,41708.73819400517,579.3378244043702,1.073804486982254,Female,1,0.34605723730848914
44.0,38417.765544320864,620.3114017307701,0.726205172929078,Male,0,2.176634345510807
40.0,59800.52575693828,884.5304563471828,2.2632811220441056,Male,1,1.2738741475903534
39.0,33932.07713196521,697.4391065156057,4.669724425207045,Male,1,0.8270194113266286
41.0,69998.15842070067,599.3802523357382,0.7914581040083479,Female,0,-0.25870853802136307
56.0,61280.695754282446,730.2624760078478,0.22678251745607703,Male,1,1.7991784480645627
24.0,50307.52594051503,593.1906448408974,0.1762337529941628,Male,0,1.3562827153284287
40.0,50004.77917197603,493.5084075839929,1.5556696671102408,Male,1,2.199573505748187
26.0,41640.780355781695,787.236394526517,1.0544218313957265,Male,1,1.718133975315237
41.0,54051.26617021646,539.6940735868985,3.874556581681726,Male,0,1.3040923113361214
26.0,66321.38694812884,895.1712624997291,3.0414590116310816,Female,1,0.3128046550853328
31.0,39452.65306616279,601.0667624537795,1.9634844566741807,Female,1,0.22408759328130917
32.0,26999.11866621904,863.3264681561856,8.965086324135797,Female,1,0.7732620217270274
45.0,60548.27382285116,513.1328931479942,3.5154521864555925,Female,0,0.5895218632637386
44.0,54865.48961365701,752.5493586266252,0.47996702220820575,Female,1,-0.3028156387208698
23.0,33197.01797838231,699.972627298465,1.7532112725232354,Male,1,1.2098011704586837
36.0,38999.12943628823,733.7746225555152,18.122817200507104,Male,1,1.0345268303874917
28.0,37113.43588924789,746.8022706676261,18.856377474427557,Male,1,1.2268333301842844
22.0,39132.015964486265,600.2254857718829,1.4696520002641353,Female,0,0.5608452682171994
33.0,45144.758689382186,519.1156157997002,0.9150257247049924,Male,0,1.7409663201835537
32.0,46001.79043578879,644.9082269660782,3.422802223783984,Female,1,0.3114763556262653
59.0,40238.095173973095,672.3030257585134,3.283737966819435,Female,1,0.8065809232707883
39.0,38627.54270750108,602.8155378844496,2.639330687847756,Male,1,0.9932736407713423
21.0,46568.234841209276,677.7553970159862,3.7682795875797,Male,1,1.4374865245278607
29.0,52515.37302289342,682.962553117474,1.3210998865582444,Female,0,0.24585197279812926
45.0,45255.55195452733,558.9973553456134,0.6104389854881274,Female,0,0.2713481136190921
56.0,67380.00535011952,689.4971281690466,4.225219028948724,Male,1,1.7411264733044902
19.0,57621.3157163118,623.2787976305355,13.485402700878987,Female,0,0.5105554737124276
16.0,26137.312147119563,580.0019099796629,0.7410459411063126,Female,1,0.6240155087059187
54.0,57855.9164812078,728.7375138223993,6.100760331663386,Female,1,0.25300177206883556
39.0,59083.15973878374,572.3008788306456,2.8803480784957487,Male,0,1.1536756538515003
26.0,43478.97547813713,604.3332410095273,1.740534415071432,Male,0,1.3635488998719354
40.0,27572.036190452665,657.2050850186656,9.590329753064559,Male,1,0.9914249036614722
9.0,50121.00139116704,787.4311620654239,3.0485514554865265,Female,1,1.013046757087503
35.0,49884.37022776634,669.2784077724298,4.377087862130118,Female,1,0.6214242712821267
38.0,33175.30645200208,702.8288332474667,2.9264554895662243,Female,1,0.28101994003509784
44.0,28231.711756100965,620.2357464003504,0.4237038656476877,Female,1,0.6831985879724002
25.0,48686.69680319841,642.1510375623659,4.518164492883744,Female,1,0.45474986112197463
36.0,46503.84211923767,645.1122766480406,2.7136542526256298,Female,0,0.09643249991849145
26.0,43741.019520164096,679.3306236017024,0.4537642345683416,Male,1,1.2519011481120315
38.0,48748.83897880158,620.403242695174,4.529372528268309,Male,1,1.1496871942993339
26.0,33458.35439269521,783.9999885476209,0.04959986336801032,Female,1,0.9300732352914816
31.0,43477.690807008286,612.6833761497858,1.1692557950026814,Female,1,0.5214039824851302
25.0,57999.87545921521,479.2758864794632,7.595005598504732,Male,1,1.7385347699175744
42.0,44750.44879473067,924.2796604370019,0.1933269461362137,Male,1,1.4244794720498208
44.0,24920.412923111722,617.2631309056248,5.201935276194092,Male,1,1.4854284399703852
33.0,42909.615834146425,781.3169787091348,14.949441534927782,Male,1,2.063497233992078
35.0,33947.62304739709,790.4790841959758,0.938836539117946,Female,1,0.9998757482581344
21.0,54007.04444692596,744.5214312250382,2.6987999052015903,Male,1,1.4068010021931223
32.0,54782.56105070638,630.1972780402598,4.284189244566435,Male,0,1.650353101882441
34.0,25118.380623709538,678.6684819874342,2.9929667857309243,Female,1,0.8303572112533353
61.0,61385.19455873284,522.5489790695073,4.842892157617122,Male,0,1.5074275114278135
24.0,33317.20548082162,849.0147773818276,2.588391290683167,Male,1,1.7292640652955324
50.0,73387.73435723527,564.819400181733,0.8038031400336794,Male,1,1.8061052605716295
45.0,49268.356032490745,624.6099037259124,0.46630538229096735,Male,1,1.3079597640001606
38.0,31304.097521912565,659.898648704025,6.821552066839324,Male,1,1.8005269823080077
53.0,32870.20893960978,639.256024516304,1.3631394505730465,Female,1,0.12342243896408206
39.0,55221.42937681017,584.3126717706606,9.401324590393394,Male,0,1.4134411844666208
39.0,44130.50165152433,789.4339052054688,6.793926033974694,Female,1,0.8053227332663804
34.0,48550.19135572789,745.027928348828,0.25358932274983564,Male,1,1.3918985758384903
47.0,74191.70349045559,682.2047204325693,1.1232929737139965,Female,0,0.7706437038298095
46.0,39511.33903656387,610.0446944003249,1.7265040662557967,Female,0,1.3663317630172411
29.0,50899.4428654356,756.427587184447,4.512953151850569,Male,1,1.7176986468358864
22.0,71297.6673105958,603.5531367222435,8.29910548220305,Female,0,0.22887610071890113
33.0,54057.702131996004,807.0391840337816,0.31114996670919026,Male,1,1.7488090953939388
27.0,25900.95896962991,661.1220915483427,1.4358040541931945,Male,1,1.243954984318684
34.0,57580.83517598205,772.9781526972715,2.3597056239308505,Female,1,0.1601269460374179
47.0,32554.95713324834,638.6179673816416,1.012889621152699,Female,1,0.42427936770330504
30.0,71102.11293099448,657.1533182040945,3.9405001936260975,Female,0,1.0940835991400861
35.0,37656.985925030334,772.5421061458667,3.250462204196711,Female,1,0.7067100806660493
36.0,94542.64261618497,869.3925151804444,1.9026112345372828,Female,1,0.6141481913930598
43.0,72010.63982491518,806.0366817504881,3.637522320883686,Female,0,-0.0018341030460565788
13.0,38050.81145558032,737.713461937785,2.1988975863336933,Male,1,1.2562777827169005
29.0,50300.207075024155,708.9283432957596,2.1018334420247338,Male,1,1.718619833704287
37.0,61304.664224501954,599.3051309740374,1.542115271752389,Male,1,1.7066043003525857
47.0,61754.907113400615,679.5229741105433,3.887406370433455,Male,1,0.7878093959121621
30.0,56635.04389964296,558.6950816003268,2.935972751253959,Male,1,1.397072538133288
16.0,68782.38555449164,687.5782133684773,1.0928002588718961,Female,0,0.454860496120519
41.0,48155.46580048446,694.0050660693573,0.06525528322882002,Male,1,2.1085546230167833
29.0,44499.2349713595,453.9154858531808,0.8180655254064005,Female,1,0.48048481161496503
23.0,44797.04018113084,653.8738609191707,0.21889536131268858,Male,1,1.8204415582633824
29.0,62875.59847958191,691.4874899089106,2.8246391537645428,Female,1,0.79191852996614
33.0,55477.71560453969,641.6290142860978,1.2750861511433984,Female,0,0.6325094527433495
29.0,54369.254985353844,685.8048838856571,2.727562699183403,Male,1,1.1878970607792467
13.0,61928.51373885773,515.8277756643686,1.9982840949012046,Female,0,0.46654671444235307
44.0,19234.213882192176,572.4135694439741,3.861112230886954,Male,1,1.6162219469460477
48.0,54651.03235812725,753.4938163163932,6.43436012621836,Female,1,1.1089299327672775
42.0,53278.53333310573,650.0571665645776,3.2630399362059244,Male,1,1.6710924809471233
24.0,75032.12121951058,683.9878981314909,0.31985640192052023,Male,1,1.371230966506444
33.0,27071.180266044994,595.3478839291421,0.0883280170120098,Female,1,0.25321697385457975
35.0,73357.79948565137,651.9494023276857,1.199104023436991,Female,0,0.04000686952485916
41.0,51131.13693386999,419.7987819864801,2.766643687781875,Male,0,1.5831592101003022
42.0,57334.84295990068,734.6011938420767,0.22972248491142058,Female,1,0.26502887031323824
28.0,75138.78181414065,830.793283895247,1.9855044657256105,Male,1,1.6614162102417749
36.0,58411.419020083595,543.4982450785359,10.90297494824783,Male,1,1.6868491022929604
40.0,56005.52434193841,555.9667812490432,0.47165791411983465,Male,1,1.0939742275410933
50.0,53634.367787034775,694.0879898237482,14.832470503792734,Male,1,1.6458822779601208
42.0,42747.82797508434,797.3879290506745,9.71309001342375,Female,1,0.233859667491578
43.0,49572.6631323441,649.7902682617055,8.912447522526675,Female,1,0.4057433857172346
36.0,39267.30850815877,527.0681979187495,9.962962954867207,Male,1,1.2041152742721173
49.0,49331.49650861777,629.1382763362127,0.41718123288103204,Female,1,0.5604750287193977
39.0,14961.039544173553,547.0067919688207,0.8194705141278202,Male,1,1.3688700059903067
26.0,56435.59351351323,583.1153707131224,0.7215025834251361,Male,0,1.439953076492621
49.0,48173.94119324562,619.5958900846683,0.5896504178134744,Female,1,0.8330703174735815
42.0,44956.94394999854,557.0675411758373,1.9853364896437746,Male,1,1.4771633263082518
31.0,53296.37125910215,572.2094275825435,8.866167192482806,Male,1,1.1696136779766326
30.0,28496.54115551839,657.4534000222244,1.451508460848156,Female,0,0.358303635363307
38.0,78939.04994931923,671.503581213723,1.400035859910222,Female,0,1.0284723212499354
40.0,48458.48807768601,507.60196661790326,5.633342404117693,Male,0,1.4226565898875407
37.0,47812.333505417155,689.6381722509337,0.5097489281728566,Male,0,1.7085140487183665
38.0,35519.05684800616,611.8066136868603,2.233623432098749,Male,1,1.8967481031998354
52.0,50359.19573673892,722.0261523552609,1.750811748140593,Female,1,0.6537035678235855
46.0,70804.3983540992,728.049752068786,9.396428628871785,Female,1,0.7992679949923365
37.0,65538.74314148052,595.5458819044951,3.6128931141028193,Female,0,0.8122044528358123
44.0,62816.56626710834,711.4147694037733,5.198985065969728,Female,0,0.7345552781536725
25.0,58195.984275009076,566.304396030117,0.6907636339726593,Female,0,-0.07240545140744914
39.0,44621.862086560854,782.376206283529,13.219624021781286,Female,1,0.48759665824036
53.0,28247.552494449472,570.0863799143535,1.9463755375214207,Male,1,1.4033462358461672
33.0,46984.418422000475,685.2749608625513,6.13516389845763,Female,1,0.7054255017042568
27.0,46461.928031994845,631.239085535572,15.464099951917829,Female,0,0.2870096344805665
28.0,65731.91659506861,548.3105485762399,3.5529812866344694,Male,0,1.7664225993422493
24.0,54640.856636897304,740.0915761785309,3.5416620613527665,Male,1,1.2384457772149655
27.0,74184.67291855323,588.5868191133209,0.6235629558364313,Male,0,1.756642794361782
31.0,67962.32810057262,479.99278350216935,2.4737407785877057,Female,0,0.8021768289005536
21.0,43152.56585743857,361.798663683197,9.568447144754805,Male,0,1.6109485725465578
35.0,23073.062050701974,562.495530557203,0.7257445461274423,Female,0,0.1790221076095344
44.0,70783.62850912221,787.5908419298974,12.475035271484119,Male,1,1.6836591044654738
26.0,70390.77834846116,775.7738467503659,5.5027119664109865,Female,1,0.21443462777680727
50.0,29506.826136466607,578.1401597652468,2.731917171571486,Male,0,1.3417023648125925
40.0,72638.60029741251,612.5545085298621,3.953782610843822,Female,0,0.3894152665818347
45.0,55731.757558887766,603.5086924443978,0.8155167231557781,Male,0,1.8316219714805257
28.0,52410.2824718848,516.6567854550432,1.2262000308652101,Male,1,1.001587185201814
44.0,74221.74881370991,555.1168128376657,1.6872225350813495,Male,1,1.5172717862627265
24.0,70170.27759845922,748.1149519400785,2.4294141406173173,Male,1,2.0975239657295557
44.0,59769.964279928055,700.3887871379401,12.356320371384005,Female,1,0.32252615748936597
37.0,57098.25598717974,677.3088858529889,2.2909209735765486,Female,1,0.43526543394805456
41.0,59245.914357955386,516.4853388339142,3.7099567549937684,Male,1,1.3152024655037093
23.0,43999.13849176211,660.0703214033978,0.8838419893153997,Male,1,1.710997487993282
26.0,49173.47825401519,419.61550305119783,6.658523349106659,Female,0,0.4155367496478562
41.0,36465.24268108186,734.2802691260533,4.1080952459957905,Female,1,0.27764257593349195
26.0,45004.403363916215,675.8574900737142,2.898266276523464,Male,1,1.7496109507841646
40.0,44500.491819966,515.4767547900169,14.704938934963888,Male,1,1.5715974882219597
21.0,40470.41945567503,811.642555749004,11.066046257609328,Male,1,1.1441415571599707
43.0,52051.19753972695,470.38353408314185,5.3868662960537215,Male,0,1.4794582830188931
23.0,45140.28723949134,703.0306182249602,12.743221452597313,Female,0,0.644016005642225
41.0,57533.52080527961,705.5171768978662,4.159538764098098,Female,1,0.9713323118026755
41.0,25665.190800593522,526.0329560647519,8.770502327867415,Male,1,1.5834860386000973
28.0,48299.6780883905,646.2149309189883,2.6335909223020164,Male,1,1.285601603028568
41.0,51973.27460266244,486.3172157847137,0.4536962645431444,Female,0,1.0027119742137058
38.0,45340.561402446794,365.36256836731866,25.705362703323335,Male,0,1.3622418736376998
30.0,47414.10950286153,543.2123773068341,0.9054007632346007,Male,1,1.1774971909481975
25.0,26221.30983905214,588.3375057738003,1.4484874385803106,Female,0,0.5846107262548677
15.0,55347.15657004238,714.4256180810792,0.8902736996371018,Male,1,1.848942897389105
38.0,59714.08973850605,656.740808506082,2.058519026705797,Female,1,-0.20981205116843327
19.0,57403.0594130565,659.3545459386146,1.7073846321612096,Female,0,0.563431105965521
36.0,65580.90589163275,548.5578376716416,4.595250784805777,Female,0,0.7321980704927797
32.0,53022.94408673753,596.9988695958614,28.21816312544472,Male,1,1.4518146435146415
42.0,57180.21770976405,557.0073390130839,0.26968949655965946,Female,0,0.6246454106347594
32.0,52341.36107685279,527.5025992970192,7.535379488049786,Female,0,0.3663698172363461
32.0,60313.26079388741,590.6300573012743,0.6847829705715232,Male,0,1.2311608982682065
42.0,26341.555458018167,657.4512385096334,0.10017189636727376,Male,1,0.9945777531221858
38.0,36596.28548032984,592.7361480575796,5.088528818716503,Male,1,1.197855622373378
38.0,73803.49485549636,617.6497330575027,10.33026697582326,Female,0,0.48167417060583023
40.0,13093.462668556924,719.491481091139,0.9697354002830165,Male,1,1.4869472571922022
20.0,47897.33105261984,599.9245581309297,2.0898178320745973,Male,0,1.7977149101338077
43.0,67584.12439412103,516.6033369012109,0.9241246634700034,Female,0,0.5060725649591137
41.0,48601.09001687353,706.3453521601239,11.849374005379751,Male,1,1.9847118209815284
25.0,43924.83392823954,676.5849648508284,1.5760230490472757,Male,1,1.0243023785119356
33.0,51941.3251522295,682.8659498172315,2.941349931070169,Male,1,0.7528853822485139
35.0,44703.1972999633,712.583865753571,11.256669620915043,Female,1,0.40956998238645914
34.0,50462.742391354084,695.6641527307945,4.024520590690938,Female,0,0.7129753029095018
38.0,39749.28445219806,652.8728692471304,13.50411694529166,Female,0,0.20146318251929501
49.0,66630.11629933586,889.1452662852093,13.048977347858894,Male,1,1.5403170217798754
46.0,71348.97381598491,521.5031253698046,3.09577697479122,Female,0,0.47833910355995174
22.0,47999.14516832566,591.3582721511442,4.3659480355279525,Male,1,1.3578828657083302
41.0,29202.658689631353,746.7334364678167,1.308864975642405,Male,1,1.2144400647932492
48.0,42142.35244529907,664.2586292095574,23.301205031869365,Female,1,0.6879602689890447
39.0,47240.170098455535,725.7923034011238,1.6308441206252722,Female,1,0.6414392140876313
46.0,57583.08315354812,666.9756429536872,7.64636809109218,Female,1,1.0243398901943737
55.0,34879.801652439826,787.4056551159981,1.876879758048655,Male,1,1.42497304908488
45.0,38462.56522036774,549.2489144366755,1.8774125276108313,Male,1,1.3209602131388263
37.0,57660.14206788211,784.2459889406709,0.5483094705765449,Male,1,1.6706012793020093
45.0,64083.63248059337,767.0996493204267,4.103718932284417,Male,1,1.055513269597511
36.0,40676.08932243974,528.971088576962,1.4040774284117936,Male,1,2.084909432062851
35.0,30001.74419073506,713.0665409887673,0.8031609511254401,Female,0,0.8041422423132808
31.0,99261.77301931827,645.696006776341,1.285225695014546,Male,0,1.4521574829547927
51.0,61749.5635563307,589.3417980880936,1.4457033922626852,Male,1,1.7489704132889952
27.0,45994.94357349453,461.13808102822804,3.506738123598208,Male,0,1.6891991042310286
50.0,63035.46913296259,548.9186328882683,2.438175055304874,Male,1,1.5705163319756081
40.0,48133.15055428367,720.8112140184589,0.3924585776219807,Female,1,0.2710412852321409
21.0,63007.3533365028,731.3841269260557,3.8396616486098583,Female,1,-0.24259870517765747
39.0,52390.89796664333,628.9289519423828,7.74989223606915,Female,0,0.8459593656735691
14.0,51369.078472513596,731.6985143143285,4.269340530051549,Female,1,0.1518892244801403
41.0,48296.27197653817,744.5260077894137,18.3532829683493,Male,1,1.7875947016484146
44.0,28289.27999805365,665.4639958626348,0.5220837398693617,Female,1,0.6369773233542328
29.0,79071.4234908971,577.7666376149796,8.60610439412877,Male,1,1.5882222408437527
36.0,35876.99119598385,694.1054112815644,3.5229891476014537,Male,1,1.551049453150975
55.0,29599.646355341083,698.6984707658863,3.6864899800723676,Male,1,1.6679536469315535
30.0,46807.10175865449,717.3944390350309,3.6604789740327632,Male,1,1.6247495795559312
24.0,35577.9227973424,736.5403270002239,1.9675751866855784,Male,1,2.0672581194319886
50.0,49224.30814159593,513.7835428078779,1.9619178357452123,Female,0,0.5014962927585657
55.0,60316.457728426525,599.0070754634257,4.996249468794547,Male,0,1.7121337166322945
35.0,64929.543507938346,460.1378654312181,0.22898992429229625,Female,0,0.31897924812120815
45.0,62220.96082432523,724.6996038355347,4.443208144470805,Female,0,0.3049442857177346
48.0,45415.519178214796,628.7688552019583,6.447484951588308,Female,0,0.31204486821397226
28.0,50743.87741492379,693.0814070697415,2.20281674082059,Female,0,0.36156120773749184
30.0,56118.18576346237,502.43212518098414,1.225392741532813,Female,0,0.3663053925984935
47.0,23633.188640868913,790.0980849693051,1.2000939067183183,Male,1,1.59839085314214
52.0,58558.770501797895,530.5660835380725,0.4269161702765082,Male,0,1.3329867036585055
41.0,28140.510686242527,727.4563304382459,0.47001143298347114,Female,1,0.40964191127120925
26.0,80605.19898359734,661.7950170892542,0.911734994755574,Female,0,0.2844671607908672
55.0,43932.27373037457,631.055722247382,0.09679544414029573,Female,1,0.5279105000292982
30.0,47226.87234208113,622.9839893387826,1.5478351025333041,Female,0,0.49835183844576003
32.0,38454.393511432165,586.193699068387,1.8293124542166563,Male,1,1.0659788827080816
38.0,40550.44952216466,779.5196176900769,26.717884876284927,Female,0,0.5026317682320475
51.0,84111.4035371486,651.2612834352243,23.950117318097227,Female,1,0.3254317855194629
44.0,64105.545329349465,523.077846964678,1.0354212672488559,Male,0,1.5756042253330493
39.0,26761.963322782423,611.603979796516,1.197839465110571,Female,1,1.0883249682121652
40.0,72563.19351027845,662.8339027202938,3.385447692331167,Female,0,0.3512188559362388
35.0,67898.63412712148,739.7805281445326,0.8054487782536052,Male,1,1.2079183793713901
41.0,45781.81306567567,589.5380279482793,3.506294036727598,Female,1,1.2789380068269267
10.0,54600.454130447564,596.2223444195453,2.549044910315642,Male,0,1.33457460705289
32.0,49775.83880868389,652.3432127147405,1.9624203209351043,Male,1,1.3433235472396352
37.0,79588.69856670398,737.3424819947326,8.646886786377015,Male,1,1.739029607612289
23.0,38055.647165118644,513.124546440397,8.804726693477896,Female,0,0.005013233099746384
39.0,52190.1591466359,700.5354630991745,22.068398539148642,Male,1,1.238653414899426
33.0,43577.82003510793,603.5937469871344,1.2621416899074402,Male,0,1.404112179686068
53.0,28504.393930732185,617.5567418251513,10.9586856760896,Female,1,0.3484460416496097
51.0,82874.5738258248,850.1575745129749,3.8592847897004208,Male,1,2.1059143949495485
30.0,32276.501313463814,630.3530775448475,4.475820291546044,Male,1,1.505420715743851
33.0,53301.93781231664,725.469375030858,11.330938651642079,Female,0,0.9728757422903782
34.0,23889.49090429497,721.8913837203348,14.291238209532873,Male,1,1.7379513400519153
30.0,44013.9419113536,531.9976085901493,6.4879617947252886,Female,0,0.709346246034801
37.0,56329.532321501865,465.46056747770956,2.1373453872076382,Male,0,0.785426820308683
27.0,37628.990307464555,732.098209241691,3.363468822113895,Female,1,0.5877113257838297
24.0,58802.02776103483,541.6453807551482,4.773259305581253,Male,1,1.6060843966864653
41.0,45964.38362167876,483.5817045428973,8.819944498963135,Female,0,0.07402451395700677
41.0,67401.2376859792,752.6162214844198,5.363958226780227,Male,1,1.8121124135391113
27.0,70426.41370010335,548.0573266224408,2.274177184117556,Male,0,1.4994115982324063
44.0,41198.82858904982,572.7482524315606,2.7053972115529663,Female,1,0.7313674534750298
29.0,51150.992890894355,847.4373155089295,0.25877069774540956,Female,1,0.28147422495043306
38.0,52751.81339708349,484.0264638618429,12.902763218708898,Female,0,0.8554140498348644
43.0,59290.23943152048,524.3713958593074,0.46122897247551065,Male,0,1.1913198380158665
35.0,50215.72994366399,604.030185752608,4.336678985990462,Male,0,1.7742247967556035
40.0,52853.164390142636,625.9743160165577,10.265045144363452,Male,1,1.2740694166517832
30.0,46348.902878073204,560.6254717882347,2.731100494030108,Male,1,0.9730266402037692
33.0,51728.59800458027,534.1344902677083,8.050327734561382,Male,1,1.0541052374206128
33.0,69469.10290302699,800.9994324431931,8.143513452710975,Female,1,0.30132436818832625
28.0,59691.248618177815,676.2986124104716,0.3085581419598159,Male,1,1.967590998019679
33.0,60518.834591650535,708.5168744209188,2.6563639623829727,Male,1,1.7224173422623033
20.0,60846.05486203368,636.2774823441464,5.872482433369975,Male,0,1.6340655550866707
30.0,47692.86833178447,678.9454948859136,2.743966024017311,Female,1,0.36027177252110865
32.0,54782.40565369296,743.290166110959,3.939127530104298,Male,1,1.1621052871438007
32.0,33722.394824963834,550.3700985454665,4.512652998668155,Male,1,1.2201583334694974
33.0,69032.11484475435,676.4835996517982,0.8198315100118092,Female,0,0.3070854266837977
34.0,8255.593514851695,719.604231340789,2.6549818463093118,Male,1,1.3072920920902271
40.0,48692.77411496862,804.4797346384261,0.14438076816603795,Male,1,1.302969083299603
44.0,67113.43965725412,844.7890979801762,0.8103956205161166,Male,1,1.2145759362010116
29.0,29541.980995559876,656.9859796981762,3.5898031518633102,Male,1,1.501824369615389
23.0,55996.69876425277,763.8638949687135,4.261722844075401,Male,1,1.274623156778908
25.0,39788.503301314595,382.9832066628453,0.7904930182840131,Male,1,1.8394906215955182
30.0,44467.95102216697,805.2282909376714,7.045139509081419,Male,1,1.8364720748531473
31.0,64189.114409591566,577.4116338279197,2.3339471047283764,Male,0,1.6803060592894319
27.0,52970.853888277255,625.8902551012109,12.669429675341844,Male,1,1.645674352575255
22.0,19484.66198173456,694.1104484367021,2.4523602128133617,Male,1,1.0343395935153632
30.0,35353.61690402603,634.6557632684486,0.8114828677658315,Male,1,2.187247625180345
37.0,64630.03602333139,669.6453379568135,7.093477443542304,Male,0,1.4155220819772572
41.0,56734.14077289496,808.7692968226144,4.194343434612353,Male,1,1.7381140812696145
29.0,76222.03358786427,611.5779954654029,2.444408872907714,Female,0,0.2825706525683709
31.0,75239.71391019945,541.3076183499446,2.19995019340185,Male,0,1.187637888587085
26.0,44866.32304779813,831.3463857298551,0.8171200686811575,Female,1,0.7630900169268799
35.0,87548.56707604232,702.6764217004677,2.083904156481748,Female,0,0.4962064186538732
27.0,50367.19504777866,842.2238975313463,0.14891646322657365,Female,1,0.7856840773348968
41.0,35559.97198386462,736.3629910578904,3.489812920899306,Female,0,0.5883539801694824
17.0,40495.40201134134,517.6405607986563,11.351738814499935,Female,0,0.8436331766893046
31.0,16149.123420658718,714.5384671756881,7.931801216189442,Female,1,0.1482584623108547
38.0,74105.28512373922,551.6051934117445,0.14467914724868267,Female,0,0.5443905445114049
37.0,73921.42983565795,650.7431802439667,10.65410898948365,Male,1,1.4992784233959666
62.0,34767.38841780019,642.4285596392242,3.010364606086044,Male,1,1.0610237048812008
38.0,46581.73567427141,488.2336195366944,1.0591110598981146,Male,0,1.3341408445282419
25.0,51434.11316168866,568.7189510438213,6.979945118645674,Female,1,0.024784932320378372
34.0,35594.70421786829,870.51873001591,1.9494862193057572,Male,1,1.5500380893556636
17.0,23673.469530932576,673.8377404841165,1.4605822699369788,Female,0,0.3678969571889257
34.0,46844.63594334632,632.4403865337048,0.8796207601653396,Male,1,1.448321889748058
27.0,45183.8085581113,831.2890219940925,3.3337134084678146,Male,1,1.2702723622940975
44.0,44173.83138516837,610.3764689930831,0.49023660933316504,Male,1,1.5376264695441713
30.0,53340.74093901447,640.857963803088,7.699865440993535,Female,0,0.282635202639799
34.0,71442.79487788989,749.080285612285,3.180759346396362,Female,0,0.5609725879311085
29.0,45453.60920462411,609.9264201383651,2.9617731623602124,Male,0,1.3590383839004616
52.0,52556.64498082044,575.3479260647499,0.009278385929541333,Female,0,0.03128424148671216
32.0,60903.05785617404,424.6243584639283,8.515004256252235,Male,0,1.4564344891597276
53.0,58312.14389769123,556.3501686617238,3.3946147222786105,Male,1,2.1821891444068955
43.0,40783.64713328237,555.3972254010387,2.8981507774619764,Male,0,1.2741009206587077
40.0,51445.65684671054,665.856669546861,7.164517119079244,Female,0,0.5310147467098433
39.0,58213.097302535796,588.9541734272224,0.3248186528355021,Female,0,0.36920281245852177
39.0,33074.729937338336,865.8019010857196,2.28390087757323,Male,1,1.8911504972424704
16.0,68953.08516194762,544.2371069765194,4.286972809601949,Male,1,1.9133864896715562
32.0,71473.83357821166,790.0646686857406,3.0862813622004164,Female,1,0.4584163691367352
43.0,39158.29616833259,671.9752955127549,1.0022579243752114,Male,1,1.8556781453635416
35.0,52905.05027522253,730.6774035712389,1.7782095861894807,Male,1,1.59843047919952
21.0,59634.173850065476,724.6019594735869,1.7848074795800946,Male,1,1.710606201601677
34.0,41815.78765506871,428.17644696875834,24.123353633919436,Male,1,1.2015439343041943
52.0,57224.20768532142,648.8447321023443,1.9740883599119494,Female,0,0.5446060418575137
47.0,52448.83439438248,623.7771862766168,1.1482110002082524,Male,0,2.061711216321419
34.0,27981.22733541799,536.7021905308733,8.6477883114634,Female,0,0.8304251749872013
45.0,56887.41973967837,695.9626037215868,2.733743111840763,Female,1,0.7510265332530431
31.0,33497.863755934464,821.6540315877471,2.9337093048828438,Female,1,0.556405723041985
18.0,64088.042774930705,382.6996356115934,3.9802099539108458,Male,1,2.22990253615097
26.0,39931.83387299167,596.5530324158279,4.527856915422193,Male,0,1.7357298746858072
51.0,47580.71849508282,525.4233835886378,4.464770806226398,Female,0,0.11077885986022323
32.0,70584.18370169862,657.1777826237693,0.17554444802813912,Female,0,0.20882173228852252
33.0,57445.72469793268,617.4378716850003,8.541940449690129,Male,0,1.4777079445389045
32.0,33807.89120638182,589.4322787242822,1.083650924140826,Male,1,1.6466327276443247
54.0,34776.25143801374,718.9506828329058,1.7289726670772092,Male,1,1.5355481768472272
51.0,41010.45817064412,813.6181301057098,0.9523504506234575,Female,0,0.4353349569019618
57.0,55919.66125034999,916.1318651757836,7.285229409247355,Female,1,0.5410790511557545
33.0,55374.49722399152,576.0370951531412,4.381241116876076,Female,1,0.2055532803496682
38.0,37353.46543005696,467.9124448181931,7.038532931762259,Female,0,0.693949215892227
20.0,32491.857715784612,705.919643407834,5.297896505516549,Female,1,0.45718574285655467
50.0,54223.75107628752,811.0484735323204,0.5499596451251001,Male,1,1.439806926553454
23.0,47272.09901314757,731.3689967040729,1.7940988969233926,Female,1,0.9232859764731063
37.0,82358.23831171606,810.6347039530311,3.5389204934966196,Female,1,0.8928298584059919
24.0,50549.05484844618,627.451332939788,1.8188217253962309,Male,1,1.6662866295019874
29.0,77213.79241550413,589.0425560226872,1.1615768230177783,Male,0,0.8523562697262993
27.0,32444.2460284349,661.5435907401312,10.193877408741166,Female,0,0.3451730456343439
29.0,26401.80590657439,616.9446812633112,6.887340640137256,Female,1,0.41335151142430354
30.0,33198.723012116985,716.3094021340344,2.117280350546373,Female,1,0.3995741686618141
30.0,67836.946721802,746.976777800349,7.241111865766271,Female,0,0.617651175901796
43.0,76341.523845403,754.8083664571886,4.938109601077373,Male,1,1.7832575486598006
24.0,38267.30819071049,701.059267080439,0.018964588294516173,Female,0,0.49795962632238966
37.0,43091.50955360664,674.58223266753,2.3922925643625566,Male,1,1.491540573039188
47.0,32465.286346812503,729.4426689250848,1.715885816804181,Male,1,1.8874535531688865
30.0,22825.402293224193,453.7008092347279,1.2289184661249928,Male,1,1.2542237011557131
28.0,60776.175466649445,671.0570752333942,1.449017566056356,Male,0,1.3886428875990113
33.0,53345.304544432445,655.2478057170451,14.2681129746542,Male,1,1.7038443451336114
47.0,50157.319740108134,671.3080395971555,3.330745338312442,Female,1,0.6808114804359173
37.0,28999.1519425493,641.2376453745769,9.409801322380186,Male,1,1.4513471236777251
30.0,74599.35022742991,693.1855493461616,1.2053739986384728,Male,1,1.7518668089535212
40.0,42449.648929257906,592.5397078465985,0.9582474327488297,Male,0,1.4981857983734699
24.0,58004.39637224714,762.952342945363,10.981656356390497,Female,0,0.9840676922597806
42.0,28181.578921329132,697.3649777413474,3.422966207996567,Male,1,1.3231343173460741
39.0,47142.12215569944,665.068585788386,11.27622395933715,Male,1,1.4179809893827544
32.0,54370.616843578755,580.248342936388,0.3255139501834337,Male,1,1.6762645552253352
27.0,54906.128270799614,731.5316885207906,12.41068377802478,Male,1,1.402523043552425
26.0,52319.72814854937,670.6659698494491,2.6845247307270057,Male,1,0.7652918541274664
40.0,57417.83738073159,574.4516606463084,0.8442859721193776,Female,0,0.12672062631748038
47.0,33042.19315950558,644.3338457586761,5.750307282888017,Male,1,1.6936332077942797
29.0,52960.5890815949,712.908261924124,7.970350110865808,Male,0,1.1803373916340894
40.0,51706.36525220416,705.1573538819825,0.2426683051482283,Male,1,1.1600088352894151
14.0,53475.090262925914,698.7008967808155,21.78997829480359,Female,1,0.907884276291276
29.0,51085.178259787725,659.2531391741077,5.970556072136134,Male,1,1.4278209935274022
35.0,30901.808391299037,752.5819533301897,1.9386318079372766,Female,1,0.27137481852286893
26.0,30233.003718365395,773.779650381161,0.8202110083538934,Female,1,0.7009761040396414
26.0,16785.977211731726,723.732261567554,2.492274082544915,Male,1,1.6965826778906146
28.0,62263.017647679466,591.2548725144293,1.2459341411592677,Female,0,-0.20886946847254417
38.0,62414.86264602798,544.1938282709482,3.4076073449344464,Male,0,1.6266855093356898
33.0,62653.25436833181,595.6060233028406,7.613840871885367,Male,1,1.6070686131872445
13.0,54601.84943692178,845.3656747976723,5.395966159195345,Male,1,0.8806218649607666
14.0,18003.211734228338,678.1695913827353,2.862928085452209,Female,1,0.37373889490025614
29.0,34599.34262322101,862.6441827526385,0.6331700266631972,Male,1,1.2844156671100404
40.0,52556.231263896676,637.9801656412563,15.751055979168694,Female,0,0.4865362831719434
8.0,52032.77004187693,624.1186329507078,1.5760922140338058,Female,0,0.5171746840918672
30.0,46658.77680271968,642.5943463355926,1.6275050275235938,Male,1,1.4258099321055728
30.0,55533.758043623704,640.7825919946697,5.185266002785954,Female,0,0.2542848061672103
49.0,50174.77561527868,572.6349088132275,7.359470884636884,Male,0,0.9290349365099686
31.0,51811.55698327043,535.1151731833323,20.723801309258665,Female,0,0.44350235788909564
39.0,40414.02000751976,700.1336627180863,17.395404462417837,Female,0,0.271808499317151
36.0,64730.16479182385,755.4900717597363,12.253136252989092,Female,1,0.5824173792335363
14.0,43538.42586979424,894.4981300666401,2.8574234420846087,Female,1,0.6452990988756503
43.0,30040.263754690604,606.6287093308978,0.9116257425407127,Female,1,1.005948511398608
37.0,38435.01480771907,614.7344513135924,4.39101680459414,Male,1,0.7544431736954055
40.0,44773.007129570295,572.8770705548983,0.08703567219656634,Female,0,0.7671371285230983
74.0,64910.0418255327,762.5727429373567,1.092327794733076,Male,0,1.1204857859052049
14.0,49365.98002347811,731.4987454796265,0.012663005616616752,Male,1,1.0931323868476015
52.0,47207.77671551526,562.3065418125474,0.9955235214924947,Female,0,0.35057919954984035
32.0,31270.04862856059,559.7801913027057,3.2194725063237843,Male,0,1.4244642941575745
38.0,61782.238847443645,745.2514758595897,2.4988045793297524,Male,1,1.8647450063461883
35.0,40220.71768964922,688.3196151208408,2.3045975944078583,Male,1,1.2742517192726155
31.0,48499.58211587996,725.8388713011144,8.887888456568664,Male,1,1.3815550981283589
29.0,72202.74615322797,561.7231521661087,5.619593631980251,Male,0,1.9102002858474314
38.0,57631.449965739565,462.22751360897934,13.778206747991158,Male,0,1.4448894776563468
20.0,25576.189284272386,562.503498331983,2.9470096598182876,Female,1,-0.23824322429229128
43.0,23457.34645471292,718.7766730011227,1.5888488442674709,Male,1,1.7570567938892105
31.0,49035.343248211306,861.1057978634891,0.6544432275566087,Male,1,1.6591896656292418
24.0,31808.890776877925,607.0536010472392,5.574125987582963,Female,1,0.9765153213517637
30.0,59728.20121449497,877.5855881876865,9.21761453284028,Female,1,0.5696640550279398
48.0,50633.945974474685,732.9819767491688,1.0151078423773743,Female,1,0.43947413995109685
30.0,52480.77153535795,510.6967698291174,10.549616922878304,Male,0,1.3254349724363503
39.0,39398.852275364705,671.4033837811032,3.7356541556180427,Male,1,2.099501093799111
28.0,76120.75482930058,736.3974278411861,0.777895518517513,Female,0,0.9068585140589802
43.0,92638.90592015689,407.45171014473135,5.148183635279436,Male,0,1.2981543053807294
42.0,45821.22914364928,714.4451157913381,3.6703952965989024,Female,1,0.6779351164999154
53.0,55295.58872622502,767.2721179823112,0.1429416351854636,Male,1,1.521305494282578
33.0,51461.26014596469,689.8868124131143,2.5478254655652526,Female,1,0.4820114676009262
42.0,46104.69704838397,643.8278789318576,7.680658286880176,Male,1,1.832088583641796
36.0,37518.94298400805,632.7073416998593,4.053168526898766,Male,1,1.3768848348552065
48.0,33725.48018779284,626.8677672308178,1.6567149524579305,Female,0,0.8122347126163736
28.0,32966.04101711714,532.4020196232891,13.200212510470186,Female,1,0.5317464702382175
42.0,56078.60038323718,581.2476168095033,1.3575939450505212,Female,0,0.6122373690837344
33.0,42204.88282694547,608.3405954347841,1.456683759539644,Male,1,2.1381896001360667
34.0,11325.607247892047,661.3494346225742,2.189729827001643,Female,1,0.9893472596216164
36.0,56672.873308974835,594.3185242342934,11.2470163247127,Male,1,1.4784658383156017
38.0,49426.08076303766,563.087075750207,3.542577303948355,Male,0,1.5408575658181631
34.0,70200.09502101719,725.9770859125845,5.731335670585825,Male,1,1.373145887003507
37.0,55596.83595636514,687.0613971947855,18.70384831947504,Female,0,0.20121008652819633
51.0,27819.89605534554,596.0770463210433,7.646121409744219,Male,1,1.8627966527889386
45.0,16554.850389050283,700.6278471487587,0.9473358417858637,Female,1,0.5088934977744751
44.0,39207.91423493094,604.6842106314065,7.76419938021413,Male,1,1.7881602030040213
30.0,40623.38868959521,656.306502948812,6.89832490501833,Male,1,1.2944296132333988
26.0,64147.3880150025,747.5044054722866,1.323846234706239,Male,1,1.1556300920030511
45.0,49866.9360156564,589.6258906833737,1.9678049521926575,Male,1,1.296798505274501
44.0,67005.32747147763,532.7588392166257,6.191583301140573,Male,0,1.5841239870033397
50.0,30127.50416446048,635.4865416978658,1.3616236394154586,Male,1,1.4026277935308007
29.0,64478.96576570672,513.6534983814538,1.167149303588287,Male,0,1.6707274341411313
33.0,60814.83730146379,622.2551490649024,6.078081169170938,Male,1,1.532465812242697
19.0,19726.488328532054,621.9362520686543,10.626191650789503,Male,1,1.0982039287397973
31.0,69839.26761891159,403.6315876094437,0.3898978844975301,Male,0,1.8722332859335489
45.0,51401.87737649529,703.063516374451,2.9521203162309146,Male,0,1.3466032068821945
30.0,55880.667558027584,631.731023331868,4.671958098947319,Male,1,1.735890629711911
41.0,37026.55831357366,768.1896452771936,5.6393320277602115,Female,1,0.365884719580282
33.0,69128.70519382958,671.5531979794082,27.858395497780677,Male,0,1.2356865431115132
38.0,32212.21506141695,723.5608570315549,5.739411214580331,Male,1,1.2212986569001454
24.0,62481.38027560919,769.0038753207043,4.839948345212208,Male,1,1.0704466306753702
36.0,62309.112138630066,636.8282917229254,22.894663256049327,Male,0,1.0776396331281213
5.0,35387.48857741667,649.9176811136098,0.31293222041875113,Male,1,1.6141855646759007
33.0,79750.6039913386,492.64567766097684,0.38676482886951324,Male,0,1.2217477291875307
19.0,53472.927203262785,773.9537745234242,4.112664764194926,Male,1,1.603778637546356
47.0,59808.389154065364,635.4302600278445,2.221013681755573,Female,0,0.7752107960947807
43.0,27093.188069963664,549.4269449652019,0.5084890120951496,Female,0,0.8993034088656171
40.0,81765.95004512847,723.9722486487427,1.829651760488219,Female,0,0.7410204895212973
50.0,31631.645896623653,432.02188080357485,5.609729369665541,Male,0,1.818253263866683
26.0,65373.29649148896,607.0725777126822,10.627007049429864,Female,0,0.23245745279905833
52.0,35078.42423102457,740.8311041211841,0.4953708954617443,Male,1,0.6772740716573998
44.0,40715.167957284764,606.2278148034095,3.8842209622979733,Female,0,1.0254497657460822
33.0,61831.310658281705,578.2078049051419,1.7557054541964892,Male,0,1.2374455943668643
46.0,65413.29070512736,608.384520288705,5.502963691730097,Male,0,1.9499453793662163
24.0,30930.73626328847,449.0070735531426,3.986447686346042,Male,1,1.5902966804321819
27.0,66357.0825358549,721.5478431783033,13.066724158670116,Female,0,0.5486928133411784
29.0,65674.7074269979,637.7113958023087,0.1920614122467198,Female,0,0.4376751360546979
30.0,35930.69886732662,622.7675390005238,3.1747430249249184,Male,1,1.3507886946738215
24.0,73979.71390386665,623.1331383590958,1.0706685316507065,Female,0,0.003070829272342812
47.0,28147.13557627943,651.4079798464584,3.8477843221809853,Female,1,0.5731507424135215
32.0,40628.41125833577,715.3437370672067,9.606357974839659,Male,1,1.6389912340221773
39.0,57185.03936137983,644.7936458800751,12.113408702904065,Male,1,1.254311034965625
29.0,37196.5057294609,513.8363451820187,2.539413651782392,Female,0,0.567320778809476
17.0,53957.286285190115,707.5516121544067,8.3507328381547,Male,0,1.1288942372978124
38.0,53616.141182049425,699.8569691004226,1.6460498770387975,Female,1,0.24930948987020096
16.0,47193.885951159195,670.552699821646,0.03162453217881809,Male,1,1.519445253629751
34.0,62486.008078858395,757.5241306961319,9.663357848450003,Female,0,0.7687249055582244
21.0,46574.58811013541,653.0378676412959,0.6358284405197387,Female,1,0.8487905218258127
55.0,53473.11603220709,761.1376088989256,0.08884022147399193,Male,1,1.5087340216348406
44.0,67197.07816231853,790.7211021478397,2.183213048201447,Male,1,2.111847376630469
36.0,61860.2931503876,708.2312885524483,2.3851814194634704,Male,0,1.4945135402691636
48.0,61790.259362213124,575.2066378122063,0.4018230557443154,Male,0,1.5117506556209646
27.0,32762.305966748296,636.9214281497559,8.414955290321473,Male,0,1.4744320844658783
40.0,57871.888632519825,773.8856034058374,2.6009527759143847,Female,1,0.676484046589734
37.0,36822.51813545743,500.23721339304933,3.3659739377842253,Female,0,0.029393991537186526
38.0,30778.775303329607,610.8046331821391,1.536875350866766,Female,0,0.616500949908664
48.0,48924.40480572548,615.7035163553256,3.582148151040672,Male,1,1.7256184904380567
42.0,36435.572200226154,563.4789399646266,7.277823297230553,Female,1,1.0029618022603053
38.0,61859.26578259966,737.2878949918786,11.832030851141164,Male,1,1.816201279844865
18.0,62218.031895429864,687.6815071040777,17.621844670723902,Male,0,0.9318343697605282
25.0,21460.606453528373,578.8941643399507,2.7819393566034445,Male,1,1.956845438326896
34.0,37575.46190634665,710.551292023584,23.042809039433546,Female,0,0.31465887341565796
36.0,28103.199921230018,634.1583765331782,1.7474732894573095,Male,1,1.484568596962682
24.0,43060.56085110664,560.9805426777657,0.03500190437591921,Female,0,0.5966312405145893
59.0,56827.63504803237,578.7081589757133,7.296842976619438,Female,0,0.611690168804579
50.0,46365.67852732418,693.605107477594,0.982725052390314,Male,1,1.1920923446151663
41.0,41153.61138999297,743.9009878521839,0.2694033945611931,Male,1,1.5115208942037583
36.0,69502.64790219709,601.3231767045214,12.885696740946651,Male,1,1.546548341241764
33.0,15427.142411055669,704.4441333669012,7.846540719162349,Female,1,-0.0003321628367872753
25.0,68553.07840277338,808.1754157577483,0.5416289918214996,Male,1,1.604390613417204
36.0,41835.67560266772,524.1129443629748,7.500903422799768,Male,0,1.0943258196361998
38.0,48828.364848308156,685.5669872838623,9.289486660819723,Male,1,1.8248898588501234
23.0,42089.549934198374,733.0655691295408,11.785294313549851,Female,1,-0.14552763742671126
38.0,73143.32158308677,640.485018340117,3.922958948723248,Male,1,1.9531657691936044
33.0,31535.322547921107,773.8283210855647,6.077057732125102,Male,1,1.403269510609602
16.0,50176.04554582904,869.8837038261283,7.182452424118194,Female,1,0.4399307701488153
26.0,57911.57977789995,684.3355348386303,5.834010300069062,Male,1,0.9071155002540897
31.0,25834.958481722486,626.6410267722001,5.204080012555764,Female,1,0.8775604679356475
54.0,36201.5274433077,747.6982807661957,3.965492348908689,Female,1,0.458159957477098
41.0,47777.32199752656,734.2068860377901,3.261902298113699,Male,1,1.0652593558008552
22.0,36700.02447973438,398.11690450818156,27.766073325890538,Female,0,0.42131312442407315
40.0,37766.12343171275,649.7264443908887,2.0591323468197236,Female,1,0.3069077754814212
20.0,44752.060053853435,610.5400533260886,0.4620501838825167,Female,1,0.9024326411963395
46.0,59743.7199746926,689.6705691513916,7.2416353754918275,Male,1,1.5141285803819429
30.0,44859.23334682784,630.634171970621,1.202875368431863,Female,1,0.6368142062226803
34.0,66176.3929170942,641.4823907728999,3.8038480963668575,Male,0,1.6618493903006128
48.0,35033.63326010968,563.6787240538919,0.5035319070372841,Male,1,1.5568330685940073
22.0,31221.166092898213,723.4529218424487,4.828506115253412,Male,1,1.8440732860990028
21.0,78895.181085817,815.5042221468732,14.412679047726893,Male,1,1.5382862466298164
29.0,40130.62808501733,565.2328050784965,6.41336160560301,Female,0,0.6911899933438641
45.0,30336.319893917604,510.29449768530264,1.2073954876961122,Female,0,-0.00864602670103043
20.0,23869.190873422544,652.0003219827464,17.726154985606666,Female,1,0.57584235151876
7.0,66126.55180713409,647.1344338964736,1.8342536462727663,Male,0,1.1696870273453164
30.0,44880.432280099114,767.093278612036,2.8689601199240222,Female,0,0.9174840736531114
41.0,46194.35397400402,527.0805047621468,3.446941473883629,Male,0,1.3714902651670233
47.0,47611.974326200405,596.2044824975902,23.398791645050775,Male,0,1.2486059445972173
30.0,65194.14327004672,435.22967607331475,0.35689680257816797,Female,0,0.555823981885615
31.0,47307.052490361195,787.4983636211823,5.965630786248861,Male,1,1.7896032272259603
47.0,85160.80668248939,675.0544628323364,2.246543280985424,Male,0,1.2427311623135275
16.0,52006.408610813436,603.6567086019204,0.4078147918177874,Female,1,-0.019666448488571242
31.0,65926.77150437482,517.7728521408824,13.669275841173674,Female,0,0.5215833975558078
37.0,62078.5978685661,526.9523941822749,4.45626307955627,Female,0,0.6322163161369432
39.0,49453.290196129434,691.4266899791392,7.002331706331908,Male,1,1.961491358500533
30.0,41195.43520969305,539.257495439929,1.3747206320717011,Male,1,1.772654298355135
35.0,54979.45892849831,660.4005423148569,7.1677878336386485,Male,1,1.387306125142318
10.0,57651.48096810909,854.2944861135031,8.815144078837777,Female,1,0.10186565226514355
28.0,41411.20927810209,615.241237705518,2.8178753032351747,Male,1,1.227091880656123
40.0,52495.08298925984,553.8555556025622,4.242651946921775,Female,1,0.5739511692633511
25.0,68543.07467389395,688.2007205452763,17.855043876745764,Male,1,0.972873126080643
36.0,81049.21608604518,527.4208259218273,9.377759346599856,Female,0,-0.13772465774789144
39.0,62815.53980524132,821.9984530329403,2.9425852074243313,Male,1,1.4834453921783948
32.0,77941.39529570423,790.3619668528336,5.461767460644388,Male,1,1.6322256427867214
37.0,40559.38683190316,633.5828381046356,7.667745488954441,Female,1,0.5448791684689196
25.0,60528.23378088941,560.270681857578,0.12314827832452507,Male,0,1.7505169527320878
33.0,70077.79262871908,607.4230127224639,4.438103207358225,Male,0,1.270951706011337
41.0,36555.000005420065,620.4334387914572,20.843814938451573,Female,1,0.7831014107235922
37.0,42716.148319324864,688.3567131707065,14.704388374228065,Female,0,0.493094061421774
29.0,76068.57142752875,753.9632329301116,8.932080694264346,Male,0,1.826847683163505
37.0,35373.5171631959,546.348736924141,0.561445051314099,Female,0,0.8812031421838674
42.0,29883.04951016434,751.0909565342745,25.614642691854424,Female,1,0.8927246313019401
15.0,72919.72360459267,711.7685612811298,4.7021250888693995,Female,0,0.6002283201969926
47.0,67951.44837470658,599.2210509193394,1.2609842624171077,Female,0,1.0199938503095298
32.0,56481.803659756544,541.328810432299,5.608412193634756,Female,0,0.23060120096953063
39.0,49314.33868031259,661.6232717292568,9.707922264706344,Female,0,0.49134461991118444
47.0,43422.13241592527,544.0411516297916,0.5957635208890091,Male,1,1.3859929816898986
21.0,54229.23310713577,752.3680849162606,12.41084061226185,Female,1,0.7130847606990581
28.0,73697.10436102324,537.6117227867795,12.64142713916397,Male,0,1.721543634411318
32.0,53578.49189213114,704.7706193163144,0.06777936655034719,Female,1,0.5311810171074993
27.0,82504.38900870449,641.9383635184918,11.528907062093781,Male,0,1.7296906561823195
52.0,36530.87021539654,593.9375115624799,14.670168741964655,Male,1,1.5037441714020674
26.0,49704.78868507596,639.7168493680709,0.19210251133494743,Female,1,0.7412595198178485
29.0,44404.11998504127,757.9983169634202,1.7418782747451036,Male,1,0.9699551724162724
37.0,33722.87685256501,530.7742591006211,2.334901076386107,Male,0,1.8078270529217628
23.0,47703.744004855165,608.7843444808183,2.14538702625768,Female,0,0.28199203524539
31.0,56259.93952490659,574.8256435312812,7.114858891190438,Female,0,0.518019626093614
38.0,57863.45269928045,646.1382866451286,2.2166484880108843,Male,0,2.0810424449039004
32.0,82556.78268416834,581.5319107487346,15.684038528792142,Male,0,0.6873506507542695
34.0,56967.01204585339,473.19187576133857,26.484217570749344,Male,0,1.5285868000992904
30.0,67252.05205519425,544.4862453067637,1.9049762897319895,Male,0,0.8280396840430645
20.0,50991.41369448464,813.7755018538112,3.5545271777562455,Male,1,1.6018505565720687
38.0,75170.83400678894,674.6728211286272,4.078900492906074,Male,1,1.2902636434091255
53.0,85976.73928382105,671.2362053808077,4.330398720704901,Male,1,0.6197129764899846
35.0,57966.27696463925,621.7387609991362,2.3436941008327654,Female,0,1.1201858215818934
37.0,35110.11476822628,644.8374575890831,0.9075704261873592,Female,0,0.45739546381518004
42.0,41767.924658342476,607.018807716862,0.2805271218929931,Male,1,1.78462152677662
22.0,54229.01454807743,702.6928531041065,0.5621979310029506,Male,0,1.2076001665761331
52.0,56847.47052875969,660.0808854259373,11.57790779152675,Female,0,0.7859604990666074
37.0,60476.37701576558,532.8731789841385,1.645125225930519,Female,0,0.724482008548178
51.0,56902.96521845061,675.3724503104193,0.39967139348734276,Male,1,1.627392258585265
28.0,50104.77374383908,404.1258076728449,4.884580590527847,Male,1,1.327819765431299
53.0,40457.02338196807,691.3859199677786,0.3914682601496251,Female,1,0.10458993384078796
43.0,56017.07391896344,509.06431431634786,0.36313809415192033,Female,1,0.11991882787198527
41.0,77824.81036220986,640.3944913829924,4.8586275026348025,Female,0,1.0602187912801244
37.0,65298.929081416325,530.537239680381,4.4750347870337945,Female,0,0.60848596973318
33.0,58020.55924454297,650.2823199533098,0.21181010162180966,Male,1,1.3309499446031987
47.0,65443.50385734127,707.8278519276222,3.085357048734628,Male,1,2.1885590507576977
36.0,44434.03956648721,800.282708524958,2.861451551274514,Female,0,0.05726415312506178
15.0,42376.0228087502,495.86423449885217,3.955885704811454,Male,1,1.3831282264388283
24.0,38783.22343451027,747.5472955671135,6.694091212733333,Male,1,1.0930248931788613
33.0,48120.70065845843,663.1152705377472,1.6620030178383094,Male,1,1.015917069994981
38.0,43669.911549363795,604.9332847175376,2.835042717044678,Female,1,0.9886347349423559
34.0,68124.12110978209,725.985650505946,7.868970934847606,Female,1,0.5753829009893848
47.0,42870.148734767165,626.4075148914793,12.791026131559768,Male,0,1.3303800597515856
15.0,37959.174256626255,721.753051640068,11.09687425398157,Female,1,0.8182619621027856
36.0,79138.65768245948,550.7730286872005,3.2469047628621226,Male,1,1.8725597622513868
17.0,43229.37153377985,586.7002967703708,3.6788727376957513,Male,1,1.5868396724763634
43.0,52302.926858755265,744.36000527946,3.7656053935814553,Male,1,1.645444857324799
34.0,56769.84237115117,798.5400523570422,10.151945429368258,Female,1,0.23139713749208712
39.0,32949.603216187774,646.4968100847151,9.161017267828338,Male,1,1.3042455494197607
26.0,68532.25654254603,371.27110746442196,1.8664360372827036,Male,0,1.6156358097471857
48.0,59556.785606168414,630.0950717391545,0.8887582104262514,Male,0,2.0594247855039316
45.0,73375.76017821173,653.242611782243,2.3819161705340814,Male,1,1.3438738877212495
41.0,39811.670941728495,626.7226623306827,1.7012414675404741,Female,0,0.3725540734461803
34.0,51486.8868871424,683.6338561665531,15.057349800759114,Male,1,1.554410175515286
41.0,50590.33632491293,602.3090072402678,1.5456568940831734,Male,1,1.323063440584625
28.0,53958.32741525033,733.8870860678028,0.9996179280890728,Male,1,1.768584103835586
44.0,28180.778771342586,533.3286727268958,11.486946202185674,Male,0,1.7336982914479733
51.0,51662.54568038334,773.684870735414,0.45224240912430463,Male,1,1.674118200628851
46.0,28603.041328643823,805.0078823961093,1.5073234319231368,Male,1,2.024584688242883
28.0,55375.01106795382,558.6940261939692,2.891162999398334,Male,1,2.050664156573196
39.0,18070.263132222204,558.6400174396937,4.520666891437889,Male,1,1.516190127282712
22.0,22226.1974856412,691.0695313777528,1.9850514776980834,Male,1,1.4681662398612811
41.0,62278.23074659998,531.2779590257111,3.42821699163542,Male,0,1.07178716587783
40.0,41797.423172078255,600.739712889768,1.1084180029966948,Female,0,0.08317082212342669
16.0,35182.12889551639,760.2526956456014,4.269798072695919,Male,1,1.478090098106413
23.0,69062.68431613322,723.7606764476963,2.6196962324647943,Female,1,0.7555491673286882
32.0,54914.393259926226,848.019634168959,9.460983529634344,Female,1,0.7191242670822228
32.0,63081.352933006754,667.0784147600208,2.686995743511998,Male,0,1.2178372417917513
23.0,47506.368915187544,588.9161997721815,2.933275287994663,Female,0,0.17237472011370097
39.0,90194.43040850005,655.1243511653021,4.484585460135121,Female,0,0.03643450777584373
38.0,40932.29209160307,634.9411660591365,0.6572107634744355,Female,0,0.14597755810664997
33.0,76167.43324039833,636.3442890796864,0.8527269049320043,Female,0,0.14785379352249833
27.0,49079.50939850131,647.6196291904267,7.808902596305357,Male,1,1.5365595513047643
45.0,25182.34407630881,556.8233291153764,1.5970250237636907,Male,1,1.195061529908419
52.0,57242.73118622163,678.2217754970643,5.77110486160712,Male,1,1.424382591518384
30.0,54721.43842182746,509.1336732241409,0.5125283617803599,Male,0,1.9659065751976004
29.0,34230.17278641155,578.3173392091885,8.625553203226154,Male,1,1.8208251891010094
40.0,36166.71084297928,638.1121236860182,22.210204354624246,Female,1,0.418838823063753
31.0,49629.535353725114,424.04466873444085,2.33955665979767,Male,1,1.1966647946754416
34.0,55246.217228719725,726.8991536344918,3.5213450160492012,Male,0,1.5737086145154477
42.0,12940.050756808989,444.68454901524944,2.923365404256134,Male,0,1.8389300061368035
16.0,65796.82178785704,716.9587690898178,11.230444844496041,Male,1,1.2534406111994285
48.0,42582.53039277534,520.7190710071837,0.04991854742038399,Male,1,1.610557787617663
36.0,30023.787734027355,609.5081309296501,5.298775340021811,Female,1,0.5911107766447224
31.0,64115.99827177896,701.9130646949429,5.2830580736880295,Female,1,0.563053007456052
34.0,49645.730308723156,869.8139519479482,2.4094500321861028,Male,1,1.686724505768838
35.0,68242.48665173381,661.645197770735,1.2380370951555484,Male,0,1.4420213568501827
18.0,56569.28394469633,451.7373671800492,1.3700970419347018,Female,0,1.1324924231528768
50.0,49977.28245577931,745.3695132635773,8.058806076413683,Female,0,0.6810699432204183
35.0,47709.05082529766,626.8081595140982,0.3419461420177945,Female,0,1.0127335192029723
39.0,57240.69140834207,656.9906654458823,4.148548913586841,Female,1,-0.06608376118762149
45.0,43797.031117860046,705.7863029887615,1.8324764805406792,Male,1,1.699810525819694
25.0,37211.41116880251,427.46220430942856,1.541109982206479,Female,0,0.7462917048105655
40.0,59148.63683981966,650.6536847735196,3.523444306558343,Male,1,1.3158023364554166
32.0,47832.68237833356,609.0306110047304,11.407128025394059,Female,1,0.6545060208072598
43.0,50503.51472103509,772.1834906005519,4.81287662541379,Female,1,0.38337603998161435
14.0,66340.69754231912,722.7113763338743,7.77026740006865,Female,1,0.8633898111900897
34.0,48291.85088396389,487.29980772184524,4.590008214025601,Male,0,1.8544535662614559
29.0,50225.50888312686,776.2625852349048,5.981937889698557,Female,0,0.45512193826352204
39.0,41005.257328236024,694.9525088160211,2.831759047311695,Female,0,0.5372596399077973
40.0,56461.09900972776,495.2758402546782,13.017210218526891,Male,1,1.8693588598940698
28.0,55247.41869020132,655.5753103492773,3.485163802681967,Female,1,0.5083811543940264
28.0,63511.626976858366,753.4826113855855,4.012296012692144,Female,1,-0.08942470640914946
34.0,41313.06744489686,528.5956127426606,3.7218392642895557,Female,1,0.11108156148953274
26.0,43132.74545614721,787.7577335845417,1.900368724101627,Male,1,1.431439541909825
43.0,61882.06098718204,498.7371225872474,1.3148720842577277,Female,0,0.5730234185595259
31.0,53783.19505044295,570.8772823353015,0.3835141785940789,Male,0,1.6471992606502908
6.0,36406.72810710958,555.7129164610308,6.332344520955823,Female,1,0.7939272355875133
31.0,69598.31101601751,787.6933731588662,1.7073503673298025,Female,0,0.9161554070190927
25.0,24523.241473996237,600.8983863450803,2.4649118549646833,Female,1,1.0429185948026205
19.0,61764.27129895628,533.7182997339003,12.624155406580597,Female,1,-0.06608757194897108
23.0,31021.81946002705,694.5210878914062,4.178710177463343,Male,1,1.817270609307946
36.0,78286.8277472829,716.1180990592719,0.5105958940407399,Female,0,0.15171029096312771
48.0,26831.00409641565,716.7536094794132,8.03749678383578,Female,0,0.5904965013228107
38.0,67283.75977809122,622.866083477399,1.4794489799740447,Male,1,1.829392244730885
29.0,48775.48459983134,675.4534301036948,4.022694153295046,Male,1,1.6261109633088124
40.0,44500.96145241884,584.9766913770715,3.566560410960448,Male,1,1.4940820142981739
30.0,52780.94984701642,817.4801677935731,1.3595609815101222,Male,1,1.65351415946374
28.0,59478.50508736719,764.4205158657932,0.61519619734265,Male,1,1.6632774089019775
23.0,36433.99246503696,758.2956829040675,1.186602901420347,Male,1,1.1716825837750762
17.0,37763.184122471415,729.4115934573546,0.5120344072429981,Female,1,0.240833461287286
31.0,59744.072976693285,701.9733305995002,1.6122511628074188,Male,1,1.520292935828173
37.0,24389.855695256003,525.5637515850212,29.56790990809334,Female,0,0.5098435209125748
34.0,41236.563602118724,713.3301236255649,2.5715941331834715,Female,0,0.9983749891914877
31.0,95610.30431239161,661.426523006332,9.971400389241634,Female,0,0.2847717204514856
26.0,35479.80553116079,776.336408495092,3.9834100648389734,Male,1,1.5515431503955728
41.0,67217.04187639628,730.7419182382428,5.491807790524216,Male,0,1.1550595518387592
22.0,41210.73846929282,705.0380470153021,0.8500757791695379,Male,1,1.1881311584830745
43.0,57635.677171957155,481.57752024698436,1.606579454490324,Female,0,0.433004737955448
25.0,59815.335358943266,641.0999463391529,3.5712762127216924,Male,0,1.4114713232617149
27.0,66934.35102774421,594.2107740096344,10.64918921250964,Male,0,1.5639897535303482
20.0,46996.19259780837,675.2365924183074,0.2191744973849126,Male,1,1.4331052345191289
30.0,79833.26958132279,608.4451728557357,3.5354188214766764,Male,0,1.5908259176103232
45.0,41159.951531222294,622.4054223906694,0.261796746365845,Female,1,0.0016774148753512241
40.0,53513.3062039934,695.9033904906704,3.0515972482484677,Male,1,1.6628664123995494
45.0,53679.153983264114,606.7861886431224,4.95598956910953,Female,0,0.37388062178025117
40.0,33170.47820075877,662.1591539574013,6.82703399384045,Male,1,1.5857060770702665
24.0,45711.91617531319,498.05881091256936,0.7455868716299575,Female,0,0.639865946527425
32.0,52422.70248857611,566.7598523239941,0.9110595147988688,Male,1,1.4559709234885074
27.0,43518.18435305871,715.604356720296,3.1750038684851907,Female,0,0.21148068791650643
48.0,86613.85948184802,526.9807883303525,31.165026415716973,Male,0,1.4720500928256148
23.0,37420.64489600704,774.5725077602997,2.2006464084877924,Female,1,0.8915132503953536
44.0,67691.36702210642,747.4399355301321,2.788952263794276,Male,1,1.6942452983543828
44.0,62846.897197231796,623.1770064660213,2.832103443845341,Male,1,1.652360917067917
53.0,49792.06798243593,949.8734105502465,0.42071830786042375,Male,1,1.3574398893682962
31.0,37021.86419221629,774.3103577848293,7.439911373886773,Male,1,1.435061463545417
42.0,38476.17019412345,555.0720493294265,1.4591300631274664,Male,0,1.4362067927387312
58.0,42230.49051175235,724.6174053700048,6.08135824476231,Female,1,0.07837812065598743
29.0,23213.880770806056,656.5863066319757,3.2226411441430196,Male,1,1.7681841595003527
20.0,34948.018613010645,572.3287909140589,4.7309121286644,Male,1,0.9478220563773274
16.0,27762.85226954536,543.0090856833791,0.2774136390814897,Male,1,2.1066023322168212
42.0,70188.12504766576,749.4893334888379,11.034815009948396,Male,1,2.122165185482422
16.0,59276.93588582327,590.2054535375867,1.3976223115402755,Male,0,1.5150021827091518
31.0,61789.611482981905,639.8123644962948,5.5447585966916515,Male,1,1.6215604236830174
39.0,58832.47927312921,557.8974071773472,7.997911001230282,Male,0,1.754748833005229
37.0,52504.51435001245,575.1842062701409,3.8830648052413603,Male,0,1.2726188474033873
39.0,71910.20498193706,637.3070799928528,2.057421098941641,Male,0,1.6702807934517399
37.0,40838.56016402394,688.8182292724151,19.061651867841974,Male,1,1.8957177956233608
48.0,51600.04483050567,391.16408364485517,1.6316967338428536,Female,0,0.42464670247813285
25.0,61205.88241736185,651.691979916675,14.846653135193556,Female,1,0.698836710959916
28.0,30181.861522158066,575.3878987414964,0.8493419044582162,Female,1,0.5412438787846818
27.0,96448.83344213825,790.2362653450225,2.4651096997936217,Male,0,1.4189756103831506
43.0,50428.486441663794,944.2752646005437,0.7453754862757522,Female,0,0.048715404635978454
44.0,52129.84175863389,614.0720965046285,0.011214933443262819,Female,1,1.0426972359871987
40.0,68853.17047512383,477.7771439286806,1.5072726637255456,Male,1,1.1619085057739857
47.0,63724.329995153355,661.6876969918567,0.45624937510196445,Male,0,1.3769405623478153
23.0,50571.17029094689,629.4570670506795,21.46843916197645,Male,0,1.1038935715704057
52.0,51951.94157147063,847.135064900129,7.170145089654132,Male,1,1.8926167056565544
50.0,27437.772035780315,816.6589343375542,0.018558380386101036,Female,1,0.47425467173609176
42.0,41653.01333225035,736.5374970596564,1.265737152741004,Female,1,0.7355546126241223
53.0,57758.153242384404,591.3305918787341,5.545195920749128,Male,0,1.699992894543894
18.0,56658.3925856433,717.7766566180803,2.542076929993233,Male,1,2.337063885489183
30.0,68317.48625006131,676.5006359068304,8.914273068346931,Male,0,1.184252557591153
28.0,48192.48412665013,674.132320329939,3.5145815007592187,Male,0,0.9473337144894806
42.0,29190.702298537006,494.177015143213,5.301547768241629,Male,1,1.490794024295893
24.0,65850.95646163517,756.1795338453646,4.544557596713238,Male,1,0.951981528030107
43.0,71541.34019273023,660.7808328311235,5.0828887617267124,Male,1,1.3984013072417139
49.0,63473.66859284344,639.9158652455425,1.3074657698488503,Female,0,0.6149227256044739
42.0,47545.49493713763,589.9843504991172,2.3363523522964935,Female,0,0.20132707004078337
38.0,65665.79077814869,570.6383500346623,0.25977942644366964,Female,1,0.7448808777846918
25.0,101433.6571701232,681.7258581278982,4.429250363401857,Female,0,0.38169202153409687
27.0,51727.28471660714,475.0837198141918,3.0740693152384813,Male,0,1.609037799340086
47.0,30323.94961632313,728.9498759650043,7.150523853769892,Female,1,-0.11200294631381236
43.0,41205.724256717716,544.5894563004315,1.1557681363235623,Male,0,1.7432415584397265
35.0,59382.140004560766,444.1319313794708,2.870709936370939,Male,0,1.9425348302529204
31.0,25927.93533652906,832.1895315926021,0.996802084389367,Male,1,1.718579581330277
15.0,52541.046123681044,564.1912950654422,4.759320451828458,Male,0,1.4640379526196734
24.0,55705.04975473824,577.7840838478304,9.42036916973265,Male,1,1.8185949746869934
54.0,73026.82609718978,763.4538331008075,7.250288547485916,Male,1,1.5209422561905286
22.0,69652.92284081451,835.4430900516641,14.429725387375463,Male,0,1.582415423478914
37.0,62968.771876276565,496.699842139657,17.829024547393367,Male,1,1.3517330052443537
45.0,17559.814842282056,554.3831939749331,7.392791015437153,Female,0,0.6596340539305766
22.0,63815.79692071888,561.7321177839403,1.6900096276565924,Male,0,1.0111114607186182
37.0,60582.7007909037,743.4801662695654,1.2375742754345749,Male,1,1.8104187698237024
44.0,53839.165656175195,813.9132127929533,2.966952999218008,Female,1,0.6529560866532894
35.0,24046.668107817717,541.9747438421921,25.483985269117625,Male,1,1.233581882351717
64.0,38348.391362194096,791.474533796822,2.6608253337392513,Female,1,0.43042006185091863
18.0,32497.658456989007,579.0965888471299,1.1098987100919067,Female,0,0.1272545567551206
46.0,19774.87340739364,683.6122902945572,14.442726135589625,Female,1,0.5057030502438151
33.0,49956.27272877808,522.8546300572183,2.438133863898893,Male,0,1.5651845913417566
43.0,38032.668178358304,637.8069586418002,5.8704341490526515,Male,1,1.1116392144713045
39.0,89379.58370403368,638.8887285927284,7.759454310126712,Female,0,0.07818062632611261
28.0,47468.420908431355,618.4841693684726,9.262514868701436,Male,0,1.2959737637009867
37.0,69406.29733798941,688.4970981319697,8.609685548745178,Male,0,0.9719605903759398
16.0,26463.514629601632,549.2969135147474,9.046976236991217,Male,1,1.5714344207646649
41.0,42048.65620992695,561.6276701813158,5.507884808525921,Female,0,0.4622053575413795
38.0,51453.46814051472,693.7872144949356,2.5861560563026345,Male,1,1.5119809891273683
41.0,36377.69077088495,784.2035330975729,5.502372919276766,Female,0,0.5825901987019941
46.0,43666.989727928834,647.7186305952077,9.06188276275094,Male,1,1.502260213951611
39.0,46730.73640634692,700.3670773462172,2.1588590600168662,Female,1,0.6368767090201065
36.0,46491.38021832658,725.808001029734,1.758493802027713,Male,1,1.7767845918219796
26.0,77826.7785955302,733.0505188633491,2.1057413710933286,Male,1,1.402293432153164
28.0,55673.394281472654,554.6475274163362,4.006818810350591,Male,0,1.3486214530043177
47.0,57192.65844411955,572.2989769795096,0.26934554377509895,Male,1,1.7008685185919916
49.0,58094.82161517606,580.9925406056465,7.5473027276660005,Male,1,1.2659931416723627
33.0,59189.39566005669,842.8633800893964,0.7474442396476367,Male,1,1.850170111014229
35.0,48756.69524187702,700.8192939171904,0.7126511292012432,Female,1,0.7486335816313866
26.0,45188.804427817304,696.3315720385017,1.101108740682454,Female,0,0.31455375489408444
47.0,52502.24089277416,686.6235753183738,4.301057830601263,Female,1,0.20243855699394175
42.0,67352.0592337021,517.9206596380501,1.6813399180390918,Female,0,0.6614125215839889
54.0,66893.57282654576,843.8190470777039,2.2950441033087574,Male,1,1.0082528453248711
26.0,46394.02286467383,697.9187530786961,13.415503544965027,Male,1,1.8846281646326346
31.0,61517.65542002167,722.3160112654953,9.39319834608288,Female,0,0.24619454017922598
37.0,47081.23005440498,473.4478711084198,9.55915610227105,Female,0,0.35841954677540067
41.0,50508.05824152866,727.9643852361518,4.3095079436234025,Female,1,0.32541301905028275
33.0,42897.149276687036,614.3787549872374,10.067001274694643,Female,1,0.6233966393185081
26.0,47275.3229164065,517.7217025273762,7.538149567653464,Female,0,0.4568224490104198
44.0,70119.95104324521,554.6236334128203,15.313293862057458,Female,0,0.1334938561294774
42.0,51386.31721008854,523.5105791546633,0.3326673754615744,Female,0,0.10839711087883735
26.0,52029.23762828477,521.821580488539,0.1457391718198151,Male,1,1.8744986887076
49.0,28291.733311130625,656.054782036421,0.9620409254627678,Male,1,1.36531485095304
47.0,45361.341385509055,611.3237211268349,13.231353855759565,Female,0,0.3757363869932351
36.0,46380.27644382907,683.4069362161388,4.6515059321019345,Female,0,0.5769152775155405
36.0,37562.84771834892,817.5975871068005,2.7766096286856645,Male,1,1.5276217870532571
41.0,50324.981175553454,637.0496286372662,3.594490144552145,Male,1,1.5087844623152076
26.0,43562.26564658518,425.5110706041573,8.848167955840797,Female,0,0.9150775600335244
35.0,51199.93782865373,625.8041788452183,13.233129199619233,Male,0,1.2510891578611125
13.0,51822.545147284014,769.3394436397872,6.5410925656689205,Male,1,1.9885274842893237
44.0,35663.68463266033,641.406052750317,7.132412635619766,Male,1,1.3139997354041013
19.0,44019.47326275216,802.9330653691702,1.9310929135387365,Female,1,0.5719640373870476
50.0,51160.614241412506,695.2941593137818,3.1464994470327268,Male,0,1.8441982090216238
32.0,67764.49146735089,466.17302656026106,10.823262961709343,Male,1,1.4152537704402726
33.0,53850.78759193611,660.9582250438358,7.707357072468406,Female,1,0.4924738642838646
29.0,40070.97230123859,679.7001294264729,5.764353850108485,Male,1,1.2374501085687268
32.0,55985.07138865779,758.0355801273644,0.33736390074345524,Male,1,1.6518249499534632
49.0,75613.2333398264,831.9636571611568,0.20154406575772207,Female,1,0.022975240093846105
10.0,63750.597088835275,740.7725519708699,0.6986726366602436,Female,0,0.563302551041367
48.0,58212.8979565343,694.0479797387217,4.354091029663206,Male,1,1.3397778637695545
38.0,60883.85263223482,717.6188271578346,3.8435239860697763,Female,1,0.3192461082280753
23.0,71599.31062142947,633.1993193550433,14.296472864552259,Female,0,0.4671630142509843
24.0,66134.4019102649,503.7122163192571,5.9332787365187745,Female,0,-0.05904578839156627
52.0,58501.40571676487,654.149608622286,1.7405062830566491,Male,0,1.5770681486045164
26.0,66029.63329385128,686.5290327458906,0.8806813885579213,Male,1,2.084408996418704
23.0,33775.233556039086,529.6342374088077,9.470065392555082,Female,1,0.3339931076531515
46.0,27466.021214895783,782.6621639499941,3.077451386562199,Male,1,1.839267040823206
38.0,52356.47975965745,750.5411015482431,5.298922168302744,Male,1,1.9363141482045299
26.0,51030.21064475807,512.823858471213,4.163697162460941,Male,1,1.8479790127991715
37.0,41841.34919730113,786.5832288789875,0.5683992731638251,Male,1,2.011355719773614
25.0,62387.79004741564,619.1685630790153,0.2937545548571173,Male,1,1.6633981520482208
46.0,22057.04620323146,572.1508434881652,2.3661897879875533,Male,1,1.7058967292136467
46.0,41978.41615913295,757.9277692746526,2.243561905777197,Female,1,-0.06091001008789709
40.0,42725.666826835775,644.8945587239942,5.601194019610153,Male,1,1.3681606800457937
39.0,25455.473223508106,839.918532083687,5.001085395524906,Male,1,1.753853709114198
53.0,72420.96510903956,564.7111956113249,17.359321771515926,Female,0,0.38123169055194595
35.0,29611.980970050154,476.83424760273454,9.763145953729849,Male,1,1.3198763189731233
23.0,41174.89914038471,621.9561718833859,3.4316774223915663,Female,0,0.7809451331961353
39.0,63619.696367077006,728.9222499060472,3.4659894348544236,Male,0,1.3346951061814538
56.0,59690.68015143098,557.2857014464457,5.6062719226356315,Male,1,1.9070216564039877
25.0,33377.3795527288,516.989961720012,0.6057028574839664,Male,0,1.428864184543702
31.0,60237.338138909545,672.8927402702755,45.60088211997851,Female,0,0.6519462427418582
39.0,54346.76717987333,503.63127898324836,3.657445652627299,Male,0,1.188439534464512
34.0,84995.53343167201,680.6692699613413,12.034446051350898,Female,0,0.9888185035326518
25.0,56059.106241024565,615.9376948771823,17.110522294981834,Male,0,1.2861383138084952
46.0,47881.372683972026,699.4466488352373,4.357097611336041,Male,1,1.0803149251045174
58.0,37152.47064320866,511.61711960753985,0.5454408711206159,Male,1,1.6816841714115733
37.0,38836.34949566643,779.8163151443904,4.25890724824172,Female,1,0.6229400424326218
26.0,37613.463567977626,631.696551500631,4.552070629559816,Male,1,1.6603354318224235
20.0,70566.48220867883,726.3522667904823,7.78406452421827,Male,1,0.8107734070847659
38.0,50269.54872524706,745.9875461284889,0.2471554993474686,Female,1,0.6960722222713556
46.0,58478.70685962095,534.2555047634044,3.1397509487596,Male,0,1.4753658656700803
40.0,72713.7139997133,738.2257509608077,12.804853207192263,Male,1,1.650004304096625
35.0,14623.037866888022,507.49332248556743,23.721631799615743,Male,1,1.9563977076026429
29.0,69183.10647050562,512.9862257240108,1.0621475036631138,Female,0,0.6110088810861685
24.0,50830.95367675001,846.3999235988434,10.224195564134469,Male,1,2.133480912119099
43.0,56525.725574606666,761.1853368796625,0.7905876296852693,Female,1,0.24244972910695595
44.0,37573.95167377623,857.3664175433755,9.199743758703928,Male,1,1.4047310026139226
20.0,38673.13402327222,612.978596939209,1.6236513133238994,Male,1,0.9589598466188487
51.0,57332.68834719482,660.2428664078009,16.047755434567357,Female,1,1.5338638066861965
41.0,85768.96700497204,702.7354746752363,5.945367608060293,Male,0,1.5229506273974722
49.0,65049.69969222352,648.7804433406105,2.546721951585198,Male,1,1.172345555621603
22.0,68982.8438212781,575.3863979304095,1.6492841431816343,Male,0,2.1520526889886944
21.0,47119.9809460787,560.3915302119951,1.340949933996571,Male,1,1.392170668011082
34.0,40996.936631215576,671.386223282895,5.709566877367729,Female,0,0.10118770376729186
40.0,38287.9257263151,543.3140158337695,11.306784028799587,Female,0,0.4088144962684384
53.0,42675.89412954968,540.5136507633148,7.031301188835214,Male,1,1.7087031484151303
42.0,19208.26350244212,689.3572011154592,9.002735982734697,Female,1,0.23904503291379042
33.0,39126.209856625974,640.4840648514385,7.6021872498943495,Male,1,1.7365091332175373
25.0,41594.70265910235,743.7206270581685,19.351447092197585,Male,1,1.2149265879736835
47.0,47369.62738407739,607.5088589917158,7.0900589502248135,Male,1,1.3748564142247317
25.0,51976.25164620938,591.8744050024465,1.1800581962618004,Female,1,0.04566970069829002
51.0,55436.76302938416,692.3553396035471,7.841443028819915,Male,1,1.777300835918099
32.0,49776.1194133556,568.7975125446173,1.9435514930622346,Male,0,1.4327365302648598
51.0,41278.353704858644,584.1872274443315,27.36319027453967,Female,0,0.40206869751430685
42.0,20549.62035101719,588.1545609620586,2.363417044050136,Female,1,0.8872286967088625
34.0,41370.3708739731,629.0297893704447,1.7321646914807043,Female,0,0.47285418009747615
30.0,35413.24043469492,827.2436543295903,1.3670288970937232,Male,1,1.416131821828247
32.0,56991.001224179054,512.3211175042843,5.372252529471426,Female,0,0.9687480485350096
39.0,63639.31095040541,779.5507582117459,0.5782950870850665,Male,1,1.2475147249708758
36.0,64078.56600589909,723.7786756289917,15.347957877463621,Female,0,0.1569304664595702
29.0,61354.2910419173,806.6978847369993,1.7429151359454254,Male,1,1.6584770228751626
33.0,47997.113968212674,963.6686048322273,1.7506294014432449,Male,1,1.2807217391088295
36.0,42170.66651786155,793.1453020787856,0.23580446322905232,Male,1,1.8713707313592316
14.0,38793.458694994006,742.5666947907862,1.4119307224907718,Male,1,0.9458303467702809
40.0,27387.516250973742,518.7503648374983,2.7148449518129203,Male,1,1.4269497618453397
25.0,64877.805507617864,531.3777738488957,2.307054386334226,Female,0,0.6503283414814347
23.0,47379.33443105038,686.0190184365222,1.594281020373565,Female,1,0.7407564377816949
18.0,31304.895595686892,480.19238520804356,0.20798562969753331,Female,1,0.8450193617679478
17.0,37602.62936434648,711.5439251291219,1.7875291137264662,Male,1,0.9099824476910975
21.0,36995.39815351172,436.5078109238989,7.532848611123672,Male,1,1.2727278983073362
28.0,50645.367275226905,765.2233385564616,2.888320920363033,Female,1,0.3936201400321982
55.0,66012.0177660603,617.8299688066402,1.7179147226355551,Male,1,1.2236764370717028
30.0,44780.15675606625,662.659694547019,1.8177219528910846,Male,1,1.632526696322123
37.0,16211.99727824526,575.1627703579518,4.042089608918502,Male,1,1.2180704440551713
39.0,47162.2949726162,460.1473589777428,1.7997778661808432,Female,0,0.06948311953149466
36.0,47657.09149854207,773.4695279194261,4.98204758539562,Male,1,1.2553389442346885
34.0,46626.196535967174,783.5701394954714,22.76028675926687,Male,1,2.0932871584359956
23.0,40588.082502864476,614.8512234796302,0.2102408014060687,Female,0,0.705361857403328
50.0,53261.58621088763,716.1929564734007,0.9240437707167765,Male,1,1.4105353033929005
53.0,50992.11672723503,610.9108579789596,0.9868158557696259,Female,1,0.23005049097403396
18.0,49627.54528810029,678.8489844266246,2.962622213728575,Male,0,1.7749025881082137
25.0,56189.62042164449,725.913919892011,0.21150456318167576,Male,1,1.8386659902577043
32.0,43552.507652782195,705.5084924573873,3.245857965553924,Male,1,1.5323260594119552
25.0,42701.2149544902,784.0969613409345,13.220081088376844,Male,1,0.5430810551902729
40.0,70701.849343781,701.8880675705335,0.05815736380150596,Female,0,0.8259443441239316
28.0,58390.33114573154,652.8084617038595,2.2701700628699504,Female,0,0.23178811846600594
57.0,62404.190914142,573.8581032122578,7.154236788211894,Female,1,0.22554035974886522
47.0,68391.56878001103,602.149461967608,0.8391030301642971,Female,0,0.5661837682825768
37.0,57889.162709372,731.0051396725016,0.40365932245654257,Male,1,2.005047739644692
45.0,63925.830187042564,499.81734810858813,4.981793224758288,Male,0,1.6224566897706703
46.0,26309.822568946096,760.5807303412796,0.05000375132103993,Female,1,0.36949279889011977
29.0,53062.308079940405,621.8856273985467,8.091648920299958,Male,1,2.176731335462149
27.0,47259.223072785084,568.139409559211,0.34596135093185476,Male,0,1.216851897181809
36.0,75165.26136349715,540.1275823218533,3.7154097215819446,Female,0,0.6837608476471693
44.0,63914.6829770495,717.4367785648387,6.737824809125326,Female,1,1.0850730657508816
36.0,40543.3221381023,648.5358646196681,1.385431952359317,Male,1,1.786222908991737
19.0,55591.91237793809,808.876522322982,0.5465089275785726,Female,1,0.1921735717315512
27.0,52515.2200017386,523.692434947408,0.9656352304509369,Female,0,0.36444398535936995
34.0,56814.97149728343,592.1836376938137,9.64420825860356,Male,0,1.8651114624459493
34.0,34717.36295938022,640.7778841872587,6.117142417162407,Female,0,0.6361645557901763
55.0,55400.24697857338,574.8143256030066,1.1038446723432798,Male,0,1.3254677454996469
21.0,46577.729760676484,650.6118664141803,6.296032366575233,Female,0,0.3279870527777583
40.0,54236.74646083401,681.9500766415518,6.165603710168492,Male,1,1.2192850725279079
50.0,39134.22252316745,698.448423912974,30.429091755040815,Female,1,0.4793062041575914
58.0,41224.05242905101,800.6167130884461,2.484252195180866,Female,1,0.7761040883615651
31.0,67607.63030550054,519.6527571218419,10.006979302032406,Female,0,0.37145867894342655
40.0,34226.786624897584,683.7760319935311,2.956949919081387,Female,1,0.6808125445946973
41.0,35333.68398436927,585.3057180411834,11.402172377661051,Male,1,1.3889116945937756
37.0,49226.28114176633,693.0013380023585,0.48035509088646444,Female,1,0.1360614865662642
34.0,38421.64437221068,693.1332186353047,0.9637545503592143,Female,1,0.49913613139260804
39.0,36724.57051605802,551.3080616767669,9.484078924686552,Male,1,1.842485005100507
10.0,51576.139568124425,559.8847657365912,8.554594374979695,Male,1,1.4333329637129208
42.0,27424.012146444427,701.1643063469575,1.8223389461609216,Male,1,1.9354330189415478
36.0,34880.56647629543,652.3404510744131,4.54159195468841,Female,1,0.9271154686219156
33.0,80811.43374385465,628.0378159268396,2.411998496996957,Female,0,0.6169672573281881
55.0,56892.12588453514,715.7986829774974,0.05185471047116008,Female,1,0.08551308731575741
28.0,38801.54971595133,723.1718475862132,0.13225443590441482,Male,1,1.6252776382014007
31.0,56273.22617399295,597.0369887298298,0.27891873054614635,Male,1,1.4678968135545394
55.0,58509.95715479944,564.79468623575,4.5078992759410905,Female,1,0.5706003797287371
27.0,64916.216301353576,523.8081023162358,1.6371602596605503,Female,0,0.6532886526207249
29.0,48092.65955814904,653.3454120201485,0.7771225274975179,Male,1,1.2104335246395959
34.0,64647.46554159334,507.6839722851435,14.162212423953335,Female,0,0.4364354716399773
43.0,19423.30212676741,659.9428458229035,0.6466649034071614,Male,1,1.658241808719334
37.0,34155.378042863704,771.6836791424439,5.604009073009232,Male,1,1.436754252921751
22.0,52458.07102604683,614.6540229713715,11.229142432631555,Female,0,0.29467804942698417
30.0,54944.502992116875,596.3795719459837,0.8946146966433679,Female,0,0.4783818140197915
29.0,36323.26568497037,849.7844773627145,1.2086363331356855,Male,1,1.621754267851045
34.0,53891.29986894739,800.9701819187646,4.26439156935716,Female,0,0.33855806457911797
39.0,40642.3962696911,573.5402129444586,3.5509447138335375,Male,1,1.4696705316353822
39.0,45845.61358659252,663.9013181058975,3.6805596048387605,Female,1,0.6046735305418073
17.0,65371.60700997517,682.8678242348083,4.044789370515719,Male,1,1.6368901712734873
46.0,63634.062453328996,670.3660422726178,14.96896237700211,Female,0,0.5101732671388739
38.0,35044.09508955106,831.4673447712787,0.2767076079452577,Female,1,0.9251775126686457
49.0,34141.22806969845,658.7229892419421,7.144934701608523,Male,0,1.4834331383603871
39.0,43832.39906670026,673.7234875631017,1.3231258375622612,Female,1,0.7047430218613101
46.0,49598.805482406126,718.8662295146416,2.3394506826078456,Male,1,1.5091894225345468
40.0,40131.52267137889,768.9919716047667,0.4676599848524507,Male,1,1.8203079011093717
48.0,65609.63664199502,743.6899194304106,2.949585585905932,Female,0,0.6708609310712776
40.0,55210.84762562833,703.8084786311639,8.153799399732142,Female,1,0.549148716399156
34.0,56091.276648116436,494.13001946060916,0.5198093518302331,Male,0,1.643113069659459
58.0,31001.917565825424,601.1862275941573,1.612082600792303,Female,1,1.053447629677673
44.0,67509.3607607567,731.9421207205271,2.3345358106765097,Female,1,0.8006955345827476
41.0,7697.467666389639,675.0398697279305,0.5485118789024939,Male,1,1.138831131665298
22.0,62510.83177774053,732.6128633822952,7.184083132069351,Female,0,0.9741032118087625
22.0,64014.67606506157,838.7166061671248,7.731072251884942,Male,1,1.3138927688699025
38.0,43513.982190830575,532.3036794940675,9.036243992980342,Male,0,0.9216539457725674
36.0,69093.65325871136,763.7910174804583,4.384102710828089,Female,1,0.42917632171763614
29.0,49053.536705684804,616.9636537506369,3.5386532297509623,Female,0,0.7212115135837607
36.0,50936.47554991164,743.5349819274732,1.5228015290007755,Female,1,0.6196931211251389
51.0,55092.931811063245,645.8779256631883,5.323344215062909,Female,0,0.8395079563682185
42.0,97798.62367716583,862.7004538892995,2.9400048102104464,Female,1,0.34928962253930107
24.0,70166.50862124507,663.0086936261738,17.663894424623727,Male,1,2.147915090345859
34.0,60516.968010693774,585.948577564402,17.238222238632844,Female,0,-0.23161433555063138
27.0,36307.93270098208,691.9874622791767,11.780200021415313,Male,1,1.3158681615172436
31.0,52153.84738219238,682.394278071827,2.232131952379575,Male,1,1.783128526103238
31.0,37803.1385923042,763.8097094110448,2.2941115124223233,Female,1,0.6012230602031289
30.0,62331.66270924219,694.8052798604925,9.575508931945999,Female,0,0.7884100948209247
22.0,52107.00463602285,897.5064639169303,6.530672426011942,Male,1,1.3680762352588192
34.0,33132.17480579157,638.8595864597728,6.093080307364098,Female,1,0.9067160184110907
29.0,51216.86875127754,640.0380050219526,1.639819752390208,Male,1,1.2444928892048424
6.0,37258.73795425542,589.6113949946946,8.959255713783996,Male,1,1.7734495847179796
56.0,52268.24332006321,658.5668338354177,4.330609643071633,Female,0,0.7169435614752593
46.0,37113.84025452115,673.1059121082955,2.960771112202622,Female,0,0.8511293931433247
31.0,50412.31450041219,678.1210529955878,10.02806122291911,Female,1,0.53163368861265
35.0,61257.04792902642,656.7187675493999,2.506107488448774,Male,1,1.3865030732330474
23.0,49204.220121123406,589.0178783272702,5.30551055170604,Male,1,2.251047219409482
52.0,44136.675992414166,561.8334871917644,3.1359094699708456,Female,0,0.6193059112220443
54.0,53049.14331586194,612.4826275164444,4.4914904503618605,Male,0,1.722058774663426
37.0,60457.739311892794,764.1537660235114,0.20695698950046915,Male,1,1.630410920224323
45.0,33392.25095177359,785.6799685491479,3.0912669585574024,Female,1,0.4199874683009357
37.0,53909.84232057804,642.3035463559565,4.065189388213909,Female,0,0.9742693758009278
22.0,69763.112285261,555.8417033532576,3.3934542409225714,Female,0,0.5572750022316837
31.0,58604.85444915073,641.8826389683209,9.400015671542064,Male,1,2.2460317017788407
36.0,50866.31220000842,859.1665435270079,1.8634697927220634,Male,1,1.4708725810336691
30.0,59596.06260048342,749.8967835316621,10.774125278228707,Male,1,0.7179600083477035
33.0,56787.44684154024,705.0742691532547,2.5830614204073417,Female,1,0.16250022722206703
34.0,61304.01663739721,746.2684917052569,5.9294650375366444,Female,0,0.6070899960410936
34.0,19641.025835255834,804.0566611341312,0.45357875590955693,Female,1,0.3616437382346768
36.0,26698.15799505102,534.713379845288,1.1166808716292966,Male,1,1.336866969016319
24.0,65072.437242248554,610.7960131302877,7.159932878438463,Female,0,0.6926359816887029
28.0,27420.81235757839,597.1278367163185,0.062026571272251196,Female,0,0.21502040138225964
22.0,56023.07953578808,708.7114397070983,17.293243644789197,Female,0,0.5019608250707057
45.0,44719.255159515626,666.0110890639597,1.0574887697614672,Female,1,0.041839829277691754
14.0,35057.16131606005,725.6311290689408,11.578553604234408,Female,1,0.46608296214853573
47.0,55244.746357212105,599.3112650132778,3.627784003350695,Male,0,1.0060748214976682
49.0,53015.50255574856,787.1952050679156,4.157167779915369,Female,1,0.7374195318865535
32.0,81655.13978144566,643.0666291850698,0.43941398994790315,Male,1,2.195924202497163
9.0,40627.831931961664,719.4545551958183,2.2723741708870033,Female,1,0.6975718782699691
31.0,71601.6518010376,769.540649892294,0.8493106586738481,Female,1,0.3779632307360716
34.0,55286.34371576472,761.5124315494968,3.732017205326775,Female,1,-0.04311349114052854
25.0,40084.671776859315,686.0828408401796,4.000680057930442,Male,1,1.787283427978594
30.0,61988.696862758676,731.9346906382546,6.183632826281168,Male,1,1.8912689473295865
50.0,58486.07756680927,824.1660663972286,10.530084101722219,Male,1,1.5563097636138796
42.0,50537.64942287074,701.3601233974696,3.1572492364139797,Female,0,1.0614687728296952
26.0,53994.430346609355,577.035359793842,1.3286921583868607,Male,0,1.7550627385835018
19.0,41045.19453431702,708.3050730963885,2.0291133209309757,Male,1,1.6806802268642964
32.0,37613.1931211824,646.271878198041,9.38952271310944,Female,1,0.5684347657098618
33.0,61391.632607338746,415.1998865595656,0.7883212221551623,Male,0,1.3083446644472745
40.0,46640.90863530089,696.1998023703093,4.934318161069303,Female,1,0.3838940370023855
30.0,48798.755026263614,661.6650650015607,0.06586129186495862,Male,1,1.3392527479004368
40.0,54197.323939164155,765.6417771497438,1.4096222534260503,Male,1,2.2807441785280975
54.0,53979.325171757126,574.9906342511694,4.47519696720527,Female,0,0.06272143748323078
43.0,28560.10293538903,499.42903376206925,3.047818727970256,Female,1,0.3700873469329936
35.0,69293.78129682288,666.8680859410509,3.401643351602641,Male,1,1.1167466274920224
33.0,51817.73227851017,688.0177387605446,5.402320594096349,Male,1,1.3569798390929795
31.0,46960.20105766776,659.3832945385569,1.3366922348531025,Female,0,0.3758064160767602
47.0,56462.6900775462,652.0708683685403,1.6481133252267368,Male,1,1.0898204041751263
29.0,53548.13290422295,543.1273045793673,5.767320706012579,Male,0,1.3276772993469341
35.0,61505.94034234553,636.1082863025076,3.8641066958387436,Female,0,1.080536555597297
36.0,58069.75508226412,615.1594170495584,0.07347129002259037,Female,0,0.2508763779187935
30.0,60767.693434944,757.270874076744,5.548282186183537,Female,1,0.03459985666172022
21.0,70264.90858591274,687.9325364030615,4.839131340529436,Male,1,1.220576026016992
38.0,63254.36823456458,622.2002878254805,0.4093462319750871,Male,1,1.7091970676540829
34.0,47592.70669507156,822.3884876422766,6.882106202691966,Female,1,0.435410258750608
40.0,33156.48265884751,623.1092323784991,3.691784131159381,Male,1,1.8387531509619548
30.0,75016.96899506773,705.7786723886163,1.145476665131898,Male,1,1.7350106219453254
47.0,46434.14939979331,633.3078666410718,4.0975941059187795,Female,0,1.2175626692036352
26.0,42903.38879959217,813.1152515028004,4.525004934893441,Female,1,0.6842808431453795
52.0,23949.09773353341,658.6859775813612,12.636069307877777,Male,1,1.8988070834246067
18.0,55077.096579681674,661.6414227890674,6.776778198794402,Male,0,1.0020098829580033
39.0,52233.299059306555,636.0129641227286,1.7971390371871543,Male,1,1.6338858566254522
40.0,27273.27595625779,669.6511926001215,0.6285699560790375,Female,0,0.7021396721634688
27.0,56799.11063199764,769.9537838647909,9.592878339376949,Female,1,0.10770451112838231
39.0,42527.121189478414,734.5843844684688,9.356211524248003,Male,1,1.4772789102449846
48.0,90354.72510933041,652.8076181116171,0.9637386934585559,Male,0,1.2047850348145515
13.0,41459.58211863698,820.1325106456654,0.3207259802222028,Female,1,0.6001262170877331
40.0,43472.1000170331,737.2985641342569,6.221624716645265,Female,0,0.687175656356295
10.0,36878.356636184486,606.181888080265,6.411146375901417,Female,0,0.9472750866581592
25.0,69168.14781562958,511.9651646266062,0.9748688196030814,Female,0,-0.4328167437072383
51.0,44408.3630830287,608.498619820343,5.516293224775877,Female,1,0.5655231157225921
29.0,39126.28769351755,691.3348778550253,1.6350519201998708,Male,1,1.5143481235128202
23.0,60604.32514880814,709.7200370631426,1.5096963109298056,Male,0,1.507700259007966
33.0,29294.705968802224,785.913768330202,1.9616433564543172,Male,1,1.81938371234624
56.0,59376.65819373421,540.5454024881,3.6739763989376546,Female,0,0.4614220530933818
17.0,76720.99574901286,606.084466605319,8.159796205138822,Male,1,1.4387545672356785
24.0,58499.11749252633,532.2357330125487,3.4521917726173323,Male,0,1.103177693059346
50.0,59568.47474389887,516.1200788420555,1.7694134839162485,Male,0,1.7635700047381027
54.0,63050.903253612254,587.2181254046682,10.769717747941527,Male,1,1.473055995919102
34.0,75645.62043013278,686.6612244294021,0.2833277454012231,Male,0,1.8410562905815149
23.0,68148.40940028656,727.1394434890316,7.975000305571799,Male,1,1.1378960372275024
56.0,56595.045834095356,555.1645893378326,7.67122916387261,Female,0,0.30909271553803863
51.0,63558.37100954002,569.0724080612761,1.4621118506845683,Male,0,1.7838225318976428
42.0,36710.97611802334,472.01768246765664,1.1050739843546544,Male,0,1.5978570474910072
27.0,61644.40386120983,671.4352208276996,10.385244491500147,Male,1,1.1450610739823466
35.0,34916.660432243785,576.7861098029261,4.092092973892375,Female,0,0.3767410046376227
33.0,44494.6637205256,816.3031378211847,0.2355175643936919,Male,1,1.1085616657738537
38.0,3761.5673728514375,690.9808799649595,11.074360149296023,Male,1,1.7483880932270803
50.0,56021.44489051193,632.8554256543225,2.1462741468722917,Female,1,0.7092419122290843
44.0,40341.91983337471,585.8887572455548,2.093941498443018,Female,0,0.4849540872226038
24.0,66667.17822806694,500.5329779805771,5.154131846512845,Female,0,0.6948764345185281
49.0,55852.88915908104,513.2128223054569,5.413364139567534,Male,1,1.6032153513284764
38.0,66861.43842052438,587.7859045427865,2.1794884933572956,Male,0,1.47568723542056
42.0,33746.051829911936,580.1097117975695,0.7732144174298423,Female,1,0.5103722014262999
50.0,65575.79055739449,550.0828157154006,4.01782189155617,Female,0,0.7531035971448037
24.0,81587.84516544991,687.7094727442344,4.906535698243324,Female,1,1.2559413195124312
35.0,61462.37449897842,701.426559241486,9.83851220471521,Female,0,0.7868868031806044
30.0,61855.23513038433,604.1367602698272,3.3125078296917727,Female,1,0.2889372523793916
19.0,52543.96514592403,843.5152268265317,5.18800100941627,Female,1,0.6899797569174319
38.0,42129.96829151954,475.32706334839077,0.27972484025283983,Male,1,1.7581977626152483
60.0,61417.88559052263,655.8163898972264,11.246307065966183,Female,1,0.3983898768183271
17.0,27408.756343968977,628.1419795912075,1.981653370883778,Female,0,0.34133779536249015
35.0,43733.67312618776,594.9299118032743,5.00136701389871,Male,1,1.536276469183997
41.0,23434.147964942265,580.233715398694,12.387766638048834,Male,1,1.5988272638771486
36.0,39445.15434027376,649.3040117087642,8.3175116448319,Male,1,1.5954285720214123
34.0,59630.67637840342,627.4472172678271,5.076466641651752,Female,0,0.6965098555166351
22.0,57580.900643306944,610.812347288744,6.080358982009169,Female,0,0.39311512770446516
37.0,50763.70543303209,520.1280365010625,12.685535417403358,Female,0,0.5546197284172707
27.0,52556.014910930164,488.18881821895013,8.359045390502668,Female,0,0.23905873454720244
13.0,21712.03073203686,621.1483524804435,4.706236109517902,Male,1,1.2660348586083812
47.0,44411.565791436275,609.790389550347,5.375006761118772,Female,0,0.28890467066220193
45.0,39779.72590347185,630.2963139723172,0.7965523175241934,Male,1,1.5156552454066097
36.0,40114.10464228189,639.1378202110491,3.175973497096836,Female,1,0.970436023656207
37.0,58993.6794172063,597.7497658117182,1.7905058574728536,Male,1,1.488405597761043
46.0,37092.390102420344,628.7592576181794,2.827910808866423,Male,1,2.066758974332961
37.0,40929.78724808883,564.6471691896505,5.4272002271447715,Male,1,1.2659255265735307
44.0,18693.961314357253,802.3945809163283,0.8076035723525655,Male,1,1.5674917881781343
32.0,45588.15229435745,570.0259851850032,0.08764348784816536,Female,0,0.6479715120335298
48.0,33682.4367842957,612.9019290534659,2.5285636116979155,Male,1,1.719424199579338
38.0,51188.043930344655,577.621121088612,1.944399391385484,Male,0,1.7399759474095966
37.0,35733.37929886303,575.9418459795097,2.727361917802333,Female,0,0.5337667001514969
22.0,51568.133683238244,652.4641566637947,13.38427827706794,Male,0,1.4628197519666042
38.0,47829.713588864855,639.7765790116988,6.139348730152041,Female,1,-0.07197986375093224
27.0,75080.6265956348,604.053960962479,1.9834593383686498,Female,0,0.7708835154228202
29.0,57458.2697067979,621.6524008445689,0.9878592008351904,Male,1,1.9079159224280926
27.0,22405.431911565454,578.0186449006729,4.817937670441413,Male,1,1.9498937681709394
24.0,31026.667338459374,690.1725637726161,5.358531391053033,Female,1,0.1643511095114894
56.0,50828.120134885,855.5192742590714,3.3045877396306107,Female,1,0.9170485662429273
48.0,36052.28077411024,562.5158722766781,1.196115527497195,Male,1,1.5611044586816325
54.0,5474.473546462221,689.3963223734605,0.14485446877618446,Male,1,1.7971931962186845
23.0,70243.19470750615,654.4948957020711,1.5439204607411072,Female,0,0.4673733497397603
36.0,60803.360253581115,716.862975813259,3.0548000168225165,Male,1,1.3515496138884446
22.0,57814.65310237657,719.6792960496072,7.754295413649462,Male,0,1.7047787099334326
28.0,40890.15431793628,670.5412697218661,9.612319866754031,Female,1,0.8263008626614201
26.0,56415.151565148946,646.01794238849,2.663094913439922,Female,0,0.3857340075051508
47.0,39434.595136686774,606.5549800351554,7.9512179065314506,Male,1,1.3160919209145328
31.0,53072.85950326536,573.5039646891364,25.06781554319168,Male,1,1.4749536149082187
46.0,36191.251612452834,640.3154339048215,6.304662804537063,Female,0,0.31545380348975516
41.0,72744.3267583402,521.5411168582319,6.520789817139239,Male,0,1.4091307725760944
58.0,26446.45018877233,590.6144009882531,12.014044208394164,Male,0,1.1006701205689882
20.0,68484.25744266246,760.6853624472569,2.063537316953476,Female,1,0.5073087670318015
48.0,50583.73742025995,659.8512221079691,0.05634323218733684,Female,0,0.547371855069577
46.0,42657.995069870136,739.266441893555,21.705295577182785,Male,1,0.9290927361764784
25.0,52505.04382543608,796.9643886658424,3.3713138702721213,Female,1,0.7658776158966552
45.0,61000.220107672714,632.2970544085183,7.701369118482589,Male,1,1.2674740109789884
38.0,70501.20105041596,670.7325834193641,8.369645843024605,Male,1,1.1363714989379683
33.0,54697.14534700298,619.8154105847244,2.533476469006489,Male,1,1.7034021764713048
27.0,36639.55872106584,568.7394239524393,3.896500594810646,Male,1,1.3443441980891968
28.0,50834.45185648683,554.7031740667595,3.8817258368219685,Male,1,1.5505459486962607
55.0,77251.89854993559,734.3150372596491,1.2436916635441246,Female,1,0.8886602390071745
35.0,70215.17128268936,670.8627280485648,0.6257696737163383,Male,0,1.3611201997361226
43.0,63631.45217186538,834.6603072081052,3.921624906448743,Male,1,1.2022274119145662
27.0,61935.305301835804,747.2052012923891,0.6399807127106167,Male,1,1.1357951316552823
27.0,60491.751359098125,576.8787010463632,2.1239180006089997,Female,1,0.7996691445004193
46.0,67381.32251764805,734.0342180226771,1.0294864562166914,Male,1,1.2516040205994519
22.0,43150.56821417142,619.4924460897745,6.136481955463885,Male,1,1.0611532332971532
31.0,29673.709013374908,771.6859709129002,10.278970927116939,Male,1,1.8391376494563443
35.0,51035.05251105592,601.366612275698,4.312738195467665,Male,1,1.5799549939662616
36.0,37736.276198334635,544.7574039757328,2.639484284547413,Male,1,1.5052237660889798
33.0,34174.688669342235,570.4244922938591,28.483002863790027,Male,1,1.3536254610683405
39.0,39195.821351181025,575.5335097585087,0.10718640282806147,Female,0,-0.04314144433677358
42.0,87279.70886800528,565.9748235381336,1.8144790113973461,Female,0,0.6116176732184366
42.0,52041.869511137666,592.7391724394893,1.6333145968955316,Male,1,1.8409609561200453
25.0,55428.617545414825,735.6691870325237,2.2018637445757614,Male,1,1.4254905764383514
32.0,31664.557894936188,829.6044208266185,1.3106937670153807,Male,1,1.843191660189949
47.0,22343.705618110554,516.9810484446496,1.534411686956887,Female,1,0.5665470182398866
44.0,37714.21035321791,776.3513042833149,1.4898548431686156,Male,1,1.438456381080557
21.0,71572.93377813122,602.2296284025572,3.5235089004206914,Female,0,0.805562621310522
39.0,55014.13199114782,684.7882531202234,2.480138911396053,Male,1,2.1434179529288477
15.0,58978.92637166588,484.5853969426703,5.098267637976543,Male,0,1.5044934046978782
35.0,61078.49058803092,702.4035017344856,3.6118621388229433,Male,1,1.4996333882168567
54.0,41129.759303025836,449.4687603183937,1.0131633032148937,Male,1,2.057660635305807
26.0,70819.48375960051,681.3935072310165,8.30483983040582,Male,1,1.6249518373237193
27.0,40507.886011667266,675.7256047029337,3.195143787281491,Male,1,1.6581666142726754
43.0,71093.4853889383,669.1007634295468,0.8316398021294881,Male,1,1.5179191509548313
20.0,56634.53234203011,576.5089849367071,0.9128870051684792,Female,0,-0.2191689374395872
29.0,23164.322686305168,704.9526674429644,7.971968493213506,Female,1,0.3183205351530525
41.0,38779.857700991975,689.1081509416717,6.070000958494931,Male,1,1.0750939391115124
29.0,23225.92200691843,629.004721635888,3.5314453156537096,Male,1,1.206977837046859
33.0,67449.23199191313,717.1850307175193,1.827003872919424,Male,0,1.2668859525341434
42.0,49628.968687963985,640.4395853434495,3.0857667091134693,Female,0,0.3365983503825683
39.0,16574.863400753296,702.8777158908762,5.059653465900208,Male,1,1.4952487355654747
38.0,55636.203225794874,637.412067260591,10.571503307195151,Female,0,0.501313328214446
32.0,41942.5360641752,671.6701991109541,4.058165827522185,Female,0,0.9016489667190619
39.0,27742.91217450015,707.4722941075262,1.6199000159214958,Male,1,1.7279501630824847
34.0,75169.48755453045,610.2087426381966,0.21840076486096616,Female,0,0.3207356143201362
40.0,51609.287991448684,526.6163413745804,0.9646181387733216,Female,0,0.9442702167940876
30.0,45598.52896530031,677.6079005548155,5.251648704605666,Female,0,0.3503715991735075
33.0,44008.62828520974,768.9391378612929,0.874368605475993,Female,0,0.6251710996248188
25.0,27300.80796263342,679.9150972957445,3.284457690045508,Male,1,1.6181585749517395
35.0,30431.766506238357,681.8142314696373,6.002477875776348,Female,1,0.1274009561782783
27.0,69273.75177312625,645.782389350336,1.8424718910834446,Female,0,0.7761410777450646
24.0,42891.756953214215,723.9118652773201,5.5297843178507335,Female,0,0.9061876276546068
38.0,50331.01551405295,631.4064583862063,4.350281793453752,Female,1,0.15988832592773267
37.0,19335.04285698388,604.6101218873139,2.8896291777512055,Male,1,1.4373398715366654
43.0,30228.619463067414,760.5298252874866,11.377062127237004,Male,1,1.3699737466751643
31.0,59147.18779812129,596.9461681707318,5.889233584883161,Female,0,0.012391938246379575
39.0,55665.676401707504,738.947094645175,2.2361020115900683,Male,1,1.2587872708707797
41.0,76300.62798086474,760.5935461957708,8.154955961043775,Male,1,1.3605460919553123
39.0,70144.34497446839,706.6816932062061,6.699004908801525,Male,1,1.4292407037781447
27.0,46539.335412727654,525.0764480427367,7.84349477900292,Male,0,1.801767576818036
36.0,57094.303470699066,652.7154909222497,5.121551440480873,Male,0,1.3862131616935731
39.0,45250.94835645389,629.8000002941383,2.385105900510548,Male,1,1.400216763432366
35.0,80822.14727957973,600.4000744664687,2.1429920240263876,Male,0,1.4122874876973588
14.0,67235.220440786,664.2751587346428,5.3087702923962565,Female,1,0.9130367926830015
37.0,52545.27636286627,726.9206347497548,0.7014854735278164,Male,1,2.0094543807423193
57.0,53005.92177314527,604.1447339868802,8.571613553499612,Female,0,0.008252997910220827
31.0,71672.75430889711,632.8617325726326,2.312839784502916,Male,1,1.6683334746656708
28.0,58693.66770670771,625.8941066168012,4.976290778688126,Female,0,0.5123020674332547
39.0,73379.4202560513,766.3871045544312,3.4563838037651,Female,0,0.3100802130474454
38.0,17095.281106116898,624.2899382189413,3.6628350847411113,Male,1,1.2125665022934558
47.0,56918.423922481976,526.5594342238254,6.697171171399846,Male,1,1.6570995835276217
22.0,42268.47702977923,492.6565161009486,4.926463378682084,Female,1,0.028400159817739523
42.0,76345.66981441989,686.272956656597,1.4404707090082316,Female,0,0.3059171439497643
41.0,73195.98030784744,573.9318260114098,0.38562530262104794,Female,0,0.1563641390151263
34.0,50492.5371365196,716.8724505272478,9.170227279475588,Male,1,1.4326411661636729
38.0,73034.46468216548,516.8780011492869,10.809512427234392,Female,0,0.59880439379611
45.0,76746.71779988758,596.1087833389392,0.8986039062266351,Male,1,1.9173684384217569
44.0,51116.10007889221,516.9431150479852,1.8515304720133647,Male,1,1.6890506157244307
24.0,87079.00658647786,693.4610715548923,1.6588133936178309,Male,1,1.550660819292045
43.0,49529.88270995416,714.884754062465,13.85883016292107,Male,1,1.3992225902470443
34.0,46782.18574496137,683.86251576366,1.1456659039907902,Female,0,0.4679235776149114
36.0,62988.08882876515,541.4063679596157,0.9108432350252536,Female,0,0.008522888028903663
36.0,44693.13903286529,575.4236255889334,1.003477949543515,Female,0,0.29348578310889284
33.0,51280.09663692341,673.4313988611553,6.544244521729583,Female,1,0.49361323481798086
47.0,71141.51636076365,481.22585918756363,10.947168020787547,Male,1,1.8512531866544009
34.0,50288.282783259056,625.8865055612097,2.4991598026529758,Female,0,0.6042016912602409
24.0,24574.733105370386,801.6905353335882,0.7313749818015102,Male,1,1.3425902953865763
31.0,55509.79081773795,632.0044450819626,4.406090133350299,Female,0,0.3109275797785974
37.0,39555.59631421408,501.14553609680485,1.178200028404777,Female,0,0.04111229044771825
47.0,62979.067359418186,589.2590752323865,0.33150809168328055,Male,1,1.3241964278552316
41.0,60442.84573739368,586.9307674322424,10.86794264010923,Male,1,1.1706231570473125
26.0,72071.00522249783,864.0308779836562,10.23356607471946,Male,1,1.5880734846254465
60.0,63612.98451189045,816.5679080513896,18.629825574501307,Female,0,1.4501529856178719
38.0,66353.66425487096,723.0935434101578,3.212315530153929,Female,1,0.184449771343983
48.0,39963.5485979343,615.6924069258602,1.7407086933611813,Female,0,0.4950453409211803
33.0,62059.797438357535,770.0629660979723,7.343680875770607,Male,1,1.6661986283162977
40.0,79526.76934040435,536.6540360949541,0.9952734833053762,Male,1,1.5746819330808821
43.0,39670.25137044849,757.657531524426,1.3938896731491606,Female,1,0.6735295352566393
47.0,76996.07437590646,742.7973537420044,1.4764387871459248,Male,1,0.8616158957576024
46.0,41759.748631980045,634.865426535072,15.143282884687377,Female,0,0.40089318271676977
44.0,37220.431324250385,763.9186313350772,6.54338839391114,Female,1,0.503313441406857
32.0,54443.00665032257,605.277887053615,0.7175899950094834,Female,1,0.30319677405556356
29.0,60738.65624193214,523.4914401901766,0.48721459205823847,Male,0,1.2878872666853276
38.0,63676.25185958397,747.7965012999921,9.25165445951219,Male,1,1.3025119285003104
44.0,35573.56368840198,641.4757070860541,8.10437339430749,Female,1,0.7362696528050134
33.0,56518.10145881436,710.1780603298668,5.558405240673984,Male,1,1.858906955384728
46.0,39716.68142774742,832.0886591559406,1.091406035940331,Female,1,0.3238412869466978
50.0,27666.166158941352,577.7745927603703,3.2723594160678986,Male,1,2.102920604905463
26.0,36068.955267008234,635.6620495160025,4.615644613711111,Female,1,0.9799369240446412
27.0,38736.49451066273,806.9634504577714,13.451360376307221,Female,1,0.8365641568964661
34.0,57823.927405287606,716.8731730855284,0.9281776508988138,Female,0,0.7673181635902877
38.0,67283.20494603003,580.0217255795403,3.6226403225279915,Male,1,1.7170925022923957
30.0,27901.900551871,554.4982296460521,0.8584017126546164,Male,1,1.616020590282678
49.0,55279.41611312084,597.1919359896655,2.9335802562348623,Male,1,1.6692053408405474
39.0,32349.527213436402,576.1585295197121,1.1165614191869746,Male,1,1.2924597461277922
35.0,59436.28113521,673.734811948953,9.045124563939071,Male,0,1.3852030763644634
21.0,40659.041284943785,657.84345071976,1.4700856674693084,Female,0,0.2093345635558091
22.0,34230.06472965082,677.9237754275351,2.6987386248178917,Male,1,1.7292279375776476
38.0,61994.96773021362,565.9187198440218,2.6194500664960407,Male,1,1.902765264175514
14.0,41196.16091832358,642.9166092474745,10.060595497061925,Male,1,1.584694129338222
45.0,45260.54072970952,444.43002260437834,7.089904901279586,Male,0,0.6961928314646594
33.0,16700.163686654356,664.5006317361366,0.2964972865670756,Male,1,1.9070136268868259
67.0,64198.27042135211,767.5440644955866,0.34721910057446154,Male,1,1.5357400676581416
58.0,62313.62781753661,507.52540906538195,4.005858932459598,Female,0,0.5153646343015169
33.0,50081.86766421971,698.3428230647461,2.7906259864698897,Female,0,0.4049176422749836
34.0,27086.285879663614,588.8985648239437,1.6119488520310146,Male,1,1.1838999521079814
45.0,68140.53767502145,730.250115369337,7.866034719800279,Male,1,1.4998771651843499
52.0,40006.04920458813,665.8647451212279,0.6884726431615905,Male,1,1.193550068855168
19.0,43199.69824849118,690.470411266044,18.259250483861166,Male,1,1.2330152448544967
17.0,84680.66084539297,656.4823898755441,0.12198862747405095,Male,0,1.774178586395172
29.0,39445.453338361556,782.8331806384352,0.6291242486297037,Female,1,0.8685654811492127
41.0,61133.14943639751,684.7410477695103,1.8648684945810006,Male,1,1.7848448525227503
40.0,58431.38393123927,579.4576285997549,3.5580742681269357,Male,1,1.0092003327511114
46.0,55852.58289320128,659.8715052321004,1.2175997262206275,Male,1,1.782900398100355
23.0,54230.008138317666,613.111895703395,6.663107329374229,Male,1,1.3563296805619158
12.0,55645.82842833799,666.2399906519589,2.212268418398489,Male,0,2.0887659042393496
44.0,54079.10886410811,608.0230287633187,0.19650291537806852,Male,0,1.57808311426401
27.0,49221.22461835908,582.3189264453686,10.50728935862284,Male,1,1.8649183201001165
15.0,72669.24686166113,669.9272212748446,14.400038828158102,Female,1,-0.036191877427459884
36.0,30310.091588010826,655.5789628616553,4.819056056658566,Female,1,0.30034845550533285
43.0,65321.87156023065,756.3955845045848,8.213329194121028,Female,0,0.31941930464320645
34.0,62335.134480313274,608.5044120867187,0.6454864102994996,Male,0,1.8622376879151694
30.0,60475.98681994102,451.9146152504693,1.565479984500608,Male,0,1.7792985111658914
33.0,66754.69141460193,613.6129201536687,1.966929440175003,Female,0,0.6053798126042943
31.0,48611.009070974105,487.3569241083423,16.18942262297474,Male,0,1.3678928327273971
22.0,21965.38886259685,691.5671974096576,3.589481032758131,Male,1,1.286265480306227
28.0,48915.610104282714,482.6102071651212,0.0372058790964657,Female,0,0.4336230632289032
40.0,35132.08673563169,551.1628937585899,2.391677800864573,Male,1,1.5709034646873103
38.0,39022.11185212904,613.7665541725137,0.03890396438900835,Male,1,1.5862988011805121
37.0,31363.704892513822,804.3950604761145,1.3577691101119318,Male,1,1.3918499213474633
25.0,42839.82712334248,542.7109884285082,3.0320965008858662,Female,0,0.47530581354339846
33.0,41050.64459024827,651.2404983146586,1.9533237937605281,Female,1,0.5652685244965665
13.0,14336.452551093462,707.9976576957259,0.1664098163278887,Female,1,0.37675978448553527
37.0,60503.32866923434,798.4060553220697,0.6183903247918225,Male,1,1.794577416765099
49.0,83304.82787007323,727.779475172141,4.00239887769538,Female,0,1.0546240098228123
20.0,59093.55790244433,759.3906951632465,5.94714382384285,Female,1,0.6589943193862255
29.0,46956.140651986585,736.4307058851541,2.5921809895566907,Female,1,0.28953031470125556
38.0,49178.80406485677,529.0877028603861,6.5741819191204645,Male,1,1.8589468472481296
48.0,43685.21197980236,685.9692104317047,0.891645019346759,Female,1,0.16100664414247845
31.0,51350.623758004374,734.8660952172222,0.6508734365303271,Female,1,0.614127794125598
28.0,49444.8785889015,554.349971032598,9.145865018993561,Female,0,0.7227575266540448
15.0,37384.273544025586,592.0240123275977,2.0716212874106255,Female,0,0.8098823353818614
36.0,75243.32583421747,569.6807704872944,2.8303521892181656,Female,0,0.6706392480276298
55.0,27692.686464353435,727.2622985968034,14.74248824230828,Female,1,0.44301520169121916
38.0,60774.9731479137,643.0718879670868,2.7592132554180453,Male,0,1.2346091686465654
35.0,48482.03559023702,617.9154105664903,0.017481052396678604,Male,0,1.6795398542711257
38.0,78512.47722598616,521.8330083347012,13.900842042090922,Male,1,1.64097112634762
35.0,55112.96898872332,643.2605746806207,0.07109624777615234,Male,1,2.228299267260348
27.0,44601.41694225128,593.2411645015251,5.427783678411257,Female,1,0.5689317658459894
43.0,46284.39202348254,674.3339565264163,1.9496144049495516,Male,0,2.0086111940673526
37.0,50598.60041779642,535.7032801354549,3.178079104433304,Male,0,1.9173918243681622
35.0,32858.13957505399,667.7906259506201,3.9624643049317614,Male,1,1.5149826169236584
25.0,38496.957123231325,606.104922950118,2.6251303501271455,Male,1,1.8711586633343735
48.0,23225.840462122134,525.0703074264853,7.444267071196949,Female,0,0.47895882154422725
42.0,36155.34652438859,517.2715962121854,13.347014343071667,Female,0,0.238092671112564
29.0,51408.59722490675,532.2979611977306,0.4518781603317076,Female,0,-0.05607768631942611
45.0,54502.625739267816,629.3600942559458,8.053515593224523,Male,1,1.4527399989804286
30.0,20310.05457505397,662.09954343635,0.6886790420365907,Male,1,0.8987138248771428
27.0,47941.824454336995,676.9823632377181,0.41841470237858347,Female,0,-0.10986968798111119
27.0,58451.14926233199,680.7552917728448,15.598711716270685,Male,1,1.4086480659231335
17.0,47556.31709935647,574.14767390208,3.3598430064164617,Female,0,0.6481711783508844
40.0,40493.170313332994,755.8402908095176,0.8279316222613435,Female,1,0.030745658985394497
17.0,43817.58282427679,605.7774473991847,4.219351692817304,Male,1,1.4185117746293143
23.0,41888.54967534167,695.0149760059732,1.5274460040378783,Male,1,1.1168565578365555
14.0,40449.041613379144,633.5844566506183,3.120989040303251,Male,1,1.2257831272981157
34.0,52607.352878672726,687.5621231703042,4.899609575568544,Female,1,-0.00784766150133498
33.0,84615.32341603177,628.5671933855086,10.17309921187649,Male,1,1.3576076145727143
32.0,38844.50124642225,689.3634876574566,0.015430777760955616,Male,1,1.2078645398399612
25.0,45227.86051007859,649.2611130119676,1.204887302380697,Male,1,1.2938721780557365
23.0,49224.530909371526,731.3840570650689,0.5061261826067321,Male,1,1.6383474227507042
40.0,39689.683484625595,568.1314956788801,0.5107046402561768,Female,1,0.518622902608704
29.0,66473.5370528514,473.0108664109422,14.573288628045082,Male,1,1.150058200558602
38.0,14436.719400403432,552.6642580565904,13.750844438810754,Male,1,1.2359719068834518
26.0,42034.112444319864,756.8918415238034,6.917652514510957,Male,1,1.5645070382615902
37.0,62274.70604479943,634.544118011226,5.150980510772706,Male,1,1.450962496365344
48.0,45588.58537417049,659.2062295546563,9.418401725890337,Male,1,1.3901258122999443
41.0,37687.41561724563,544.6363385953613,0.30092001562168835,Male,1,1.776719624727479
31.0,56611.351316581466,656.5553725150279,0.636246080702644,Female,1,0.806849942806688
38.0,63595.14853095728,547.7187355927304,1.9071288366790453,Male,1,1.0130538055605158
33.0,53159.531678225874,562.4218724947245,8.933632177983274,Male,0,1.2601524700033786
35.0,37981.69460280675,609.751631717612,3.195497570981792,Male,0,1.0016749484770924
32.0,56843.04978727615,694.5097257842145,3.5016119388859375,Male,1,1.4462444005306603
33.0,43969.26049587815,705.184758064251,1.302056157143304,Female,1,0.5419295084652015
37.0,61177.803228407414,707.9044897937837,5.22612754248227,Female,0,0.8289171284707344
25.0,72248.88327284886,491.1915884955626,10.939240305714893,Male,0,0.8834262341824914
25.0,10916.348664672012,649.3335499609739,1.9987639216394981,Male,1,2.0953206870132597
21.0,51666.01209793449,630.3218166617264,4.827220269366779,Male,1,1.090390044527106
19.0,23963.99094578559,496.78175839185445,2.0169535366684745,Male,1,1.4053027188318303
23.0,86626.82877994656,651.5983766722198,7.868402289389987,Female,0,0.7698473793929015
37.0,42978.13199305714,624.9572782563239,3.2214016394397316,Female,0,0.5072693739937809
26.0,61195.59862738058,701.1525672117888,2.073556278097412,Male,1,1.686267649499171
40.0,49470.24710607657,658.1247076239803,2.7240570519405733,Female,0,0.5564334240421045
35.0,37953.731289214105,595.0679469716747,0.4783025735013993,Female,1,0.15781435166801105
15.0,36169.204292338596,742.5762450456978,10.053950699806366,Female,0,0.3532156655437201
42.0,73785.18759651139,427.87664992248756,15.858655942771005,Male,0,1.5628292305578084
43.0,64339.07090267466,643.5734871570389,3.2448302966020224,Male,1,1.5152126186836714
25.0,79153.76131066345,473.6749068008064,1.2508859992112877,Male,0,1.6922672790948567
39.0,50831.80002736549,558.780672879388,5.4629950101860665,Male,0,1.3122788509529422
26.0,54318.79431869001,702.4813703009349,3.010881824975148,Male,1,1.439760976647055
36.0,45992.126515170676,522.5802519559197,1.453767795461944,Female,0,0.2808414079472453
22.0,45693.76695327486,507.6282181296065,0.19595591409530455,Male,1,1.4265199544493026
17.0,34371.69601283947,888.1944983415624,11.022958571335671,Female,1,0.8603545948228962
31.0,51260.15286386527,514.0710948579836,7.966207724047214,Female,0,0.8966241083306158
34.0,38161.301076707045,815.0520903087973,8.830635739493212,Male,1,1.06126308046236
31.0,56628.63383246304,632.7797835420739,2.897661707167374,Male,1,1.357431980871577
23.0,52550.15328470315,597.5170878561024,6.997007263977797,Female,0,0.584518023278826
31.0,54315.230655135834,706.6786390588205,4.352110631280748,Female,1,0.5635474372806505
38.0,75126.9490953534,783.6594075544499,2.3482208406060816,Female,1,0.2069573561870855
35.0,49434.23075351613,535.3932057891672,9.249340353294501,Female,1,0.277344436692164
37.0,61350.90504280142,598.9750210271469,33.453342341404884,Female,0,0.6034649193738663
28.0,80772.64196128372,734.6869734684252,11.477168986579095,Female,0,0.3845573325896273
47.0,69599.25603942572,678.7994312427,7.484833055161887,Male,1,1.243531725494028
23.0,67297.54547682268,760.1917830641382,6.8818780190213875,Female,1,0.1959152072672094
40.0,45399.6767671925,701.5111954431779,5.252666787065055,Female,1,0.35311501238002774
47.0,53444.64583351695,830.8224009149149,9.607660992644112,Male,1,1.0815555195037057
40.0,30225.85561955087,667.8588598833651,3.3970227017617676,Male,1,1.343178275325812
33.0,57483.71601446622,672.1811148330962,1.0028116245488818,Male,1,1.4284142230292722
30.0,54116.90266420762,682.1721372015799,7.306161295170474,Female,1,0.5797186134909431
45.0,50350.776877342716,635.7511148273442,12.597886400009191,Male,0,1.0374729846763504
21.0,65407.9218236429,734.8087158800924,2.087832365259867,Female,1,0.5706990928734863
25.0,31883.37766363405,673.7041223863026,7.638904802320451,Female,1,1.0415457396044743
31.0,74522.94276740521,728.8180009145144,1.599116927025993,Female,0,0.34286691908453304
47.0,63526.47031910426,744.449985362416,14.288578690071665,Male,1,1.3927144337031392
39.0,48940.49030522039,692.8454681560328,5.751543985052989,Female,1,0.30221015722860345
25.0,47769.0561827391,700.1716324234196,4.211438677375227,Male,1,1.347877341094642
32.0,57209.168228728915,548.9670212403466,7.567688576884031,Male,1,1.3908151483239608
29.0,72812.7684809567,594.9646412180178,8.389418165253977,Male,0,1.7656827798115398
28.0,51524.11578035016,734.3383452990731,11.145274570544665,Male,1,1.4345667768594121
45.0,52160.46352968839,792.3631181818514,11.5692178042225,Male,1,1.9015021583780192
21.0,50271.77716438807,455.95697744916396,0.27064880655081214,Male,0,1.0084838443268551
51.0,76730.36169052208,593.2136852748586,0.6557147105822874,Female,0,0.7760721622931858
43.0,44466.75345594464,652.362060241465,8.745249578135738,Male,1,1.7328872765954662
46.0,49557.38602071393,562.0725537919323,14.59864117137736,Female,0,0.2814226733469207
30.0,71951.53481391491,567.7480355818317,1.8384761392606321,Male,0,1.4296867364534558
34.0,52205.16250419295,697.4919873793805,0.04319513802120167,Male,1,1.8789925430270102
21.0,67055.88290068283,808.1375969171434,1.9482431707241243,Male,1,1.267593906206123
30.0,36330.799146455625,446.8176443677859,2.4133303915026647,Male,0,1.644779160954139
40.0,46920.612175572285,632.9523851018304,7.157156690744751,Male,1,1.723995676056441
48.0,72266.51057660342,696.3280341790388,0.24377031870395707,Male,0,1.5229907237778402
24.0,39854.90426354682,728.0213972200241,1.1953500085901234,Male,1,1.5120038052041322
31.0,47730.51440345439,681.9127343069039,11.220099360603427,Male,1,1.1925252544232183
33.0,53850.27846337218,826.1402549936115,0.8410307050668684,Male,1,1.719311210098876
21.0,35162.6822301052,652.8906593325794,7.119932376821543,Male,1,1.1236995374213228
41.0,43792.84822067154,781.1992790392097,2.241683630072049,Female,1,0.8079671988340704
28.0,51689.55022738461,585.3632329654031,5.433322961293071,Male,1,1.3444795379989383
33.0,50700.22601242942,655.798294658885,0.3835764745071958,Male,1,1.3815770177988924
30.0,69205.28031255704,528.7284924201149,1.6882702890865808,Male,0,1.4396190769005013
27.0,73121.8579224838,740.0864440548994,2.7650981555422582,Female,1,0.2698733056519653
35.0,37158.72691998633,637.9557137358823,9.73199325448717,Male,1,1.968582729728506
33.0,51669.02778751234,685.7821062519898,4.144787069093992,Male,1,1.533400372407884
31.0,60113.724626371484,618.6631368714926,0.23139937657090645,Female,0,0.07577908038739006
28.0,72745.21198698797,708.6428501659016,8.094073015735878,Male,0,1.0681337245100797
38.0,60777.35445975694,689.7433973855752,0.2803205937395547,Male,0,1.8479836650258945
52.0,54363.701023884976,550.5348570028793,13.618350088185888,Male,0,1.5526121470433853
36.0,59998.13797973946,556.323256741699,1.189493411903734,Female,0,0.4831443462621403
45.0,60106.532515043895,647.2231269658648,3.3464320781439256,Male,0,1.5175546079802233
21.0,36084.28561573447,715.9573957406658,0.3751318005329232,Male,1,1.72999901752869
37.0,52891.98188759403,836.2895553113848,4.124399659096329,Male,1,1.3769785669048549
24.0,71887.41491283037,680.2990856665729,3.438099428470811,Female,1,0.7625576149306481
20.0,46889.64846958993,750.753140248854,2.64027038196403,Male,1,1.1070192120127686
28.0,51941.69963821166,488.7149065235831,0.18110525179490325,Male,0,1.1762340802088924
47.0,46362.25325710967,851.2955849433982,10.557195376496242,Male,1,1.3965727868721771
45.0,15292.107565896877,710.5686211129192,8.113542867463702,Male,1,1.8224023887774203
37.0,50308.85265852019,645.039548884122,5.01237616767432,Female,0,0.47341459910433553
20.0,54526.87895979309,633.5303952542074,4.2458478521162775,Male,1,1.5781773851468484
33.0,42312.59913678647,539.2800202141002,5.936339414718541,Male,0,1.837355677550113
38.0,32680.445766729077,567.8713204279829,0.7773661962848732,Male,1,1.6145291031222713
37.0,36790.90310327526,841.0435632133414,13.48883475087659,Female,1,0.5282181012280969
17.0,61462.81424203346,551.0995561713987,1.6750795284628661,Male,0,1.5203251586255109
26.0,79587.87159570357,549.1732242133655,5.3426992438874095,Female,0,0.23374931926668324
34.0,70736.5001135815,579.7779513924421,4.666620918949732,Male,0,1.3854943534093747
40.0,29834.809927541723,530.1819247038727,5.061447964914722,Male,1,2.097697540586945
13.0,62819.40965826054,651.530657484551,10.557845673187815,Male,1,1.865834851485169
33.0,40052.56436286065,758.8910512665238,1.7542540193034608,Male,1,1.0621893247843637
36.0,41265.99406236834,588.9507673727967,6.9104796992407245,Male,1,2.133026511614182
43.0,43070.36603043074,512.6675720239178,4.5613822985234185,Male,1,1.6493941345577705
42.0,60591.00424783146,679.1861313014654,0.39554251356550946,Female,1,0.2478768514004978
41.0,64388.80064673557,644.4225662320187,2.673497423991438,Male,1,1.655482738879519
27.0,48529.53393080318,750.2724550081625,9.099300289810962,Female,0,0.250154988439518
16.0,48783.93888487963,604.5491700697729,1.8942185324118976,Male,1,1.559068263876604
31.0,56963.9561485369,623.9843220373325,3.2914479688486615,Male,1,1.4073905801646494
45.0,58519.91809286363,635.0469635456731,3.353393178866127,Male,1,1.391896884925779
49.0,67643.38560137793,658.9004110553482,4.8118025002193185,Male,0,1.7876598847596579
42.0,30734.42036736202,610.7438322642411,10.771595317189389,Male,1,1.420659496819178
39.0,50300.41009706045,594.5355891953991,0.9530139514651517,Male,1,1.5298919661805985
39.0,33979.634361632336,464.96223151181584,3.512119206564166,Female,0,0.20014768375348246
29.0,49235.86581404896,593.4612790879883,2.760558588912649,Male,0,1.7830819791928065
34.0,46607.370684788584,721.5223268081752,1.7543171044292434,Male,1,1.8804074275660572
52.0,49298.75819145946,735.0245519368885,12.604214056872431,Female,1,0.3928640484434927
26.0,38003.856678342025,602.88869764087,0.041023293787487494,Male,1,1.3865177030859563
51.0,27690.65310188857,779.9485998181763,0.6511402313169568,Female,1,0.30351665703325315
32.0,18583.437099276456,647.1295928299645,6.608987640183326,Male,1,0.7259036937529646
48.0,48032.29768602739,516.2153628184052,1.5288337931420197,Male,1,1.7602167255304466
21.0,43534.98341250591,484.7615943545744,6.421925671227857,Female,0,0.511497620657669
41.0,39860.93502794259,771.8257922619727,8.926510138734368,Male,1,1.6711515333711615
28.0,69838.22694247491,612.6996274738926,1.469278898688209,Female,1,0.7059794579221418
21.0,37108.427198070334,528.593547692742,1.0656213608672773,Female,0,0.455234304365944
37.0,71252.51123208203,424.0723828564465,0.7850274452406679,Female,0,-0.04628530946268683
45.0,74357.65616403885,610.4283889124857,1.116271605260042,Female,0,0.4071399519635458
27.0,20736.492998159283,690.4750858996362,1.554312636946022,Male,1,1.0602099895967105
20.0,51385.721884984545,580.2308855953795,10.153249898623905,Female,0,0.3210106817029951
34.0,44004.55263746014,544.6754839866128,7.348475791485446,Male,0,1.6822894853848822
34.0,6322.940829241015,595.0624231393273,0.00923009882368452,Female,0,1.127038083922732
40.0,28330.381203973786,774.3192019144856,10.362096957865992,Male,1,1.299176946748334
44.0,61624.041606627114,510.70183823248095,0.41045731475299196,Male,1,0.836584995223302
34.0,80287.98879066897,585.8298969577482,5.324905322067622,Female,0,0.4080888603340794
54.0,63540.17214048873,771.0757739617591,0.8212772891113297,Female,1,0.43194320094399974
37.0,54854.487087694666,699.4176289423754,0.3214970713545824,Female,0,0.3574332871252095
32.0,49680.014275533686,667.9127813778956,7.130806923874577,Male,1,1.1696377607104247
19.0,75239.9437197217,585.1553864583751,3.1480750204853276,Male,0,1.8578380145555673
32.0,82223.5880293646,653.0504814500428,4.569748786861336,Female,0,0.61234153970313
32.0,41197.35980713721,596.2170931546699,2.7699968623067694,Male,1,1.592416028241112
45.0,20000.201595345632,564.0613868929249,0.3476714964546902,Female,1,0.8987426182918761
40.0,18527.188050931974,541.9942524698259,6.7280306704404484,Female,0,0.43393495302455487
23.0,69828.21488239703,728.4095596372498,8.583755031463872,Female,0,0.4171218363194992
37.0,49294.1218883842,643.9593867783865,0.2115141139474669,Female,0,0.5122031309353502
42.0,52748.62865688078,681.4513743802696,2.355759016598446,Female,0,0.681756358388636
50.0,23140.235105649303,665.1673185801403,4.074501474840483,Male,1,1.665790441126287
44.0,38702.16630817301,694.0918827808359,4.646669916827044,Female,1,0.9037176602955281
43.0,45567.78779148826,624.5281210014108,4.315562252010758,Male,1,1.837726985218913
36.0,53117.57575046106,601.8342548945426,5.903571201559071,Male,0,1.602509231173129
39.0,44021.119416293615,568.4719670608878,17.02846773433462,Male,0,1.3889874375706703
47.0,34440.10702547986,508.60308665928864,2.4762914720457623,Female,0,-0.10025581671392148
22.0,38231.495110962154,537.7966829377084,4.066680668831721,Female,0,0.9154427441787856
32.0,68124.84928920849,613.4582278899778,6.004531379071212,Male,1,1.642666506490095
27.0,53671.769294052494,489.6960515564522,4.487637120429487,Female,0,0.9603816678294138
39.0,59182.35210433327,511.771409586397,2.4449213771797518,Female,0,0.7388891258066668
47.0,36516.89283684005,754.2139892635178,4.891885150179488,Female,1,0.21522633757279758
29.0,5692.647718990636,672.4179484853793,5.250704168407577,Male,1,1.4554797732639626
11.0,42153.43539673255,604.8163271796479,4.397003992837093,Female,1,0.1728613877882022
31.0,37001.44168361755,877.1574458904561,1.1477618496569373,Female,0,0.5241108434824449
44.0,55235.18402942119,485.17502812869714,3.5259101298634055,Female,0,0.28968193165079104
40.0,99285.85570522763,747.5611276461822,10.786228872673306,Male,0,1.8201974247250172
39.0,60427.49026427384,638.8533917220584,10.147617327582966,Male,1,1.4854868822148026
32.0,91039.40239075234,728.5047022912812,6.947255190852807,Male,1,1.5106065887698492
22.0,58531.54543009173,660.8953717270807,5.973339719565294,Male,1,1.3940250873222908
40.0,40551.70643640927,462.7754937754743,0.8319209958354892,Male,1,1.182368750908897
27.0,55218.74117181325,659.5460467558828,3.075976342349134,Male,1,1.7279392621194578
57.0,76709.57899216563,683.5555854639598,0.5880163764008947,Female,1,-0.04388747832490725
41.0,77443.43894481858,430.8014701475586,8.499123525110763,Male,0,1.2886478359336457
29.0,41369.939479353816,844.4048293801898,1.7198034713918264,Male,1,1.9206169571564342
29.0,53797.75543548948,681.1207594172772,7.280706505721273,Male,0,1.7234786972744418
34.0,28560.996804932824,717.1987740136495,8.425628892748467,Male,1,1.243849500941324
33.0,62370.02937037145,533.4470610423689,11.151140644624526,Female,0,-0.11830349052473799
46.0,73300.32048583841,719.0617522145618,7.00866621822374,Male,1,1.3896120208390161
37.0,50596.99181174024,758.9504459563055,4.158932272650766,Female,1,0.9214986126931628
28.0,39989.239184598075,675.3568228137846,4.558816415359323,Male,0,1.0714099155714254
54.0,55401.964269163436,649.0628441479236,1.932595685411202,Female,0,0.3871641721299606
35.0,56261.88547044749,560.6411875101584,0.973972253003209,Male,1,1.7383192513682495
43.0,51217.1574777443,628.3793082216674,0.6999680237708139,Male,1,1.0239421700603772
29.0,52680.726865039294,598.7970485740719,1.0046084860714364,Female,0,0.74965180650494
39.0,47392.77724295943,707.1995637392685,13.586859118934612,Male,1,1.1321194236446308
38.0,64939.32392339609,565.0124074882598,0.8982252344259091,Male,1,1.7739609126518383
16.0,61043.411677476906,706.4650721503557,6.432017894802349,Female,0,0.5106811186022645
55.0,35253.452792837765,566.1014437270344,1.020557472506136,Male,1,1.0596892369791397
48.0,34841.14095262108,623.7647445839982,18.502689798923083,Female,1,0.5741448739245749
31.0,46184.38374460157,711.6044397012816,2.2831436503785025,Male,1,1.5041743865017028
24.0,61052.55686157769,579.6203280013956,2.6563019008154876,Male,1,0.8078946383165061
38.0,52220.86120836222,715.0536488977602,2.5918666708728115,Male,1,1.1699604972711506
36.0,40352.74384816017,705.2994157671368,8.476591030159199,Male,1,1.2528083438421953
39.0,53922.778950887456,622.9049326623057,1.23136061240556,Male,1,1.8854515138315169
37.0,45037.84220716592,766.1783201355789,8.890014705385777,Male,1,1.3269994633487003
40.0,63207.296903361974,657.7784341977115,5.350982169168391,Female,0,0.6717996635730131
49.0,54995.87652600571,760.227652658535,1.2441030665286525,Female,1,0.6663657651376644
41.0,45270.827188217845,829.3464924877178,0.33822361310277194,Female,1,0.7123851236395625
25.0,53472.78158069692,625.8698978298688,7.458108640834773,Male,0,1.0343362481340381
49.0,69725.72089286303,714.4954984027397,1.2356640688264067,Male,1,1.2830180353173446
51.0,41455.548851804335,586.2432074677124,10.99413664280757,Male,1,1.4672046761746702
67.0,56039.85472470742,546.7185590491802,0.6950764507938144,Male,1,1.5533510946845757
24.0,48943.094893010064,630.4540342613572,4.790312824338605,Female,0,0.41295343896591147
37.0,56404.755257931494,513.7399720250537,5.891011891917607,Female,1,0.5633802877901
14.0,40181.52587606404,556.239222035269,5.360373936960271,Male,1,1.651785842920692
41.0,51655.031497390635,709.1432599321067,1.8992047537720345,Male,1,1.4965200438291573
30.0,66617.34923625202,598.6350984551161,10.418192612294696,Female,0,1.0038258798079323
54.0,35944.89528130839,721.0514087121861,7.344149395881559,Male,1,1.1960390801325127
27.0,30058.923450123773,679.9411938017487,3.568855409583872,Female,1,0.6291642657368351
18.0,30628.166532695537,835.1154062019116,4.622786882337188,Female,1,0.6889899404778413
30.0,32440.062046997165,702.4337285576046,4.177832362710624,Male,1,0.9938977106687886
15.0,58929.84931838996,761.4218070279314,14.658961283555556,Male,0,1.567331327973207
43.0,28912.10471201802,690.1884663127546,11.336728627298282,Female,0,0.3088402156932811
14.0,45531.56982884704,681.1393501078072,1.3426485124136314,Female,1,0.8605908863845144
35.0,59274.33954966062,766.4733042113315,1.5242074689456846,Male,1,1.8025518151820337
14.0,56249.885908228905,716.8797465865265,19.93321342421722,Male,1,1.6355377753867586
32.0,44216.61530056272,671.0063612957429,1.3496083116699442,Female,0,0.834313426881172
51.0,52863.85597632659,670.5654665929718,15.339292152133407,Male,1,1.3951832029819504
39.0,51607.17994606352,703.8229311830416,5.2455933612782415,Male,1,1.8346441292361098
26.0,46636.385666777205,582.8626480540115,0.25704250007030666,Male,1,0.8028802465081191
35.0,46837.479220181296,578.6200533861302,2.0453118484678763,Male,0,1.8334258573840883
35.0,83531.41152135441,792.5405932372933,3.232788341323063,Male,1,1.768806167115977
40.0,62139.663558969514,836.4413663859998,8.95158928776197,Male,1,1.3232319426463404
21.0,87209.76376268215,557.1117541589834,1.9918423441932533,Male,0,1.4721435983708933
41.0,42545.55300619248,583.1005567560296,1.8595108316746916,Male,1,1.98803456645257
8.0,48725.50104667779,764.2522819504145,12.645124042760969,Female,1,0.48344674388061926
29.0,30018.11352085029,703.3519993142396,0.4116626742290688,Male,1,1.4453878612633022
30.0,37856.49796865642,717.6428105320922,4.009469500423732,Male,1,1.694170008572826
41.0,78528.69722993752,739.6601294853057,3.5083093376814545,Male,0,1.5629118947135123
35.0,42169.48565237365,625.9267838255925,0.29522027154015257,Male,1,1.5156166587416733
21.0,78789.21950216689,682.9969924990187,0.459256555822605,Female,0,0.5097231512678895
25.0,31349.566089801643,675.2192150698093,2.4060706273315673,Male,1,1.1675453509922211
37.0,34197.96448890085,564.1508399754539,0.7202827663790274,Male,1,1.180992969559337
34.0,44881.53168464868,681.5090943215704,3.2511272428601075,Female,1,0.504584041696904
29.0,49043.75117481233,773.7710696149668,4.693817894120577,Female,0,0.5194744692832343
30.0,63846.30938675194,616.5866761156639,5.878492977196474,Male,0,1.3004760336243197
42.0,56761.556257793985,665.2569248740934,3.9534700240768155,Female,0,0.18618364959636763
30.0,43755.271139839584,670.6708916010856,2.3874379488790285,Female,0,0.2548658208772384
34.0,48000.26290222841,621.533544956473,0.6949233256436517,Female,0,0.025371967661731276
57.0,45214.0562032295,717.6901237694358,1.4216745011538245,Male,1,1.4571978055812154
21.0,36280.19397011405,581.9934368745013,2.7186528181544305,Female,1,0.500512308873872
16.0,36680.55595097567,783.2645518695934,12.89264717477058,Male,1,1.443751023954637
43.0,65418.25837150114,712.6205561632246,1.1319978644847133,Female,0,0.36493009405091636
28.0,22577.526081092903,556.3231399327105,2.666585276219825,Male,0,1.836262338268309
32.0,74260.38046167581,819.8009684886254,6.589607079720113,Male,1,1.2210342767014306
27.0,44855.08661596652,666.8101461261596,6.10734744579325,Male,1,1.1599971616131253
32.0,38412.3709041176,577.7052482764948,16.847417304256382,Male,1,1.9863101218203845
51.0,61096.38936045904,760.4554524991191,1.0591718139471005,Male,1,1.6737640322735396
43.0,72278.24876220676,699.4671519448025,0.08328790986017584,Male,1,1.1019077152882122
44.0,66764.48662405935,472.8040295765962,1.9454244542860086,Female,0,0.6505115884145157
21.0,57527.78074039836,597.4339682756147,0.8107868124886306,Female,1,0.796904972054677
23.0,66302.95234582754,677.9097337221543,3.9755568223651796,Male,1,1.9180940454828181
7.0,24252.53634284201,434.0433322357341,11.452247898061767,Female,0,0.6809369412885924
27.0,42172.54187767778,658.5070085387395,5.827396921721888,Female,1,0.633919535499689
45.0,36332.44909962733,665.797937270526,0.7297486606133845,Male,1,1.3690725014743763
40.0,68369.58096822763,531.6508117624178,0.6170002954087275,Female,0,0.7877712563859953
33.0,44247.8297161417,677.0644886259963,12.120929030323449,Female,0,0.056755604177374186
35.0,62681.098351730834,650.7463839125033,3.3433417335311506,Male,1,1.3753030601013034
28.0,58037.85413732957,530.8705894114985,12.863642160090347,Male,0,1.1631570656195023
37.0,37065.39595754478,741.9560546862825,6.663155980793486,Male,1,1.2384282194418703
43.0,41195.62685035574,733.7853794767805,25.06453483852084,Female,0,0.5767354938060891
19.0,69407.26536222089,621.0262913147639,10.248549409214487,Male,0,1.456469937538146
38.0,38367.7602697338,630.1418676608176,2.6739882890801585,Female,1,0.5226701706475017
44.0,51873.014152932185,722.6263937595345,7.098797162092008,Male,1,1.9998863656073311
31.0,38261.88070510332,629.9336856888193,3.185991291767164,Female,1,0.34484787459021526
42.0,45290.71719626209,456.9091799479845,1.3268136821180732,Female,0,0.6715258836391614
63.0,49307.57084045042,698.6936557399928,1.3789602570782744,Female,0,-0.02845979557032996
34.0,38257.00234553763,568.6740679261492,2.5318623063253294,Female,0,0.17276085200327546
39.0,35593.29569024178,611.0156945582406,0.590913098715848,Male,1,1.1234084071709085
28.0,54294.10005166163,795.7870567951476,0.9786529969282427,Female,1,0.4529493171995062
37.0,37328.938868132354,636.6021525991202,3.47182644796904,Female,1,0.27960212735406875
40.0,37840.13666451991,650.1734935873873,15.387150131158553,Female,1,0.6351465141065249
37.0,35914.20284447044,700.9667275463597,4.3100348783450215,Female,0,0.1677978109742732
25.0,48831.37930503023,700.5333943874032,2.6254404985028006,Male,1,1.9227726313464446
37.0,64155.52451599762,558.0802232622217,1.3899811262183717,Female,1,0.43760162106441247
50.0,72597.929544684,643.9701484465626,1.0901663099837147,Male,0,1.123666479797468
39.0,39111.22871009332,653.6152527925827,5.370676975432599,Male,0,1.6683766100718693
45.0,82254.66189996817,677.2026896628827,9.430086489655176,Male,1,1.7440236525006394
33.0,34929.42708939806,678.9221940916619,2.544603250564779,Male,1,1.6965278598944953
42.0,66253.22784991804,908.7441228777458,3.9998665860594684,Female,1,0.48914589287509636
38.0,39174.55318976836,532.4140229412756,6.133252745303697,Female,1,0.15496741585213303
25.0,36936.15095194984,748.0091620197957,0.30031913793732967,Female,1,0.5073052536871279
38.0,38828.65764823417,768.3375805833059,2.160819711244911,Female,1,-0.13580753531047085
25.0,49213.28450526321,699.2783973923528,6.542092577208807,Female,0,0.9836009178351734
29.0,58699.582565504155,584.9684605126926,5.769869656590389,Female,0,0.1440161564458734
37.0,60048.020568572334,816.4668030267626,0.2741171922926406,Female,0,0.5619218778939075
38.0,35840.22476978168,430.8017135259802,1.3578528027373629,Male,1,1.6163404833492776
23.0,35155.11068733097,581.6733302782173,5.6965029363334585,Male,1,1.5250406932848468
46.0,36250.419599546796,767.1682197222812,1.5832620635324521,Female,0,0.8898195144557595
41.0,48329.68396421733,612.9888396577483,8.421084615964425,Female,0,1.1172856405641198
28.0,46847.66593713688,809.6464524800185,0.14974441644199196,Female,1,0.2755721390195802
20.0,35747.368068953074,498.81952553215996,1.055747771725038,Female,0,0.7133682410981679
34.0,54044.05541094866,538.7898106051991,1.6516465756399419,Female,0,0.20371301727166236
31.0,83938.53212502977,596.8361829873025,12.970695579575999,Male,0,1.692742197038891
36.0,42429.26807247273,691.7399277536529,7.95600010159329,Male,1,1.2774977579186513
31.0,43497.322681947,627.7979849619977,10.777083083268463,Female,0,0.8028209099064951
15.0,58394.92355486553,600.9600747437579,2.903372407320356,Male,1,1.764618850841686
31.0,41617.75562394808,792.0396431098524,8.645672706362294,Female,1,0.3372287740760423
32.0,60034.467225772736,801.3444975389151,9.603429866542218,Female,1,0.3414440757567517
41.0,39221.859398314395,608.5620234292444,2.553768330733342,Male,1,1.2940036071330188
28.0,77481.79411365952,479.0232192670337,25.980471808495892,Male,0,1.272271741703452
52.0,55171.62458888442,434.251617081262,9.527058976158502,Female,0,-0.043336547487946464
16.0,40699.655763849325,673.9290114780356,18.2669764012209,Male,1,1.3470259671051774
48.0,41169.62450796089,715.5955622218797,10.068160716438591,Male,1,1.4614449635420461
33.0,42293.003709379474,656.2997785578546,7.485093744503104,Male,1,1.6063371910501578
44.0,70591.2449937331,642.9091892919241,14.39809746795148,Female,0,0.6514663705379521
36.0,30968.73488598075,569.5457385305917,2.722077883628233,Female,0,0.6325022771395205
46.0,39980.87494310743,715.4979793913839,7.646978335269413,Male,1,1.2276246389601972
31.0,41575.09164611861,817.818537889891,1.1969440056521865,Female,1,0.826036539613543
24.0,49764.68049864593,428.3122322664444,6.598674193928749,Female,0,0.33706082289947675
49.0,45933.35461029808,642.2498811212284,7.693808896691778,Male,1,2.1051254504564163
34.0,27631.58252914306,552.96516505864,6.303146307017306,Male,1,1.6944960638158149
37.0,44002.659746067984,500.95340059461483,9.479372649174257,Female,0,0.4065084120292397
47.0,48506.739752225476,537.0024129215584,2.6665104110454685,Male,0,1.448399409416782
25.0,40578.53247380325,687.9672855684405,3.9347419499950065,Male,1,1.6821343478354924
41.0,60301.632335714974,690.4962197591166,0.053623577068672705,Male,1,1.1243525308102624
29.0,63791.12643130471,796.02877611748,0.7894316944739139,Male,1,1.20718408487044
34.0,48824.19950405911,650.8781547145461,5.166847157308409,Male,1,1.4077949847742468
36.0,53458.123802760936,474.1778370130421,4.131304155340514,Female,0,0.7701570421390314
20.0,17584.160039760936,626.1830457624028,1.0990736994329826,Male,1,1.80197121614368
27.0,43683.458417572525,511.3620927784216,1.3950310452224137,Female,0,0.28608444216555473
49.0,65072.32537636869,529.3204113577995,2.1085990284993854,Female,0,0.42039531368179034
44.0,43648.451252310835,708.0559058406495,6.301211824391809,Male,1,1.4739629012126008
34.0,38941.07485412058,669.418090559442,4.70441071955092,Female,0,0.5988434235252689
37.0,84165.33389046397,708.7565595435331,0.36054896401223036,Male,0,1.5732567081971407
32.0,77286.15785293707,614.2507152728272,7.134314209978073,Female,0,0.6870029072134156
49.0,57013.62368723236,729.0529563425356,1.5235278540833823,Male,1,1.1482036206255182
33.0,67083.65917220071,608.6597101709889,5.570046255456267,Male,0,1.716020676834155
37.0,16610.968730628832,761.6682832742247,0.6583105307854326,Male,1,1.5612291990456888
46.0,38186.728390569406,684.4638939471542,30.880006905090376,Male,1,1.5404759548551297
27.0,42950.631902402725,629.3003129515382,0.41872995641570665,Male,1,1.8335928031210798
51.0,46460.298516995805,671.2093044176097,6.768826637000242,Female,1,0.28796127788596576
20.0,42650.839685390565,648.2139299025082,3.8971253249570736,Female,0,0.6231105443995595
51.0,11749.605627254801,809.6106515312923,0.4492908970866549,Female,1,0.4673429168780368
31.0,55790.369280628394,674.5437622578789,0.13588206830744531,Female,1,1.0153349246124868
33.0,58154.811924209105,649.8387327605492,2.252304923939679,Female,0,0.5885818709000762
16.0,74028.48187384973,626.1509142949201,8.103099290247673,Male,0,1.3720476418641767
30.0,38175.36102837555,734.3184219245011,0.21010961386374616,Male,1,1.2290295162986986
25.0,36947.55263330147,720.7913339053505,6.0937178401202265,Female,1,0.9392940235498106
29.0,9800.232710532968,622.6158369687372,5.326510564935196,Male,1,1.2628353494873814
34.0,45596.4974511367,534.4358485377192,1.543082902471594,Male,0,1.6906510634146963
45.0,63516.676715932575,559.8031861621646,0.4032963487750475,Female,0,0.44479699535121314
37.0,40823.48206710921,631.5837460457803,12.344494927438856,Male,1,1.9076616383575569
38.0,82151.67227815473,784.8927506119082,1.7858739351740076,Male,1,1.5431770963508775
24.0,46151.07746315715,624.9823370753086,0.5904460914280365,Male,1,1.7650843295336514
26.0,52204.884264328335,590.5876390034435,5.720932133174771,Female,0,0.6108189888068692
53.0,29553.453791276093,473.92806867513536,1.2210777531579822,Female,1,1.0567137063381522
28.0,54308.30517762919,801.3541435602297,3.227795889320298,Female,0,0.39523189621073684
52.0,20310.20307720957,706.902814598146,0.25860137099983294,Female,1,0.6415541258520505
33.0,60405.46932519718,729.6009970005857,24.7977737087082,Male,1,1.957724231083022
35.0,60866.42264353119,746.1688051929375,2.9676055180415166,Male,1,0.9210206160676468
46.0,70389.37136504766,633.5269771241037,35.12134047467682,Male,0,1.465835955474097
48.0,34700.46921848467,658.4590633747536,2.4361548729265063,Male,1,1.8397532023397014
34.0,52408.43177446129,798.8601941951995,2.137423007143172,Male,1,1.7290073263823977
31.0,58457.24839079756,667.9580889319137,12.300426028483237,Male,1,1.386057004221199
34.0,56634.22457495465,708.7525290063994,1.998403255753392,Male,1,1.2299940848529998
38.0,37020.51087297723,737.0550717200512,2.8282181335528116,Male,1,1.8273003205079559
44.0,14120.271656657897,714.2931332422644,0.40664921058061104,Male,1,1.343669203535208
35.0,55204.40445326722,637.1830829733506,15.557106170575516,Female,1,0.5073950005189539
41.0,47712.50482535121,646.611615718608,0.44498258958018927,Male,1,1.8000243160616571
51.0,41499.94110557839,727.7640437975942,7.37420585855741,Male,1,1.592213538374104
39.0,61459.18045573199,727.6002859934727,3.8676164853279,Male,1,1.3943937323008426
38.0,49326.2069276835,766.8232599019461,0.3168567809517948,Female,0,0.10409407674863863
20.0,30212.07420848301,705.1096983309839,0.008526406034586645,Male,1,1.6335397292759097
9.0,21028.215663556675,709.6605613592055,13.70961003113752,Male,1,1.4838759037125535
39.0,33065.551023002525,605.3766633215553,6.777340147337086,Male,1,1.5461178126790434
34.0,85895.18442150179,591.8850488928099,5.798762848478955,Male,0,0.8511967340836866
30.0,60841.6516089916,728.0630674351495,2.8862209384892723,Male,1,1.4683198453150363
37.0,52829.18512962518,592.5814931983625,1.3630727112587797,Male,1,1.3081195237540575
34.0,47275.08609221293,647.9298996883138,5.695032416204281,Male,0,1.260198647153131
46.0,46289.10590078846,787.902324097129,4.686308832329864,Female,1,0.7405811642990954
36.0,67507.93975038643,772.057029234509,6.479384197051403,Male,0,1.3510081557916878
28.0,42641.063871448525,680.1788830797184,2.276895600980356,Female,0,0.7714332779735742
45.0,58653.80616026439,620.386042016629,21.684792376489277,Male,0,1.5498206001547583
33.0,44773.58074562609,637.6621089656495,0.3467967758223115,Male,0,1.279941029021393
40.0,79102.34947752595,736.7660141055615,0.4152866610698448,Male,1,1.6554258668980029
30.0,61134.327613674555,646.3500722553835,12.43709988258315,Female,1,0.46638291289512557
29.0,68683.35222025438,594.1717606989736,5.216452296273117,Male,0,1.7176821410221566
36.0,41233.85337967642,771.5774756407974,1.97510470533386,Male,1,1.7805402491974298
35.0,65872.04168851132,668.1600139129281,7.17643063976202,Male,0,1.329493009563049
40.0,45311.33861907964,592.2744179008254,3.0144614027342715,Male,1,1.418790424742378
32.0,51650.52235899274,697.8940188932631,0.10673879691034358,Male,0,1.5739799746614243
17.0,74525.71505929188,747.1218413192508,5.264902239777558,Male,1,1.3725155346142215
31.0,34358.37414865371,549.232693521224,1.3926995290997348,Female,0,0.9204961051171037
43.0,53048.715969581004,629.9546086647065,0.6127318426065874,Female,0,0.25432509863871755
32.0,56570.07887778091,625.3316632411588,1.2762240265843106,Male,0,1.9904072749908353
33.0,57800.06571201215,695.2287165783476,3.232824699629984,Female,1,0.9587026007811641
45.0,43238.23260359802,713.2008322859858,0.2557109042038371,Male,1,1.2618763786075724
28.0,81293.96151212123,594.8526088720514,10.734423221091365,Female,0,0.8121166672285514
20.0,30576.021719896096,500.72488240939754,4.103971217238183,Female,0,0.8330461196092303
33.0,71883.28082948705,753.17987545994,1.733596050758338,Male,1,1.6044040232630328
30.0,68225.98408387459,538.0054729422787,5.807837888315825,Female,0,0.1889142558093979
25.0,78513.33184405527,677.1184205043877,8.154239827724588,Male,1,2.2597595310849896
33.0,26176.593519382695,636.8019101269317,4.7586133214369735,Male,1,1.7463157279577382
40.0,36967.52768165435,666.2443905204075,1.1313338794730863,Female,0,0.8310906958189852
35.0,72379.14588742462,815.1233971706858,0.5842896817873545,Male,1,2.3578958688040457
38.0,21844.412680545367,953.8281613621829,9.826983315694601,Male,1,1.6468681521110518
53.0,25903.116484393795,486.65625886013913,1.3373545943876939,Male,1,1.38243330991377
32.0,42675.383199327625,748.3906155332924,0.10143411895716499,Female,1,-0.1304813861528169
38.0,52879.90682933401,634.3752227322354,5.148726639697455,Male,1,1.8170392385523635
30.0,73883.37610473162,754.7854513712552,0.8295960481312612,Male,1,1.1244649605442085
27.0,47221.01127604463,745.7263076179164,23.535914760631055,Male,1,0.9160222298088784
29.0,40876.41277903191,790.9744807198164,10.1907622201396,Male,1,1.2536804423380814
30.0,54670.849065446404,678.4964915162698,4.6881557112799825,Female,0,0.5171229779914763
39.0,57043.947249416015,561.0423515044977,8.97479218061113,Male,0,1.677817874761968
58.0,56618.59733255407,742.764948870962,3.1794476988090126,Female,1,0.1540452184567434
28.0,47330.20688072983,661.7997576144064,7.767326223040065,Female,0,0.6327885786671154
31.0,20673.708291227755,626.6156784865867,5.199833564968173,Male,1,1.6824887129585528
34.0,36235.76016340502,602.3776119295038,0.1453145631193637,Male,1,1.6031925078155902
39.0,71304.06627901194,750.6335569105129,14.855946414717993,Female,0,-0.14435413760583626
38.0,52806.034069648995,810.3369492007378,9.863514695181848,Male,1,1.7689055619245555
48.0,45162.16821339415,530.4647441300366,15.33156673424675,Female,0,0.4133067470903642
11.0,66772.52822560963,712.1952242478931,6.572025885128126,Female,0,0.40662428752764285
11.0,33048.25051446578,612.7612814577354,2.6556597235964112,Female,1,0.48939256494936745
30.0,46619.77799430488,503.2727601807886,1.1595671179089213,Female,1,0.25845911689738066
46.0,52066.376077610556,664.7705820763008,0.9922324227289675,Male,1,1.570463694536596
19.0,43379.33745058056,566.6862219810439,0.7827792987032154,Male,1,1.6201213012928963
5.0,51511.44234352398,492.2246772199802,1.2462162901590483,Male,0,1.3994937228397755
41.0,47184.59102867352,571.8259527775465,3.9996102947578387,Male,0,1.5402318195670968
37.0,29009.854283211873,547.2226082086146,5.756033144526099,Male,1,1.6824122098772287
24.0,52722.16822818584,585.3313146936608,1.8848005255825517,Male,0,1.1752700421708893
25.0,30074.72312730699,517.4115923046311,3.9786352679277472,Male,0,1.5551994411148007
25.0,52484.22687645083,610.4859891373786,2.087076081281542,Male,1,2.164425501791357
36.0,70612.03736225163,578.6750871916028,5.962032656051766,Male,1,1.2520996077561335
29.0,45784.65204085918,687.5613877145657,22.32105363949767,Male,1,1.80899089493312
40.0,32427.753050435207,709.3538986398315,5.840084645040301,Male,1,1.4713057804410972
6.0,48095.18280192529,676.0148576778441,0.30422316953663364,Female,1,0.08518265470888464
26.0,37520.43337882203,626.4555542126491,3.243115830104463,Male,1,1.2829674945599694
24.0,58917.63503947204,623.7572404307685,7.356810707160658,Female,0,0.3618270651112849
32.0,47780.1687871572,566.2925012588635,3.90706879314566,Female,0,0.2778309298485447
30.0,75646.4487749686,568.7005340590063,15.086110648839103,Female,0,0.3393377269414782
43.0,67444.84393516007,720.3603868078736,0.2816438568175481,Male,1,1.6900259391041985
16.0,47703.79243277896,474.0297401349536,1.7205958028708757,Female,0,0.4543922441730101
35.0,60734.136019596364,641.9275061687058,1.2469121708900075,Male,0,0.8914383403591217
41.0,44101.45386255732,617.6470938438799,7.296953955567339,Female,0,0.5948403049394082
54.0,50509.35327747752,709.9132101374893,3.7095139457142134,Male,1,1.128740908698004
30.0,44578.48705474532,507.49880165776494,0.7444970259080479,Female,0,0.5018650373351904
38.0,61496.83939774563,651.248070548594,1.681514099095245,Female,1,0.36731859833399993
17.0,71494.82415064368,684.2984341359107,3.6976241773193474,Male,0,1.165458774076774
11.0,61979.72310786715,459.52687813760053,27.771187823157142,Female,0,0.612741283159937
43.0,63829.04901928034,542.5672027138263,2.2650825139932085,Male,0,1.4781728036046582
35.0,63845.501558535936,640.8210153187209,0.8529102601471872,Male,1,2.244308293885342
47.0,58268.83883502065,701.4146907634305,3.4364868783218414,Male,1,1.9869958412665694
21.0,32910.70761184598,668.24993111127,1.8566691490480487,Male,1,1.6078629796902881
40.0,75514.5727912475,706.0454252949808,4.173171525059848,Male,1,1.6545954321761713
54.0,77066.16240047637,542.0627487359345,3.143452402459626,Male,1,1.6804867561553911
39.0,46491.80595029947,491.12496502719733,5.8476945994130825,Male,0,1.339664917211404
38.0,44439.531271757274,658.4505805756789,12.283970223200484,Female,1,0.5779496468124717
35.0,59186.17479373062,527.0646761785886,1.11893348274357,Male,1,1.755320792630609
19.0,58262.19252775257,563.4677673952197,8.606879795951494,Male,1,1.3194905096098937
49.0,46970.80896870472,743.2278354826374,14.905766874988213,Male,1,1.9321656845329624
29.0,31249.615166185937,668.9099556766852,2.33890795116358,Male,1,1.0940154471007117
40.0,54585.517861246655,593.1855094744585,0.603288508618904,Female,1,0.8620136905908369
19.0,58271.54807263318,580.1968495359037,8.627364063119106,Male,1,1.9246991590791
23.0,60887.31722058196,712.0921556889165,6.038160949224261,Male,1,1.4139442573043328
49.0,55239.39158531311,671.1970935649983,1.1958070552544828,Female,0,0.7025289362463399
32.0,45933.27277457136,528.5443357677309,2.9459505850452716,Male,0,1.6936295465033049
50.0,64910.03059259417,455.2176266899053,4.313657485416079,Male,0,1.8476316777448996
34.0,50987.72746348877,838.180183264015,0.9307689721360656,Female,0,0.6319116150385401
17.0,43026.15478452919,527.7520774682442,6.274801370037004,Male,1,1.586179096722807
44.0,47290.19926931419,702.7696503300123,5.854023997280996,Female,0,0.22346224465322145
29.0,23810.46451287527,801.0692932338175,10.907442765821694,Male,1,1.622743610133802
42.0,47266.37263732192,664.7597568833155,4.188240763017711,Male,1,1.8255345269278718
35.0,60326.54779812003,589.9563323532795,4.270255083301533,Male,1,2.3570709860911636
20.0,55096.74533208845,507.3950958304288,4.82986551680804,Male,0,1.6516006460069825
37.0,72809.9625947178,505.99894636799695,1.5995338533475199,Female,0,0.3869905682444955
57.0,46055.376289764434,687.6694848676386,7.1066210477185985,Male,1,1.8116238716595972
40.0,57309.69744579974,795.0976322949984,5.430937899102424,Female,0,0.7424377639570638
34.0,61891.10264458658,610.4540903295471,9.136279146392118,Male,0,1.6011434302085659
46.0,85142.85512431111,594.4279537850636,7.3177349312207385,Male,0,1.6099999716952407
37.0,52171.482366764605,719.7481090811186,5.088465325521447,Female,0,0.25355291509908096
37.0,34337.19231703965,581.4052746095253,0.8770801798614546,Male,0,1.388758011308161
24.0,62718.931300329226,677.4482907628421,12.575632926955944,Male,0,0.8074931220869189
37.0,77985.91033952686,654.1801450085512,2.2881005634367293,Male,0,1.4695709443704519
45.0,45161.769346600675,609.0531941421945,16.662822467153735,Male,1,1.6682401263218125
27.0,62616.223079096235,648.4461841263479,2.5697424910033617,Male,1,1.5043903386087005
49.0,68430.9208284338,826.3152114649979,0.7887591549634472,Female,1,0.38080253850373874
34.0,65255.9831595523,710.4532944100956,10.807153103180429,Female,0,0.850860581577614
26.0,51883.37783710367,759.2500804255978,7.9251593905827775,Female,1,1.02051710415381
45.0,39522.893626802805,558.1305639079939,7.715818307888167,Female,0,0.4540747473971282
32.0,48780.806779796214,759.5936147607574,0.4683168117853863,Female,1,0.03512625611367537
43.0,56879.00680816446,713.9020475468985,10.571400407937542,Male,1,1.6742685967846167
32.0,63623.337861375934,500.0403903440632,4.536662846013961,Male,0,1.6533156825447213
34.0,55009.17571998559,703.97907333711,3.1777484915344356,Female,0,0.6480682179628472
40.0,44301.38050189134,598.6725863205322,12.219108842524273,Male,1,1.8280779340805915
38.0,58330.69484224653,495.41963236743834,5.483690517483372,Male,1,1.1628739411248756
15.0,62901.27601614231,662.977573232762,0.713759275719213,Male,1,1.4108984838453198
24.0,55694.150846217206,703.904259106261,3.6650271154492176,Female,1,0.7998840453506755
44.0,37457.19328192512,665.1608068644563,5.061483865323315,Female,1,0.8398826815802443
34.0,47278.90947924215,639.0861415154245,11.440980451626164,Female,1,0.33723889874137036
30.0,64217.311646187,616.9414661541668,1.6417849839015188,Male,0,2.142778844287976
21.0,29254.732868832893,896.6588009341556,7.905075612153243,Male,1,1.4608464182136995
24.0,18602.329664132612,531.7430611471354,8.042514344486616,Male,1,1.5263460800403643
15.0,72621.24275216031,737.2921982357203,0.6851130266721652,Female,0,0.2513270424079993
34.0,57671.228825328195,651.5422970888984,0.08691701196488293,Female,1,0.7078344015578304
29.0,59100.950037801595,564.5533493732968,4.3543131595997515,Female,0,0.3772555729092263
25.0,33847.74539559416,645.160094937142,7.790846641170131,Male,1,1.8519797206834583
34.0,61062.92095199807,510.7067362411383,4.042013838217407,Male,0,1.363151106818803
39.0,54128.73031352546,590.4509593193146,8.392533001829033,Male,0,2.000529502265665
56.0,26235.08633227404,645.3065674164394,4.868316820061947,Male,1,1.5115794763065997
20.0,71364.25121410786,494.88829414008705,5.296366975073349,Male,0,1.594329529042346
47.0,52380.24985428093,700.6382538488058,0.14279180692414292,Male,1,1.3959676479063527
45.0,44058.740508810966,553.6238959088467,0.4638571418699477,Female,0,0.6722643350095883
27.0,44330.15381022173,504.8279041986448,6.455459439503554,Female,1,0.11797370845156369
37.0,19771.67141851435,541.9582264171629,7.195170502920195,Female,0,0.28397463524926636
30.0,58900.04899447045,867.5954161835487,3.9063738439279936,Male,1,1.5051377429956279
37.0,53927.85810868588,452.193585813116,4.460004751449358,Male,0,1.1832222989513603
50.0,47088.79801500357,693.612308876979,4.764330652780932,Male,1,1.3286465260121516
41.0,69177.27811177509,574.8363728980713,0.5546093057489837,Male,1,0.8700850872131255
40.0,29242.114715062315,614.9871828482438,5.511725297748674,Female,0,0.9437417154167997
31.0,41048.412854485774,710.3930928680332,3.2549421763618707,Male,1,1.4957821129990847
20.0,37249.87617859421,705.4818714838921,4.613090747726365,Male,1,1.7878466755586468
33.0,45818.0753034267,581.9303580838209,4.140733438092329,Male,1,1.3929000382292553
47.0,51012.050378858345,514.2175993366706,7.198480930884167,Female,0,0.30938029064224865
20.0,56450.20285717033,712.2140973700639,1.9177959986194637,Female,0,0.2859767724220457
24.0,44795.39820342324,705.2377193009344,2.3382419854582497,Female,0,1.0039102322307856
36.0,36839.66397267659,621.5030491211812,2.484665422022355,Male,1,1.7456234372503918
25.0,75290.10424655667,694.1944383808378,7.1870141350308785,Male,1,1.5357653071310122
27.0,86174.60287682853,605.4170519024465,2.820363969007383,Female,0,0.12131421345651566
31.0,52149.30007823038,567.2962434965211,0.9744496752243799,Male,1,1.6187284815384815
21.0,38648.29449468699,650.3962181121075,20.38477434120289,Male,1,1.884755925009172
25.0,72131.8119656344,701.9032741091518,3.399988712690366,Male,0,2.0422346110258247
42.0,28298.64340507302,680.9250269552434,0.5784466127735515,Male,1,2.22179562174892
22.0,44978.40012942759,700.9162680076672,5.547480859017639,Male,1,1.9589094239818903
19.0,39558.244229805474,573.9421126710874,6.719285623574162,Female,1,0.29798744333786564
29.0,32606.96674324267,808.1881124758253,3.467964788608064,Male,1,1.139272257668063
42.0,45799.636506173454,615.7619144661376,5.198753888537368,Female,0,0.4927474370689874
33.0,37037.418812390526,638.1084348523409,0.9477875532843041,Female,0,0.4818631373973017
30.0,50189.816962229816,518.1344090782133,2.293715421374554,Male,0,0.7340036662752658
35.0,50407.65751508696,630.6144843702716,0.8826633441539258,Male,0,1.056268165635869
18.0,40680.02414717031,703.2237736851517,2.4488709772162256,Male,1,1.362951408081462
40.0,44442.299651091955,726.2510612692665,4.136828585347887,Female,0,0.46888946454198005
39.0,46537.265481444345,806.1940737186783,2.9218173183714926,Male,1,1.0172828998238783
31.0,62147.690916791405,702.0234895825461,4.497350485622418,Female,1,0.20937512147020687
45.0,47773.55898403721,677.6913195799704,3.4833586561747056,Female,0,0.5899049539131027
24.0,62370.52611179146,605.3704888485681,1.9122673920502309,Female,0,0.33826615522137504
46.0,58787.19475331983,583.8259591766994,0.7740144513905503,Female,0,0.4984404145190612
37.0,58572.96045351113,747.0248514668156,1.4562612659891372,Male,1,1.5618855821200308
32.0,70817.6895551896,745.1070351738908,1.120177569314031,Male,1,1.1670095950544592
35.0,33209.13680381136,542.2987299151227,6.145124924982116,Male,1,1.197413880709905
34.0,42902.2534053933,722.3095887153481,8.573071236726232,Male,1,1.7879212677215899
47.0,76449.48200449353,715.0383691395842,6.3717725793714735,Female,1,0.5416268611397714
24.0,46140.25249116099,538.6191114985805,5.16039024363322,Female,0,0.3316312955392916
27.0,7773.144651412258,704.0456804789177,1.8397726990230359,Female,1,0.2410549654915647
45.0,46955.47485278172,545.0453540518192,6.2063931181425405,Male,0,1.1777227446981329
29.0,52024.092952448744,407.0707032326511,4.645404137589449,Male,1,1.6587254386534014
44.0,10743.303238531837,633.989758630795,0.2401424466968689,Male,1,1.384837724442692
52.0,70009.03459831922,675.7814705254989,11.908797301897458,Male,0,1.102328950303506
31.0,39294.31304201597,638.4929195116887,0.4166571874102509,Male,1,1.2278580655106581
42.0,54928.446727812734,936.7106817187974,3.492888537669119,Female,1,0.35633755694566593
23.0,46610.27681983907,687.8851229234974,3.598165816759355,Female,0,0.8186038967966669
43.0,30674.728711939377,664.71418192987,9.070245909800448,Female,0,0.6855003673583636
37.0,33942.3779804687,692.9591303314091,12.213116677618949,Male,1,1.8205203168584676
40.0,35973.7574535868,605.8680995599902,14.04010894158111,Male,0,1.3521522796144947
29.0,66285.07863775457,742.9479062093538,4.216039402767472,Female,1,-0.10330611450280103
18.0,47786.927178497725,686.1001946177101,5.682228613991359,Male,1,1.4169005165344541
40.0,42172.0172517238,681.517170389249,0.4634273800437899,Female,0,0.8382942464108727
14.0,35980.86631114653,587.5879777133061,3.3463331303783317,Male,0,1.110697986772131
32.0,67942.25332289189,493.5669673550907,11.406892956105914,Female,0,0.4934524342806335
44.0,71963.01908785381,599.8613910922709,3.041247396898936,Female,0,0.435602401689509
37.0,67771.1584806002,678.2633856259893,0.36067079781573175,Male,0,1.6050350498903223
54.0,57386.5600873125,605.5300520255054,1.1197265032494914,Female,0,0.7491143662721484
45.0,54347.45062806067,679.1727167067371,2.806271218667284,Male,0,1.5381510660055357
28.0,31760.932730361477,626.7638123143695,1.3559494619088939,Male,1,1.6002818652205282
35.0,46312.713099334134,693.0579484626523,2.490308693666488,Female,0,0.6964596138944024
35.0,39742.096949803454,552.3175874124686,2.0245403814164513,Female,0,0.43620137365371053
19.0,22617.318365229356,669.2890011885081,1.9204439868603753,Female,1,0.6966569467590747
26.0,65855.65128748049,585.9045853648603,0.4779564502231264,Male,0,1.2537512493349547
29.0,39562.550804115876,496.1717057869364,10.715728874356344,Male,0,1.2894503516729334
15.0,67939.12861152961,633.4845876971625,5.899755798806137,Female,0,0.45941446708615064
35.0,63226.196011400185,803.6317573818046,4.882618123987424,Male,1,1.3173665030074972
33.0,58350.76964950128,504.14235921540177,4.662982355299377,Female,0,0.38102266860028
18.0,59193.26107644776,661.93922503942,2.5250646240268915,Male,1,1.050115869093596
39.0,40770.291768894385,729.7577063264224,8.666942704697222,Female,0,0.6833713867362785
42.0,77867.75226935997,880.0030685144452,13.299157710192052,Female,1,0.44851406900511914
37.0,50646.88146429574,600.7067017553312,0.02816542534935989,Female,1,0.17843286512875883
32.0,54528.97527678056,586.7999395395688,0.41255383701690806,Female,0,0.9994104866315418
41.0,40263.85499650041,533.3307804060734,5.619275379890745,Male,0,1.8472002512617391
42.0,36032.5210883456,764.0516334846219,1.3463741351828156,Male,1,1.395228596291674
38.0,57159.440132141346,563.2585670760925,12.13535892092569,Male,0,1.745638118695747
27.0,53262.70243908178,612.940356822465,5.504269973817571,Male,1,1.2520148270608815
38.0,38159.71451146134,465.10621226287446,2.2966341891395206,Male,0,1.1694792272454981
47.0,28423.599218368938,738.3971842678526,2.6831314405027253,Female,1,0.6973789305566739
29.0,30951.153690086794,765.8258280778026,5.870169162187531,Male,1,1.905092971832274
56.0,67942.0057563666,734.5775063584365,0.7597228405900726,Female,1,-0.05731901954149554
30.0,40801.19278024892,489.46747186462824,10.745539495821145,Female,1,0.3015934828041539
35.0,44916.37181486249,710.7151040779306,0.02391559664502905,Male,1,1.1986871842141194
28.0,71755.10388138593,482.7329615275999,19.30354996584318,Male,0,1.759995667741705
37.0,33167.74157770378,655.804030206424,0.9174841179260295,Male,1,1.7494379817816539
18.0,39095.07761424415,670.5077579983797,6.77613704885383,Female,1,0.5155555674757341
30.0,38468.4975715896,681.0183218108265,0.20371783716182573,Male,1,0.804884413746228
24.0,74271.0272174906,703.4636532637469,2.8231445298278866,Female,0,0.9392610053431332
36.0,79900.75250873622,649.1966396440728,4.975502114796479,Male,1,1.6327596134849152
45.0,61273.44838103256,453.75704872714476,0.3640765040300284,Male,0,1.4960414439113088
41.0,61750.7708623136,703.5121008799532,2.9285857991280384,Male,0,1.524144212660196
11.0,41294.674957209034,659.7608141127748,1.805827938375132,Male,1,1.6048583189888528
55.0,79209.92730356424,559.7380208628766,3.4482027994069435,Female,0,0.5520947615131193
38.0,54015.44381537993,493.0602578863391,3.511711996198817,Female,0,0.5675090989993822
27.0,62796.6539667461,804.0022185924358,7.690975339832834,Female,1,0.6760367788221748
37.0,48417.12591843569,773.1300538290683,0.6591187057145977,Male,1,1.234530241477648
37.0,45979.51119008584,720.5957407307454,0.43171037446110505,Female,1,0.5085114443552545
28.0,74945.63389394176,582.3700088765297,2.5699049270952945,Male,0,1.6500194171513007
37.0,58095.855196074604,398.30044477884826,10.924895670697836,Male,0,1.16825576907276
29.0,71770.63191605572,726.4679175435235,9.664410112760336,Male,1,1.2545438824565094
31.0,53829.92257617567,686.6686773855075,4.104822184650773,Male,1,1.9741734189986282
28.0,37274.50195365364,612.5337690927823,10.980947419851027,Male,1,1.9765690041526887
21.0,41249.85600682268,762.4806306697876,8.18259656672969,Male,1,1.8573798748135086
36.0,51544.47863696916,734.799753396285,1.6282314665895719,Female,1,0.7951694292128211
41.0,40602.4967593501,667.609548823085,0.9322881756017387,Female,1,0.48384969765076796
40.0,33388.07887058464,653.5058417871114,1.791642272432851,Male,1,2.0887813075875843
43.0,68021.25547680537,655.0967717599681,1.288143683847117,Female,0,0.5940495453474525
38.0,41826.94893764732,717.9939872834746,4.873822307590869,Female,1,0.7635774315467778
30.0,52072.89121686981,564.2523653457012,4.3961684327402475,Female,0,0.07758669279739633
43.0,54442.00384828407,692.5983121785036,4.561959006121111,Female,0,0.573173322966916
21.0,41177.703120191465,557.9409055530409,1.0493078463347698,Male,1,1.5438961982311592
26.0,71761.9919946311,783.6555171752234,7.847787211678986,Male,1,1.5572383050140335
25.0,33242.873581930806,703.2128571575234,2.842503945577068,Male,1,1.4585750545694571
46.0,53924.378953711566,581.177173836107,3.1975763578044907,Female,0,0.8679758174427843
44.0,53691.76559564876,658.059582402975,28.982526271890073,Female,1,0.0005490746204460661
40.0,49186.18095703778,564.6213619971959,1.6583215678838572,Male,1,1.2141067479950105
46.0,30546.310800920262,800.4112837700795,2.5055152419890603,Female,1,0.7611070833867168
26.0,63062.26327795196,812.2875984471209,5.64221220072579,Male,1,1.1132013164006103
38.0,61152.66005501895,719.6223682562847,10.618556539293365,Female,0,0.6051332949925101
34.0,39866.47207113176,805.6656567654577,0.6778445157518148,Male,1,1.8585553645276454
43.0,60612.308108080426,665.17959488725,6.640991611895468,Female,1,0.4190227373577176
34.0,55623.615294511634,726.3512567174797,12.522314728059037,Male,1,1.3543779048629867
31.0,30790.817819583375,772.4724521909756,2.748911841843043,Male,1,1.5151897199196478
40.0,37191.06628142964,649.4256404484083,1.689454673021934,Female,0,0.6953900722461815
44.0,67074.2216733437,657.1103857317345,5.6619387603876925,Male,1,1.413526628847474
28.0,54641.242777130756,743.3656601428897,1.4123029821631963,Female,1,0.6631808508407742
34.0,41535.455812840606,714.6497965595993,2.4248939693890352,Male,1,1.6380230269724443
24.0,37122.86163241037,574.4539279798947,11.36092807982126,Female,0,0.40959687575644943
10.0,42269.09302826869,431.31706287285306,4.462047761439628,Female,0,0.2733753560403499
37.0,43332.80705183443,632.4471937402951,0.49897607909264863,Male,1,2.000312767452619
41.0,37310.554510561225,440.30858207748213,2.0001311143280076,Female,1,0.6142047640804065
38.0,23873.538314250465,550.8982663894452,4.934440052922213,Male,0,1.5374398558721487
16.0,67100.19929601178,562.5713042799616,3.284053471221036,Female,0,0.3990790846356579
31.0,64559.505089171646,593.1357689059873,5.399040750709129,Male,1,1.495683640321963
13.0,30901.168222897108,732.0438144163542,7.1657018532036485,Male,1,0.9988643075342756
49.0,52044.66943345501,753.767954073026,3.275550455417366,Female,0,0.5237115453859685
24.0,36466.4269592785,700.8740719807207,21.695481860511016,Male,1,1.2125833192216637
48.0,46076.49165160197,713.2506976061806,12.306373036464436,Male,1,0.924418867575585
44.0,44828.50130189515,715.6120456368647,0.30888452193512667,Male,1,1.4686351347839353
26.0,43582.486764231915,400.3170008779076,1.5491690203729378,Female,0,0.2630800053674419
24.0,80044.2062611443,651.0197682007116,1.7872584584300326,Male,0,1.8973516982946554
39.0,43395.114729857145,470.3541278829995,1.0184840829637207,Male,1,1.5734370545689493
27.0,37876.04262399613,700.9139475671541,1.8699521416423148,Male,1,1.777646562822687
36.0,38561.27855754428,440.6891852680303,2.7653667205393133,Male,1,1.778949700101789
30.0,65656.65434602633,631.95614646493,0.26463619006217154,Female,0,0.13049756103904508
17.0,25218.465024605975,704.7769776019587,0.6808184769487757,Female,1,0.2724074554332655
13.0,38560.6562534672,538.2242051683688,0.5059897270084983,Female,0,0.7617901292087746
37.0,71702.34260167301,746.171596051322,0.23711942029653693,Male,1,1.084488471433565
29.0,53659.7928199647,700.6622169951747,3.2840475228133075,Male,1,2.0983182155611084
29.0,52878.8300755417,688.082469583791,2.0308499065607006,Female,1,0.32067134985222806
42.0,81982.19690215553,719.8001587510532,13.701361223564266,Female,0,0.8057565254943905
47.0,53695.219294227485,614.0799912233344,0.5421624547391762,Female,0,1.057462651132108
32.0,39377.20757960626,665.1918863756808,13.02083904881831,Male,1,1.1968309679547195
32.0,45768.84414685477,651.0051572234199,0.4526092067809361,Female,1,0.8407117754149266
40.0,32968.51536454147,648.7451055383855,4.82763265080182,Male,1,1.7630342591351191
21.0,68839.05560023546,582.7968923352923,1.423302126986305,Female,0,0.5694478748178378
37.0,58618.425763050735,525.7467885277294,8.766704421945612,Female,0,0.22366975487906277
41.0,66866.21224956334,616.3141650710525,0.31722800384321287,Female,0,-0.30161628056927314
42.0,68194.75892824057,610.8052092805733,15.23598641548455,Male,0,1.4452739618230848
16.0,43786.83828608701,576.3269012483111,0.24205148338884705,Male,1,1.1915893027887148
27.0,35828.70721986666,735.2053781810024,1.3795137316077195,Male,1,1.518211197039197
26.0,49224.30333037931,532.7793382144387,3.1198290774907598,Male,1,1.5444074961582468
36.0,36908.58393817193,632.8490841108759,7.054121609301374,Male,1,1.761392707301426
40.0,52474.35313113537,766.6339711561252,15.09118994393776,Female,0,0.44011816985712504
50.0,66981.45321252034,740.9129352599552,2.7934523546921413,Male,1,0.9071041298508152
30.0,47477.90530926249,771.6293885097283,7.079853784024543,Male,1,1.2604436565554074
30.0,52249.926348616085,590.9219422625773,6.494395493344253,Male,1,1.5668825986645094
46.0,48592.3157566495,728.4288125727708,4.233460664446331,Female,0,0.4426689465997846
38.0,62040.91358656547,543.7029603021869,5.870762351350266,Female,0,0.4117332918118046
48.0,39983.26408567565,622.412604418346,0.19405073917790974,Female,1,0.4768983020932099
38.0,17053.30607535351,631.8244189219807,2.913196285904177,Male,1,1.0560541118557967
23.0,57063.03289063071,592.415978780199,7.7056425670402815,Female,0,0.752926171789001
22.0,64817.51631961991,613.8186011915475,3.2143729120540194,Male,0,1.9384810255695875
19.0,56695.613671378036,600.6624072502648,10.337746052097089,Female,0,0.31677336177922816
42.0,40396.54256797979,551.7606188898304,8.967942000456041,Female,1,0.26529622223513216
47.0,32974.81852720896,735.6413506005791,9.955176795739455,Female,1,0.5346940106980529
53.0,57417.46297670482,631.7549997125731,0.696291288590025,Male,0,1.6311965454901185
43.0,52122.1842940201,670.1436543917285,1.399502964672824,Male,1,1.4787583837883058
47.0,48113.110585125054,666.3776871192855,0.15022055696738523,Female,1,0.6146200920993727
29.0,77336.95014490686,655.4726425110022,20.314440777678197,Female,1,0.2823638412870493
23.0,35797.998587280024,659.2804546056428,1.346841584593879,Male,1,1.100825647684716
44.0,76625.55531691198,619.4582779968979,2.2871615777435372,Male,1,1.1360962787773294
39.0,50476.7585730596,791.8396868514862,1.6074108858733485,Male,1,1.2363015761724012
36.0,22466.44284693688,726.0744761635359,0.2030352071081877,Male,1,1.5316447712305055
39.0,47311.96018521288,651.838203277102,1.514032762162136,Female,0,0.3623409117563424
38.0,64392.44114899162,605.2945564033937,0.5167885364667881,Female,0,1.0542440361133758
48.0,44524.17450792544,638.1179157270919,2.506712706524212,Male,1,1.4689463951318877
48.0,27878.321881424075,691.7621516371746,17.0296606149182,Female,0,0.22432862883594618
40.0,47532.28202305745,799.9940092536312,5.9909871044252725,Male,1,1.2079392488563023
43.0,37142.414391624414,512.6952455334956,6.136220629696384,Male,0,1.3095791480514507
40.0,57377.216016319435,715.9774758641778,3.018140806843795,Male,1,1.5018739367138019
30.0,61600.99724101417,762.6723636778635,8.338090405748034,Male,1,1.5454025035011927
43.0,34155.94388377841,501.3281530094768,11.945301264372052,Female,0,0.5943817981867354
21.0,39412.93917326526,631.8849123268725,16.291983706286526,Male,1,1.2733757918028077
46.0,61349.636976604066,543.5482026916961,0.5211958493743641,Male,0,1.4967111774196333
23.0,37117.33582551561,693.0529611677034,10.58650666622917,Male,1,0.8778034921409589
38.0,33767.627962580074,614.1649067644448,1.2749960094873893,Female,1,0.30252501637845086
27.0,32319.63302305618,636.9860933119875,2.531404018876922,Female,1,0.42209847964181846
41.0,55280.57919437181,608.8944192721526,2.1192442520366104,Female,1,0.1790543899400489
35.0,54637.365792761964,722.0163432768269,5.621651500335442,Male,1,1.4343854369418818
19.0,39739.309544314376,672.9032960598138,4.555577485586902,Male,1,1.0985816736100817
39.0,50076.28094192351,673.0926764039656,0.5776428150237536,Male,1,2.013909836244319
29.0,72906.98576232695,666.0621825081454,7.635204419009901,Male,0,1.0627148832551965
44.0,35389.09764622668,707.2490880452137,2.8959274228886214,Male,1,1.9533717298389157
35.0,20723.860864843256,623.8028145143677,0.011121576428744914,Male,1,0.8984309270688188
39.0,56826.133635805556,820.0774787540927,2.676473377842621,Male,1,2.101532703474489
25.0,48343.98254147617,526.5205248781481,3.6317784044683155,Female,1,0.5393674831840081
29.0,39349.62369777348,477.4081551830351,0.35680704204471364,Female,0,0.8494582347708672
30.0,59781.20356032362,469.13194313914266,0.8192771075933547,Female,0,0.28319296662840704
44.0,62588.37717003185,442.04118807075645,25.235592550951736,Male,0,1.403198485300768
52.0,16875.82970179861,717.3169814820252,10.247293836829384,Male,1,1.4227670241775943
27.0,40211.03136002767,705.1367699282641,0.7154700991658229,Male,1,1.4697700856282623
46.0,84762.74346795282,770.7776491775595,4.341187525599388,Female,1,0.6030979857041576
13.0,58751.07373697286,544.3361785294478,2.3840802838716884,Male,1,1.7073954185509321
23.0,60141.554574457245,724.54614547455,3.9234667613941108,Male,1,1.45028358433414
25.0,67593.41417947218,655.6824062149306,3.1794429090520193,Male,0,1.7997301557898895
21.0,50256.03237799589,666.6586499155859,0.2467334513916593,Male,1,1.8549429822897976
19.0,61950.262401374304,712.5622895349608,1.8947511086610989,Male,1,1.3296159290714171
39.0,60770.93065755804,574.3718248937556,0.6706326028365973,Female,1,0.14064040837554953
33.0,58085.62245129138,908.7249135404488,3.3566162451337678,Male,1,2.14850857567753
39.0,45169.82044073893,783.1880304275354,11.89283594616098,Male,1,1.4280456699827508
42.0,52580.883835493885,596.8294046004639,27.05493662220708,Male,0,1.307108743420985
38.0,41174.57653539833,540.9261942276652,14.434664551004985,Male,0,1.4536477003546342
42.0,50192.214568497424,641.2095838195308,21.236473556058368,Male,1,1.8223386445266272
34.0,32472.636618510995,668.2258443582042,0.07681867932022943,Male,1,1.7155142528514147
23.0,38140.64013090571,756.5615259708311,6.536435933788724,Female,0,0.11764302283328071
46.0,45765.319371126054,533.1279088431675,1.5937919575776904,Male,0,1.6834766400953063
29.0,35844.41852854886,678.5486943199166,10.035343133620675,Male,1,1.5750853016516244
26.0,42424.74093882235,497.0984975585211,8.40288392353053,Male,1,1.457335149861324
33.0,47541.11034866726,693.6357593411119,2.755414026988266,Female,1,0.5542994558247448
26.0,56033.93516996566,639.2495779541949,3.205247462398825,Female,0,0.4801239296687566
31.0,64238.85952779364,843.6679762285763,1.5400475363259556,Female,0,0.6101797333407274
38.0,43043.23442932838,495.3997455780323,1.704036350119714,Female,0,1.0796428838344878
38.0,70026.56925902936,787.0608381490105,19.862694370920757,Male,1,1.4851394616550941
26.0,64079.1661793824,479.61686648337815,10.984503139225465,Female,0,0.4070196417944234
30.0,57561.40747915913,517.2789725593495,1.0651553519201744,Male,0,1.3412140507977464
46.0,52304.736939449285,482.29054415278347,1.6115378986344693,Male,1,1.4224802057238726
40.0,54786.81262802812,675.0352608451054,0.575079300079404,Female,0,0.8261030637984899
56.0,67805.76725999573,532.6301189246267,22.490907323744477,Female,0,0.4080011285337535
47.0,68353.6948963891,515.1668494719462,11.887073963912817,Male,1,1.5819721668842635
46.0,70024.20092575465,670.2767601623381,4.015903957220401,Female,0,0.03921515918190677
21.0,50619.90247815505,695.177538587469,5.902796981944976,Male,1,1.0262309737849895
43.0,58324.5074749792,653.9849304150326,6.890578282274113,Male,1,1.0396793797170867
34.0,70153.19759933077,633.7780850978447,1.1395948491091579,Male,0,1.266502326610912
29.0,40644.25947625411,832.8909632437178,13.641239337914017,Male,1,1.4000791691841308
37.0,45223.74719422544,664.583626624197,3.7405804637736857,Female,1,0.32302254660080404
44.0,50240.549945202176,730.569147392225,0.48504156032795886,Female,0,0.552796443477821
40.0,63493.9810696911,664.2922125689959,2.52987543194313,Male,0,1.1298998983174897
26.0,63727.58226077934,540.2123711745315,4.60207808986508,Female,0,0.679772888551404
42.0,46537.03833203097,704.9887681902017,2.1756787370964856,Female,1,0.46929743503747706
29.0,27370.85818430435,584.4202688530207,6.006622034672214,Female,0,0.46432743290897915
37.0,53692.75916443951,640.9013861960764,10.68747153511901,Male,1,1.1948893431922971
32.0,36225.25794007398,680.5402681893426,7.38968311623823,Female,1,0.8054440942183607
33.0,27650.956930396664,455.8581933113357,5.145310144116828,Male,0,1.0002683151278493
43.0,31041.92658899425,489.04978761082714,3.5888131651057487,Female,1,0.12336868164052928
25.0,54895.71511768341,740.9459172497563,1.4682558324186306,Female,1,0.5527656330067934
54.0,70415.5604139921,583.6253553401056,3.034353546880374,Male,0,1.5106690279382708
17.0,50583.41774354366,588.3678010891139,1.7332900294060511,Male,1,1.2061464254383008
29.0,53170.70981968947,666.643839737082,13.592274293277281,Male,1,0.8563951382537472
39.0,67743.42408316888,611.4327402878131,11.892535847484169,Female,1,0.796889569658779
41.0,26833.176363746687,691.7588381642789,0.8469854927734042,Male,1,1.9788321296498639
34.0,57802.646324004076,644.8878211266956,8.647311010211373,Female,0,0.41881238083418343
34.0,49826.15323521768,669.8602950180449,6.068679825537535,Female,0,0.6381671041612474
39.0,58490.86188248101,579.8141609757747,18.48692170386752,Male,1,1.5017087141253143
33.0,42747.74137394276,669.3594823280928,3.111641193708667,Female,0,0.7258330650544907
49.0,37730.940643602764,760.5089086835444,6.4038079869469735,Male,1,2.113007074498224
43.0,52107.63356428408,593.2251783885802,3.647851821585771,Male,0,1.4056426527602206
44.0,74737.86985001693,741.5318300272152,0.3596313665259451,Male,0,1.5508312693718895
25.0,62913.65156812194,644.843968167735,0.23946776734285982,Female,1,0.7035319351565585
34.0,42384.608447298626,723.4481655977938,0.65117810756085,Female,1,0.4589340808573503
32.0,29885.419460280802,662.877131835311,1.7562417858835166,Female,0,0.3531223418947276
25.0,24768.990744533217,646.6589079902074,1.4995365237943312,Male,1,2.17325128536005
39.0,69741.49177775721,684.9729682076367,6.515774611696889,Male,1,1.9558342179690287
30.0,35673.76567796258,771.3597562302249,6.292545088446063,Female,1,0.5499576404349271
42.0,45117.29880507595,673.6097294215076,17.770795316779733,Male,1,1.6854471403549407
24.0,69818.16689116365,697.8530830908397,1.8581512777414702,Female,0,0.055496923735245396
52.0,25791.478167815127,613.1515086423299,13.93969641005789,Male,1,1.5450256592961034
26.0,72383.96764212588,807.0886473995026,4.744723114731338,Male,1,1.6259974853902222
37.0,46195.39319161247,714.0337110929672,3.419041727617842,Male,1,1.2274175637419995
43.0,32771.25027141892,657.7708460025007,5.51071323247011,Female,0,0.6855007905765275
29.0,46289.7360927663,637.7346327745325,6.066000418243424,Male,0,1.5672363693910156
44.0,39161.04827897783,747.7908269273111,0.9432820716599642,Male,1,1.5424822745964426
23.0,56612.29698358574,589.379592295474,6.965900135708748,Male,1,1.2399921869743924
50.0,40278.013491683334,471.7124983728667,6.458063065814353,Male,0,1.8509227389969418
35.0,21325.366836214354,657.2399599424456,30.02231115868733,Female,1,0.5585646740065615
29.0,46691.56198386516,769.0004573114344,12.149126195239043,Male,1,1.3424479500709026
32.0,29651.824215701916,809.1308811184674,5.770522959428677,Male,1,1.1741929839533984
43.0,53064.7982598248,639.270605656612,6.230292448319577,Male,0,1.4515413479230705
29.0,32193.045015750136,654.3587663941784,14.592526138499906,Male,1,1.149087239032437
28.0,42679.80795241871,701.9530432515955,17.083322869344993,Male,1,1.6037494162633303
33.0,52738.81706321504,623.5650581136235,8.771312662749358,Male,0,1.7323127018045983
23.0,46813.11912448596,701.6405948391149,7.292036449791243,Female,0,0.11890763153978828
53.0,53756.45424501567,641.4598248931732,0.5903481400277515,Male,0,1.5708320298504679
29.0,60204.30748576635,751.1368257190179,8.869269420914849,Female,0,0.6911946875080887
43.0,32630.99450403041,722.2980513097824,1.4597604029111864,Female,1,0.39968277075212166
37.0,49034.03689062938,731.0227832302432,4.148092120363411,Female,0,0.4421709230830482
25.0,57.44303737806331,629.4682355197912,2.599100350963179,Male,1,1.501653936327154
35.0,53709.99952523786,842.5927320502261,2.1202382499316688,Female,0,0.7468500538157197
43.0,45487.78804437737,698.3911942379473,1.857130340058431,Female,1,0.6366945133432507
33.0,35248.253547830434,674.7294053486831,9.669856332927623,Male,1,1.2693738362286224
47.0,54735.79133444786,573.9057019433028,7.329635045620223,Female,0,0.5118725843751845
45.0,67590.46365777601,640.2928179851447,3.705900058183829,Male,0,1.4785315579479519
44.0,42859.73378601585,661.4379760702636,5.460375918835356,Male,0,1.679648894362087
30.0,35827.782646374195,571.23227035757,20.8436006543319,Female,0,-0.06826778682916479
24.0,52475.37893658067,620.7682854230912,2.5336296598084873,Female,1,0.5236970804557387
29.0,29965.90000030459,633.4199981896991,4.0047824159153835,Female,1,0.7591652960542015
37.0,40094.279441966915,655.5920660923218,3.812740454000708,Female,1,0.2773141113605811
40.0,68336.03242475753,473.7293009958396,13.742203252486602,Male,0,1.4236893332945693
13.0,50932.688447184315,636.4729459295736,2.165947645325376,Male,1,1.5242140844809298
35.0,21807.995540807504,612.2653816920068,21.435309924698377,Female,1,0.4853038484108183
37.0,23045.125290808985,647.91158503751,1.8170421982847194,Male,1,1.215594531240447
32.0,52431.28538970163,753.5276566180256,0.5765325974755154,Male,1,1.6518141324933813
48.0,62935.85863876531,855.2395492121206,1.0620910278409947,Male,1,1.5746760477044481
39.0,25735.678120607747,717.8377199644627,2.777557850171241,Male,1,1.1974573027442381
48.0,56745.689112447624,526.5577827933664,5.24562540649511,Male,0,1.450446821743415
33.0,69955.15261234579,615.4593048167466,3.63688413740996,Male,0,1.4672926443738585
44.0,78317.88481937959,709.5963308831091,2.3602540290078706,Male,1,1.7242674569675789
51.0,54968.34139789814,698.3290496429023,4.1280616029609885,Male,1,1.851937583230125
48.0,57602.038918287115,748.7325735453074,9.125741923110557,Male,1,1.4974908667567988
24.0,18002.23358557784,640.2649005709404,9.129613029868285,Male,1,0.9957893805044655
32.0,81496.28821993983,613.6499755634494,6.477296136749553,Female,0,0.37793616559932897
32.0,41367.64680355818,825.242400391604,15.229705333059556,Female,1,0.6781588223092866
40.0,35997.93262362438,655.8670603369637,4.460487163964022,Male,1,1.7153714022739268
42.0,46171.90798340563,548.3325623978885,0.038435539530255074,Female,1,0.3847073033321027
27.0,72675.10121278148,797.513365703292,1.719002544364615,Male,1,1.6203110715150797
36.0,83120.69071315322,500.3904508605555,1.9891419943857216,Male,1,1.7400759297749226
15.0,51881.130192137665,300.49547775113945,3.9629161506939896,Male,0,1.533901328363179
49.0,64971.26258905483,726.9386758037574,11.763578022982326,Female,0,0.7651932136235823
30.0,50648.06073028256,741.0700971024631,9.104344235860758,Male,1,1.1602997343493235
36.0,34433.06790472724,691.4012941944691,1.3209540624597624,Male,1,1.378791029165862
32.0,72151.15506182436,519.7543916007951,3.6634981974921947,Female,0,0.9481355103979898
46.0,40668.087794654166,644.113014475768,5.381543888728576,Female,0,0.7095011705569618
7.0,73032.96160057824,622.1831426446129,21.914751558119583,Male,0,1.3358590596328006
35.0,69478.11994653626,596.2710989107611,0.1590161150583254,Female,0,0.7134079270736319
34.0,59210.543959358125,791.2069430809279,3.1169612873967183,Male,1,1.3000269632236339
30.0,77434.62134381529,545.3333941368311,22.159721854811913,Female,0,0.3220283136744966
52.0,83485.19049778607,681.61044531064,18.90624515484191,Male,0,1.6557025322508772
26.0,47371.34955553533,769.4046983662574,2.0078125477913833,Male,1,1.488748892019134
43.0,37868.08822375353,688.1441525319037,8.368198993736892e-05,Female,0,0.6368114025453642
39.0,22035.952441152916,774.1118372495374,4.418326204929917,Female,0,0.6970819449169492
48.0,83670.23383145384,706.3714722428929,10.084732439735081,Female,0,0.48291905109066824
28.0,43404.76986622326,692.9349670492029,1.9600099018180637,Male,1,1.720749523608221
28.0,67025.55285652609,686.6834868832148,13.610996508482259,Female,0,1.1248117346889384
46.0,38881.16948735775,711.344326665015,2.0225960563827625,Female,0,0.3827239878358895
39.0,73073.98461368053,611.446090258774,4.710624390980069,Male,1,1.8456422804268715
20.0,39498.2361227688,519.8126148127213,6.401499549477845,Female,0,0.13554417686857645
30.0,32124.212995739854,745.4043411463309,2.118774999219266,Male,1,2.0751144289762036
39.0,46872.403535693746,766.1742300505766,2.1709158522018006,Male,1,1.4603690155929396
43.0,42023.36448557544,675.1978810906044,3.174342585849592,Male,1,1.8474021750714567
28.0,58944.496781918184,595.162438036563,9.015824162206528,Male,1,1.392488423614515
6.0,49229.07609211215,494.2282883470362,0.5315313001222199,Male,1,1.4291700397012945
40.0,59415.53591827882,658.5807099923388,4.991293134937139,Male,1,1.6482082138320682
23.0,45634.67790372059,515.1049655282029,5.655903584297034,Female,1,1.1221647884009964
15.0,40023.38943471792,501.1012497362075,4.080787825021349,Male,1,0.8942844532604628
7.0,41246.5917815589,647.9268471984308,13.731750906599478,Female,1,0.4652754484540365
43.0,80674.0819704654,573.6230498811985,4.6063997484232395,Male,0,1.1101322444493253
36.0,53377.563983404034,684.5309556164771,5.033495055549987,Male,1,0.8233172826873166
33.0,20243.566858204333,634.0704397438126,4.578454907737216,Male,1,1.7227575222572498
49.0,42196.864798188784,589.336543377739,6.40100851642485,Male,0,1.2626690128397018
41.0,51452.99048713814,479.5084919271034,0.7274959849641942,Male,1,1.3968961492157526
51.0,77680.99521875568,564.7111874169642,11.234632071288477,Male,0,1.5417561491734797
21.0,65430.48073834849,568.3863509948909,0.21710770060184909,Male,1,1.6513562080256794
35.0,36174.23245277128,527.4692326485037,5.11859970755072,Female,0,0.7787228062631515
19.0,86275.33630358677,617.0955704757615,4.778809500583873,Male,1,1.560626172188498
33.0,49532.59452797784,535.2748008825348,1.1667341876701958,Male,0,1.6408404965985928
33.0,68694.94716612417,633.6257252708784,0.20781433242884112,Male,0,1.3500832072929667
41.0,32674.87253900146,674.0411213668656,0.7473480817163447,Male,1,1.286191290599752
35.0,14027.553571236538,567.3830045610822,1.5850192912514303,Male,1,0.8048998056230761
41.0,28873.527644474587,692.5408629418584,10.689833692918338,Male,1,1.6914927722936548
42.0,1244.997857064409,513.8642128752297,9.680496314174597,Male,1,1.2943295335758003
57.0,81681.33990879363,538.7822601603709,0.32992756704955767,Female,0,0.943313351886301
32.0,53217.99378329624,638.6782702375231,1.707299327157147,Female,1,0.6256515327397836
26.0,36130.33972327953,718.7041091888639,11.005390910921008,Male,1,1.7850257497672524
37.0,56789.36044970182,736.7399541489267,1.350252323737988,Male,1,1.7117220383641902
27.0,52840.01054270249,811.2390622157559,27.56412138236761,Female,0,0.7924329452162386
50.0,59314.00093420987,612.341112518249,1.4842208884831503,Female,0,1.1555830015644206
32.0,68142.97101704402,637.2498681321696,6.718344497206194,Female,1,0.7708245325028396
29.0,45651.18270462477,546.7324470982013,2.6983479809507482,Male,1,1.5524898984450322
30.0,36802.4104084852,524.6233668008977,0.7323279829554434,Female,1,0.585789805533165
42.0,62416.62821557876,672.8572086327525,1.4728930840520622,Female,1,0.6092087525282506
33.0,62034.99166826699,572.4128500553758,5.621467361348945,Female,0,0.1988641913626789
29.0,51511.037121820176,773.237920001729,2.0553268167994223,Female,1,0.6755096899564365
52.0,82663.3128302116,503.7614268132609,4.63332454776954,Female,0,0.10682375036538178
26.0,43432.66815707522,698.6353205824696,1.1504068292523084,Male,1,1.545425100618779
35.0,36502.130425470976,549.426076118297,2.9763013639779907,Female,1,0.3585146809732458
42.0,56271.37141259902,567.9551533227916,3.589718240628602,Female,0,0.7597214260331817
19.0,39875.93214629753,703.911206525203,2.6618175669686375,Female,1,0.6142032022554169
40.0,57432.74786217343,582.4119563892092,1.1027223551985839,Female,0,0.39475966894034364
24.0,37504.8761624084,598.42159324801,3.0953359153358306,Male,0,1.5296203748807902
43.0,43996.36575602172,568.7841636448431,5.902918384012555,Male,0,1.4827243485223331
25.0,78362.60630058747,828.5029791613442,16.748577477980856,Male,1,1.7362970326463991
42.0,43916.18964878481,588.251368891999,7.791861706218846,Female,1,1.0219481735692546
46.0,38017.22683974056,655.1552217432763,0.8805274721281614,Male,1,1.2378083258691632
44.0,67560.1818305975,629.8086399718926,1.5920938760468357,Male,0,0.9193234532208016
38.0,34234.37074569959,672.1417061724261,0.4105202542839467,Male,1,1.2154598793983284
33.0,39605.85154779398,588.5263053034065,0.7288847460577336,Male,0,1.2868253318517002
29.0,58648.416807634916,629.9182765458349,1.4429655357124305,Male,0,1.6656132274449829
50.0,64076.171358099375,689.3952008993936,1.112764668179741,Female,0,0.3184698700158992
28.0,68307.14586621612,563.6992861997009,1.2017617012351112,Male,1,1.4860295274020905
25.0,38791.67251669273,758.9321356628154,1.3118277941970158,Female,1,0.38347097964738863
42.0,58940.1300947918,768.5480519041632,1.7882248983823281,Female,0,0.4280351893885734
27.0,43008.377006837305,710.6492626158739,0.6710070487608566,Male,1,1.4644603808810717
25.0,40915.16549734052,656.9876383596484,1.6275080596778455,Male,1,1.4300571615757711
21.0,68048.19173438428,350.9398551795464,5.830364611617771,Female,0,0.3593449629340616
30.0,41756.68406210621,692.4291132654463,1.3485624824449722,Male,1,1.595638172031319
34.0,54173.0689403147,610.8669594771136,0.942735039741043,Male,1,1.8412189302650739
37.0,52333.69203845958,625.3725588582461,0.3504798743974039,Female,0,0.34627554751307354
45.0,33938.68435492246,460.26226694771833,3.4654507729001702,Female,0,0.1076580289562738
40.0,64491.39283034481,699.3588485874193,9.225254673328966,Male,1,1.3435285254199558
33.0,58404.2134051843,505.14189531730455,0.30414913699943047,Female,0,-0.07781545521048039
33.0,20205.640821943685,661.8424545991394,3.907990991091623,Male,1,1.5402619427471465
40.0,54161.316668560146,740.4657481909841,5.25796009808989,Male,1,1.5509855922152422
48.0,38405.398487500686,603.0671818682448,4.488101284667574,Male,1,1.4875960530311676
36.0,66456.12959618942,771.605172522844,10.50325249245656,Male,1,2.051712160447991
30.0,28319.00244828863,575.300962179282,10.064359680777828,Male,1,1.6200495117960254
25.0,44652.84547055684,710.0433076731001,0.2950761731825141,Male,1,1.1650796805289148
21.0,55430.36826482699,519.5214248541472,2.2388157167638196,Male,1,1.6896953891773592
42.0,50815.10441212813,753.1130434680523,5.555902147028879,Female,0,-0.003613039883507807
41.0,61444.37385070957,737.599038257929,15.229305493367304,Female,0,0.4964638712685584
41.0,27223.670209860662,696.835792296373,8.165702984934226,Male,1,1.4479544223435235
34.0,74778.71505301067,610.6715863386189,0.9715009381223888,Male,0,1.4144117688288427
49.0,57877.16988182407,509.7999376571888,1.6370291689442051,Male,0,1.580979686507317
30.0,70395.77319501343,610.9359684780543,7.211020180943438,Female,0,0.79382060174558
45.0,63113.60253849863,761.0307175748122,3.188324410660069,Female,1,0.43436737512646323
35.0,49825.848283174346,662.9961871569116,3.962655094522864,Male,1,1.5267157985644488
29.0,30737.02683633259,494.696307048755,4.694980547623723,Male,0,1.5702940445233287
41.0,41546.702281269485,537.5272360580059,0.5451223081755321,Female,1,0.8652837151970805
39.0,73843.44999293867,775.315140085228,9.688391787219734,Male,1,1.3795673831942012
39.0,70781.56672484573,698.7912752127886,9.943780721362002,Female,0,0.5941886515759399
36.0,40706.00029844465,526.5999879260072,3.157809869531418,Female,0,0.7991859870557815
35.0,7725.435706967321,473.41685038254064,4.928809908033989,Female,0,0.551097568527944
59.0,46809.65398542322,587.4957865399933,5.392638506007032,Male,1,2.0348780282379706
47.0,45684.45667806325,464.86412920100804,1.0518930098173924,Female,0,0.058216833690815595
42.0,46253.41081939425,634.4165509993,0.5972117178560605,Male,1,1.7650118961465482
36.0,57928.08802747102,895.1625371836303,0.10444811597022825,Female,0,0.9523858620280086
45.0,63143.18868982495,490.3043924300828,12.20244884549434,Female,0,0.009194731210646123
40.0,64854.49320649286,631.3974336793785,2.1210481374170094,Male,0,1.386966587396877
35.0,56685.6371020305,781.1926575331252,0.4486987599882581,Male,1,1.4323080560541288
32.0,22988.439471160462,724.9087858300095,3.1349246902769083,Male,1,1.010961390796613
34.0,44882.00400960057,635.1259285200862,0.3931878406816838,Male,1,1.6283549848380872
3.0,84561.34675323786,635.3651329831803,0.4455264902392735,Female,0,-0.018262722060508607
37.0,55613.25102203718,534.4090217575421,3.3558067077398253,Female,0,0.7041789268330343
30.0,55517.29352665798,623.2344229994446,3.5548926895399453,Male,1,1.6420277938803727
51.0,55392.28909660787,674.344071424013,4.339206525506425,Male,1,1.5612298435997352
35.0,56230.69433758985,760.511354327409,5.340097484656029,Male,1,1.8881018837277015
23.0,14253.317283711149,587.9824376485244,5.517129831921893,Male,1,1.1766105911716154
35.0,46407.13524633397,631.0164871936538,2.8369506660531707,Female,1,0.15340964816403757
25.0,49431.607523079656,555.0786519243318,5.157568871238423,Male,0,1.8003335463591792
40.0,69222.43098880118,672.5325179540505,1.8173452600845132,Female,0,0.31448164709225357
38.0,50715.09341933444,728.3779450308963,2.910786418609729,Female,1,0.7672315160905914
45.0,25302.329200970882,712.9648013429895,2.498827140354452,Female,1,0.713068733267053
27.0,56451.337342576284,532.9812924557644,1.995750458459245,Male,1,1.5002285777062232
35.0,37942.63027635882,664.6863209456415,1.3627905949867074,Female,1,0.605497621782643
21.0,31748.215383778734,582.2687471749812,0.40854005386982445,Female,0,0.6179347629675822
42.0,37487.61429925129,751.1050015652834,3.525192795775542,Female,1,0.35777793485642384
40.0,58137.56344496773,633.8687277226462,3.853254255487572,Male,1,1.5247804942272478
40.0,68881.41859640102,498.0486661758915,2.0485332846240425,Male,1,1.6736684171115195
35.0,57243.9491776638,628.0197294392267,18.616084062755704,Female,0,0.36298762574612586
39.0,59480.34835425532,695.8472569198881,4.070489756926529,Male,1,1.7832587706012197
51.0,57095.67909257002,674.4006063142799,10.991599235812162,Male,1,1.7727062274816698
32.0,51519.90765290702,598.8203986348019,4.22084242106797,Male,1,1.3155174060265762
36.0,60453.959524441365,591.4726610128854,1.0530857574558847,Male,0,1.4546320151869374
24.0,13718.367993958695,551.2495601783684,18.369469424099755,Male,1,1.655552922153547
26.0,51666.325269572495,610.5250379664694,10.828702681964732,Male,0,1.6447323274563919
36.0,34326.12448066623,564.4321033474198,3.18642165769805,Male,0,1.6784146844958983
46.0,67443.53858816209,747.0085986177314,1.3923425188798095,Male,1,0.969376886397111
32.0,47792.67042174709,559.8862609268384,1.2594490734793815,Female,1,0.45613423004071846
33.0,50464.22132401745,662.2284462362201,8.200012100670529,Male,1,0.9890068668971844
31.0,27423.921886192948,655.4303903326332,0.35811706012353106,Female,1,0.26100927315291667
30.0,65252.46333519277,744.5667447884912,5.081389402769442,Male,0,1.5585949500692413
38.0,59409.92180410714,758.9368288958372,5.110130526993112,Female,1,0.352020175564401
20.0,58354.218235107546,719.5969943281328,1.0072438932207075,Male,1,1.9256164776738036
48.0,37804.65721746767,685.292834329013,6.10241455300538,Male,1,1.1487643576528863
28.0,38395.40232592805,545.1353853905943,6.110790617174919,Female,1,0.8345381613703426
42.0,53353.99181668858,543.1129912261742,2.1541520279571107,Male,0,0.9092146525356768
22.0,39582.52384627923,565.4309180235051,3.3021988642164626,Male,1,1.5394801138569838
42.0,56523.394440160075,725.1920999627915,8.941733032843672,Male,1,1.4375740398015986
42.0,17586.31095849917,657.3329928250636,3.7028008387714104,Male,1,1.128000652887871
39.0,42686.831653901114,736.8657240735563,4.8137300704438095,Female,1,0.5955454181762067
25.0,76951.30198139737,750.2802734320082,2.6616905893914473,Female,0,0.39806049180890196
37.0,56592.287419936474,577.4048099700752,0.8102369044415019,Male,0,1.5216258849968525
23.0,52501.90496796489,653.2074327557187,31.24245764982124,Male,1,1.8415474019491138
32.0,79778.39803507035,648.700632131641,3.7914856592620256,Male,1,1.472269790030281
45.0,14960.695717978466,617.2212310375785,2.05072868656512,Male,1,1.7141246342560565
43.0,37770.33327817839,596.5157145475289,6.255100645493059,Male,1,1.7589299245675305
35.0,43982.402423789164,768.4755503411056,4.848744558911493,Female,1,0.15594434302287985
25.0,62875.26849508085,655.1971726715501,1.325744511822447,Male,1,1.629738362188742
41.0,63134.84544842355,651.3144788559767,10.474827055073137,Female,0,1.2253523865622817
35.0,37009.89936526061,569.7222325131404,0.36771032189380404,Male,1,1.1927710409682732
12.0,64969.31483213825,717.5212430413504,4.653194022597503,Female,1,0.4135134559970689
43.0,43950.27849017439,549.4892499161986,3.249370480274731,Female,0,0.5502789570256553
35.0,68174.5943847375,695.4905528844682,1.9150829638540299,Male,0,1.4154257490746829
47.0,34510.35952816914,698.2229360055162,8.754435073799591,Female,0,0.9428669804510121
24.0,48150.326014007594,608.7484950676431,5.339596973359883,Male,0,1.6738441473660952
3.0,42647.4902693516,681.765208118318,7.12516548726688,Male,1,1.780450778868073
38.0,65840.4555734857,668.5669559044487,2.677801279617812,Male,1,1.1486816685984667
38.0,42158.281751507435,646.0639375189851,14.271018706634207,Male,1,1.4995366996934427
18.0,49363.27206482366,651.2943980145233,2.113489385403825,Male,0,1.9555275742964708
25.0,57602.17096494573,656.1781823193521,3.7862415143785357,Male,1,1.2265796757824212
63.0,58178.87724539179,662.9911672672048,13.564066016916597,Male,1,2.012152609404638
32.0,63304.28911209758,656.0242031343706,0.43426944451551536,Male,0,1.402856400724741
42.0,53166.87165267,539.6135809787859,0.5759906062048946,Female,1,0.8320598734728999
28.0,43726.26627080253,634.7789048994396,25.738951641047862,Female,1,0.1564147619478074
14.0,44754.518819618745,676.4948601196872,17.770197057967163,Male,1,1.0925520469551673
33.0,50385.08472811418,659.7288728539291,7.385508796806704,Female,1,1.2914562621991479
32.0,53743.88714111575,745.3750259395139,3.310067280954832,Female,1,0.6702950260674853
31.0,47792.425282273456,712.0086589499455,3.5267147237916987,Male,1,2.2021756157876857
34.0,50288.05131448321,562.9590464946864,1.4867289037443259,Male,0,2.281776166135008
38.0,27241.19209141842,633.3372891945605,2.8346086232597663,Female,0,-0.05233823003880267
33.0,60010.329266820176,618.8663346552812,2.8224452714926356,Female,1,0.25460132239918126
22.0,52716.68433334145,649.5651513372816,0.18378684680615417,Female,0,0.7740361417019901
40.0,65028.05620311633,649.70186001613,3.0179787348777856,Male,1,1.8344082537995352
16.0,50002.407611106275,711.1521669239849,3.2676558865422507,Female,0,0.44902056452917327
14.0,23924.036322173208,667.7328363141144,5.479826588392177,Male,1,1.4288415872037623
42.0,44623.307160399876,773.0545005208551,3.6330329091754865,Female,0,0.20693186000595276
40.0,47001.05115322375,674.100313766236,9.891033188841112,Female,1,0.11526652282511418
34.0,61143.54958150398,566.9409479662723,2.290864052879775,Male,1,1.3168480334383899
21.0,18945.896832299073,603.2719379831781,2.6357709881474007,Female,0,0.3887651912134705
28.0,50617.69275423402,710.3789070731758,4.237118667531997,Female,1,0.5683422188293558
32.0,57705.12823689959,488.5831735494314,1.1327638085632863,Male,0,1.250256506040758
19.0,40077.681720777204,515.4119585239955,2.500236970510696,Male,0,1.1924368506457104
28.0,51119.42014725271,651.069720712523,5.7944789244411465,Female,1,0.7066795779080917
42.0,40594.45236275233,745.0922118521166,2.653515553156225,Female,1,1.3837417318649772
49.0,39056.406001694144,780.7035431954878,11.855203580371587,Female,1,0.5357934165344521
31.0,43873.70224803024,628.2894252978228,4.776464116860219,Male,1,1.1593412747405858
43.0,39339.62011299484,756.0828686985884,0.8348071488596045,Male,1,1.1316338737219582
16.0,60254.27467904499,657.2267909768898,3.3417298545942975,Male,0,1.1269369236957103
42.0,38975.721847469336,496.8585017756769,7.236143498378045,Female,1,0.7046085898321655
27.0,36456.34989428109,649.192346352163,5.1549340725059976,Female,0,0.21234322462322908
38.0,76518.930002593,588.109187537845,10.82558863059921,Female,0,0.39285016100338027
33.0,64411.10017736053,741.823088047774,6.93112974775241,Female,1,0.5749689842531719
48.0,22077.299590111998,647.4324739645514,0.3179682922241384,Male,1,1.9681632638885977
26.0,38528.475652212,522.2086893443529,0.5968050519842334,Male,1,1.5505426255769905
41.0,53636.944575840665,500.02851890914405,5.245521893143668,Female,0,-0.07493178878305551
32.0,54856.3260084724,647.9020042585549,1.3617212264319523,Female,0,0.7436529377471222
33.0,27642.6070139466,407.97825285402945,4.431656440753523,Male,0,1.4869969516037125
33.0,67378.48239233483,598.18347101721,7.856319313391623,Male,1,2.018288803576791
27.0,62378.36628772439,673.1030325742842,4.301106910301519,Male,1,0.980282596404567
35.0,57228.524480605076,544.2983495944642,2.6848947154830514,Male,0,1.8346847606204588
34.0,70350.92736068182,749.398715690533,5.196111241230707,Male,1,0.9770870448286336
37.0,56784.34988856377,769.1006549750692,0.7752021359440514,Male,1,1.7434991389428278
36.0,56728.71318877771,548.3299047248048,6.422444705722755,Female,0,-0.028401577649667775
43.0,73365.18907733363,620.1955825803514,5.9705268022291245,Male,0,2.047759022036969
44.0,66518.29371091563,749.4693151321471,3.6118848436713495,Female,1,0.7160731579849549
24.0,37377.38811632703,649.8692465744911,1.6342874985770794,Male,1,1.6720465260659445
44.0,59497.927680078734,510.55214219009804,7.986652188797895,Male,0,1.2174604909138786
23.0,40035.98202562127,635.6678931435647,3.5723679340148324,Male,1,2.041586545361767
41.0,57562.318264254165,564.707167770416,0.30500077397901976,Male,1,2.3445204467032976
41.0,57149.202605297214,760.8197896425886,12.542671086901585,Male,1,2.1034348280772384
16.0,29247.99031316021,710.5932094324589,7.298981985706111,Male,1,1.199069074251952
36.0,48172.31583033447,618.6243054734372,4.395036726434957,Male,0,1.4430376956094328
30.0,53978.855353706036,664.214801253004,2.8708289142016694,Male,1,1.1434337823116982
27.0,43455.647135087645,519.1878423027514,16.08185707282782,Male,1,1.3171438177134065
49.0,54720.64913586139,574.6222541442388,7.45873161069139,Male,1,1.5850560059655165
28.0,62088.46665501603,805.3279187692493,3.828514822226765,Female,0,0.7278865261399878
27.0,49541.104036538665,655.3514652579668,5.294370496911091,Female,0,0.34484336233924334
36.0,53368.99215062389,743.0085804791365,1.6477341754525123,Male,1,0.9837619562478703
42.0,70751.36117833963,673.2013088408029,1.0890138358099946,Female,1,0.6996827830409549
34.0,57097.94874837839,781.4281843029524,1.5963422022358937,Male,1,1.6552716642436858
47.0,53012.36434511711,450.11624674007805,1.7345856706904503,Male,0,1.7845969230444627
40.0,35628.80930537959,631.1782415980994,6.730340972612464,Male,1,1.6284503182534382
13.0,60065.39017083273,814.4781646216389,0.7544693491705712,Female,1,1.38557414105675
30.0,54952.24924087908,745.6173435560644,7.5161008601398605,Male,1,1.4285607129067879
29.0,69256.09150552112,782.5372258790192,3.7053394044059322,Male,1,1.581560458632311
40.0,50703.17814954967,649.3235406343509,2.427195563770554,Male,1,2.2753814803984502
9.0,22756.002497990063,596.2893584586617,1.7862048747609611,Male,1,1.8620785984650507
60.0,24498.18696757607,547.2835540312071,3.599515798743276,Female,0,0.21872031046634577
40.0,61035.211456396,540.307190833849,1.9100990188075995,Female,0,0.34369381492028434
36.0,41447.0960345277,730.7060562208519,2.805789816137037,Male,1,1.5227582693490835
47.0,56551.51626665746,701.3211050420852,6.716467272669072,Female,1,0.5953302328885004
58.0,51713.489667535345,643.342655066964,4.917477439337132,Female,1,0.912240281894181
44.0,47497.40498459119,700.819065485168,6.891281296429003,Female,0,0.2387599247554622
44.0,48554.58071617665,664.2451759052061,6.24090696853475,Male,1,1.4611615768407265
36.0,37019.1574243216,746.2217701399484,8.438956932494678,Male,1,1.0889693028924194
34.0,49763.33466650494,745.268675490817,1.1262911765827173,Female,0,0.8996815582660531
30.0,41232.59850808402,543.4125899515158,26.616124471288867,Female,0,0.3528600696863011
27.0,44416.152198114425,677.364598746979,3.229128089113835,Male,1,1.6809242361196552
28.0,45145.26432936259,483.11332498059176,6.333372854755953,Male,1,1.4297142700658938
21.0,46599.60095151921,663.3020738090596,5.662140714927667,Male,1,1.4867519796469342
34.0,63832.601847606296,710.4304279701586,4.175283108900891,Male,1,1.544071674177016
18.0,48053.1375619296,518.6280655206839,27.382699008203954,Male,1,1.8284692948578338
37.0,65355.53504885148,608.3537264539168,1.225130241638414,Male,1,1.8109339428009856
35.0,73067.82426989722,650.9526377219802,2.738562162722392,Male,0,1.069586467169823
36.0,62824.16976584224,673.391491637339,0.6832845554365572,Male,1,1.236530796101476
30.0,58017.02802602766,622.1396296775165,1.0034591405427997,Male,0,1.6303351555476504
66.0,54902.48314225281,532.7711847595328,6.240739285214509,Male,0,1.0984526121844878
49.0,62980.38063575105,644.5992798080741,0.024272212630991958,Male,0,1.7755910173607334
23.0,51340.411078943594,484.7756433059022,11.028228994116763,Male,0,1.417391731359547
37.0,64768.547689357976,626.7358563317855,5.014481182596251,Male,0,1.7121552490865022
29.0,59211.58707934526,605.8626386303071,2.9071798500541663,Male,0,1.5102629337271105
25.0,44602.39308829418,636.5734326560579,2.012555681263119,Female,0,0.7207387640600963
22.0,63437.76320154209,594.0678022524318,0.6749425462313708,Female,0,0.4285775665982218
39.0,51372.20008966353,499.23191618438,12.727271259287214,Male,0,1.335765328469016
28.0,48408.01988581526,613.3656679410487,6.229573048753307,Male,1,1.4654113101443424
45.0,42857.01259401519,743.0820125037319,2.050325852899552,Male,1,1.4554591551872853
45.0,52490.282718118586,776.1460803988805,0.36788922200778174,Female,1,0.5537114763930227
49.0,64946.93923119475,893.9334278719266,1.9702735120375927,Male,1,1.3071806609303747
26.0,63334.10008389556,819.1650408397663,1.0205927417971856,Female,1,0.8217576040043775
40.0,55300.90696188435,530.3062073331896,7.715286224309668,Female,0,0.7675674314314552
41.0,58994.65461087553,609.1562398727341,6.357667166174208,Female,0,0.5272598321051911
30.0,69075.45187283837,647.7214365162223,3.4473759262005634,Female,0,0.5842774977349852
27.0,47750.50563243708,641.44401657663,10.850819842677542,Female,0,0.679581465805698
51.0,33268.6999470469,656.9533329896226,0.9964069547026715,Male,1,1.0878924804699055
37.0,69516.94778267859,890.7591421547559,3.0070859685106797,Female,1,0.2546901523180156
41.0,42053.32621953922,541.7948454207602,6.200078130357855,Male,1,1.7219412147053619
27.0,39644.92814984143,578.6468863785701,0.3510520783157475,Male,0,0.9164885005519323
23.0,23057.03366998173,814.3825930089092,2.331471473862533,Male,1,1.7099362905232214
29.0,58569.24579746445,588.4018656915148,4.2392460872416535,Female,0,0.619370982298497
34.0,25678.21063171668,689.3580650335716,2.284872698234834,Female,1,0.37307722746323735
24.0,38746.11788462395,753.4657369868208,3.2715460616126113,Male,1,1.7666707620864726
35.0,58823.55191772588,698.649901673203,4.683976982134327,Female,1,0.5708965596489302
18.0,60828.81878612558,669.1765633102492,2.2974206816204346,Male,1,1.4703854727429038
24.0,40224.437776726496,743.8610769693984,0.5603278100818938,Male,1,1.7064644972532488
42.0,47987.70009511392,560.693144349503,0.7508858246830998,Male,1,1.3909457805326941
41.0,36911.082103907705,600.3636870503999,3.7433414140879546,Male,1,1.2630543897504496
31.0,41774.04818283226,703.5637588465164,0.9602841092064531,Male,1,1.8779840042693778
25.0,53993.2289022936,443.0560740785749,11.02881991899757,Female,0,0.5555897593233928
25.0,42475.299818053136,791.6583823344693,8.984433508960532,Male,1,1.306932030794995
31.0,46336.77439736496,680.3392375197781,2.146474495664454,Male,1,1.3398696324947192
41.0,28029.399775736496,665.303175278115,8.888903307921424,Male,1,1.7673968158045141
44.0,66994.34247209206,486.9487122358943,3.809141542588677,Female,0,0.36143232686529936
30.0,57650.99889756599,521.3390874600262,0.8661208902008208,Female,0,0.5211962949369274
23.0,61893.58057755802,610.1416335699138,4.7623345307518115,Female,0,0.6775427975902826
38.0,69356.37986925294,730.7429850295599,5.688602469329184,Male,1,1.4140078241582381
27.0,37621.80686681425,442.33839878014146,0.4381027859846931,Male,1,1.793575933148963
30.0,44624.08275457964,728.8364800777356,1.8876917556756743,Male,1,1.2092812274813545
48.0,21577.484486266836,613.9968675891633,0.026992667533293074,Male,1,1.3236224566454482
43.0,97106.34365153356,627.6576527258349,1.902122317192062,Female,0,0.6760463069471063
37.0,47756.220270239355,675.3592941690806,2.043190681102807,Male,1,0.9605432985911174
22.0,65580.91849872368,676.9317237846411,4.974081442651109,Female,1,0.7005491314516133
37.0,31427.582834968118,578.7571410063402,1.109741826974948,Female,1,0.02456324278847799
46.0,64945.826384645145,712.4910088468843,0.15276506317287872,Male,0,1.7594398470944266
31.0,77863.86314974498,418.0601860103561,1.896315981463956,Male,1,1.485111128113335
49.0,49095.78876458028,604.9581113432346,8.732579254805511,Male,1,1.5061882831141589
48.0,34836.77755115598,665.3681763176904,2.5470099011195177,Male,1,1.9475431299613672
52.0,47918.05398581696,615.5050684785525,2.6815186745635486,Female,0,0.07800194619518425
38.0,16598.577125641605,467.3089696034018,3.1652258325991585,Male,0,1.4716229792139337
41.0,49431.69948467237,725.8027378760471,6.967377032292841,Female,1,0.4903055064559077
49.0,62314.50708969493,525.1612187872947,3.2698716925562947,Male,0,1.7571881907650377
39.0,49463.63533439729,643.248599247171,0.478606460449309,Male,1,1.8391686097854703
30.0,45737.90667966549,665.3034597067623,1.1558773524545154,Female,1,0.6215688851902283
31.0,57913.521741680495,651.9827153765367,1.0406427573916734,Male,0,1.675081986702096
37.0,59060.37270424329,766.9010925863815,3.5449939647504545,Male,1,1.3931647353223209
22.0,25101.416562422262,644.6737440006314,0.15193246850408462,Male,1,0.9990228536711597
34.0,51332.344434181825,692.745540469694,1.66769896179816,Male,1,2.081480694732151
46.0,86539.77686343866,644.4095966848759,4.672209116833801,Female,1,0.44564013019129045
13.0,29974.756315279643,711.2956084166275,2.189817602346456,Female,1,0.5490259703077635
50.0,48718.717507504,789.3495297047523,6.150081017076951,Male,1,1.5572068425158212
46.0,79126.19183077554,663.7541829472194,2.4815026022414703,Male,1,1.4337662070191324
30.0,66562.62734815513,728.1850357582999,19.37785955762522,Male,1,1.5198666740956814
40.0,42299.04978835908,795.5328934882198,16.813195072468496,Male,1,1.3798877222779709
35.0,53092.03069433906,785.7184246974272,8.043209008686445,Male,1,1.7074571273750871
47.0,49968.32480022765,611.471059638879,15.438199329318065,Male,1,1.1597814934983437
45.0,38778.92293517499,753.6432355745168,1.145671309316417,Female,0,0.5145512568491261
21.0,48886.21838760377,674.8771160047193,6.949969295083322,Female,1,0.47159098270877653
41.0,45800.50800790206,761.7229997733914,1.940523135356886,Male,1,0.907943207589798
33.0,51691.234071151244,706.863458356295,6.460275025721759,Male,1,1.592559445849465
36.0,38774.2522896345,677.5668076036188,2.341173666391058,Male,1,1.3356634596283112
28.0,30850.726996330082,693.3972080346355,1.708373347399064,Male,1,1.9846069196907763
52.0,49380.78839911444,675.5237956038932,15.945989908471736,Female,1,0.4683406727915834
45.0,75726.7732726817,679.433304513651,1.1778866679920943,Male,0,1.2638888547831684
28.0,51233.04389394195,634.1167639418092,7.10584940936606,Male,1,1.9356106665387274
22.0,45026.09331602682,624.8275659392483,5.614609382379236,Male,1,1.5065332937391933
31.0,61311.28707557748,826.3174929372669,1.8082769274970563,Female,1,0.4393215058531718
39.0,47625.205811069325,697.7527911111184,3.065611757467578,Male,0,1.7661865723130605
37.0,78020.49387438665,592.66950777686,0.7712548171693757,Female,0,0.36687767694164014
48.0,49941.31236057382,622.2582568570357,12.704757403010507,Male,1,1.9341859184442394
43.0,60507.45594737245,755.6258453447952,17.22885099732828,Female,0,1.0025187031330771
45.0,38680.934264100906,576.381328991138,6.592487615671741,Male,1,1.3076207799114936
38.0,57546.33880004994,501.7972318188989,9.466315289755988,Female,1,0.5812157568865137
21.0,54126.40215415631,509.1550859397955,0.4311534860950835,Female,0,0.5314875603071368
33.0,49152.40813011188,477.10243997952125,2.4222868593513778,Male,0,1.592317268884921
46.0,42473.6335824542,520.1185141735542,2.0084445960786654,Male,0,1.4466668486585386
34.0,40429.547515214384,531.913406019919,4.161489553436153,Male,0,1.5938111569799143
40.0,54235.28995969479,788.5237379608138,1.0127557795541613,Female,0,0.920425051800116
32.0,59434.0866454471,645.3820787340732,4.143475260297716,Female,0,0.22398371129410238
25.0,48092.55805558803,613.6736460863283,5.311865158639693,Female,0,0.45064024845522144
34.0,54309.01893681189,505.65869369814266,0.7098521746820003,Female,0,0.14403126531255572
38.0,49431.27982800845,635.687360252866,0.7062092604840569,Male,1,1.3194570789339197
28.0,51477.89037358082,476.2671937435807,0.18033009935884908,Male,0,1.6411014715821848
33.0,46993.32525984162,613.0582828713635,7.154209133491754,Male,1,1.3400779634646196
26.0,50269.58869052462,856.4494389843675,2.0099198976572317,Male,1,1.9878280674086957
46.0,90470.6068522614,716.3803578706365,1.2771746019480794,Male,0,1.515479614986271
32.0,54674.51448211137,629.020183964547,7.527515952203418,Female,1,0.834872344070171
50.0,59679.45437646564,719.8123605406356,0.7730787986564109,Female,0,0.3186468886078563
50.0,56570.35407992145,597.8456821872431,2.7859486530703825,Female,0,0.9400983797281721
34.0,46057.74765054411,569.9322257120812,6.828277584782503,Male,1,1.268100065014209
25.0,69409.83819937502,820.4129629532843,4.264611947368438,Male,1,1.487407306402221
14.0,45632.54344360488,535.7725346079726,4.037183243470076,Male,0,1.3604873500846733
20.0,65825.81823413828,614.5878764322649,0.856690941407346,Male,1,2.0605873260708436
21.0,44986.895029003266,680.603328236351,0.9979452955320124,Male,0,1.143417348100904
49.0,35600.41221283939,556.3765794242552,4.368057841718635,Male,0,2.121075778355709
36.0,55480.94312354289,715.060495363141,0.11924500569136928,Male,1,1.0877117642963725
39.0,33429.9746584684,619.3405475357747,10.167295203730667,Female,1,0.6308200225298519
13.0,58034.603375249135,716.3910327566857,2.1575374360456987,Male,0,1.3134462479650164
23.0,32087.62015863025,708.5984179750518,2.6945500967957763,Male,1,1.576459450629965
44.0,45214.8795429072,625.698786937417,1.4949443349627263,Female,0,0.8918660298503409
38.0,28524.054552128877,821.0658672590985,10.464502513144701,Female,1,0.4827383185543046
34.0,92362.50514104095,583.4664196566558,5.143156546885197,Male,0,1.5243168604120039
41.0,25190.606605755285,784.8870470548737,2.9883529733281984,Male,1,1.374868397540294
51.0,50147.20610594607,767.4933242628041,4.401105608239303,Female,1,0.3756005048916498
33.0,67149.5641149502,827.0882207660441,2.3931605061781975,Male,1,1.1983550120067243
36.0,65545.78862880539,667.4056039343021,3.1328893482787983,Female,0,0.9906048062793529
37.0,62770.13183259706,571.141428807201,2.2129711594330628,Male,0,1.7592347167550004
59.0,45241.57417667787,857.6796585329547,2.6438855781474495,Male,1,1.4675271030234676
14.0,70266.33419505502,616.5298532023636,1.8915109949208357,Male,1,1.1031550791170825
42.0,63700.86636203274,568.6457427294464,0.4041042217578026,Male,0,2.019692596558044
34.0,53184.494264907145,631.0213254095187,0.19030757286668254,Female,0,0.5919573425011461
41.0,53608.71136589888,551.8309283842923,0.9564454516158161,Female,0,-0.20597700845318034
28.0,45441.16028576941,702.6148825123346,1.449340592743481,Female,0,-0.019836897353784355
35.0,36355.21961250443,589.4331618241488,11.057868909116895,Male,1,0.9973004497055888
42.0,68557.26463218074,621.2515830095128,4.7240767723043415,Female,0,0.25034281703139594
66.0,69683.11990402298,746.7778861664963,15.885931388781637,Female,0,0.18812888951534035
43.0,36738.36288455118,712.3693210176192,2.074902633728705,Male,1,1.7472267906488546
27.0,47693.222522807126,651.5584572569659,2.568632501216581,Male,0,1.1990810435630046
31.0,47848.651753116064,667.0873528746982,6.360423669599702,Male,1,0.9032775065454816
30.0,49510.16144389535,651.2255430631542,4.312589741714021,Male,1,1.9092060117883984
17.0,50964.423178813726,606.8844933582635,3.752611293395267,Female,0,0.6307426101552429
32.0,64202.921924692695,649.7473339152212,4.284970740655195,Male,1,1.382571065698887
42.0,38791.74037269884,699.0841625492943,4.386976707639681,Male,1,1.8494952327806629
22.0,37304.7951273101,637.383787102116,7.2566274008494736,Male,1,1.3228867407872082
45.0,68549.29613214463,691.9767630230274,5.5143370540922785,Male,1,1.7286958456203743
40.0,43060.328871780526,566.3331221576952,15.769450536119333,Male,1,1.5071167650938027
28.0,31054.469696344007,589.6106348854295,14.779003109774532,Male,1,1.5740873389682741
34.0,42723.05086850195,576.5679496726025,2.740239705759086,Male,1,1.9887799149503107
51.0,45049.20897133999,593.4868628207594,0.1818813814727857,Male,1,1.3533248322577873
42.0,73324.44091588647,778.7181046706091,0.05568282095364696,Male,0,1.3259067735007222
35.0,63872.39318565106,722.603879311036,0.6573442050954494,Female,0,0.5521209138319073
33.0,67212.80924948363,542.3076881315654,0.3892531375536272,Male,0,1.1391339838204617
36.0,62299.60463520179,693.7498296408455,2.336963594967999,Male,0,1.7809273051037897
30.0,64193.65507422971,610.941768735143,0.2716188761082592,Female,0,0.1113056794595137
14.0,39678.76810129523,581.7615414528434,4.9030002115741,Male,0,1.4971928840714226
55.0,47020.96766969773,501.4260534277493,1.0546807413648809,Male,1,1.222767226965085
37.0,35151.270304646765,747.1918693820244,3.607376483298946,Male,1,0.6764438934297811
39.0,46842.6795419445,513.6136850332862,0.5439362490182578,Female,0,0.3507277001612141
34.0,60261.57486402112,644.8036821990125,8.793434214100541,Male,1,1.4306626002924263
28.0,52018.749272183704,555.3688754275131,7.569703027816503,Male,1,0.9302578907863175
33.0,69672.21228440444,727.5843947069925,2.44277092733013,Male,1,2.2483500663678155
19.0,32878.76311659171,616.564817368605,12.07280009666449,Male,1,1.6246552079902299
58.0,57503.5752604736,636.5537344479656,1.0271361202821696,Female,0,0.675032255646759
23.0,31275.45797196023,639.9265737069967,8.408341843012133,Male,1,1.4550001482311656
25.0,51412.647037604635,680.2570334935783,3.9466985257228284,Male,1,1.7212610592138389
31.0,61105.00133834718,651.3004763983309,1.9992549959912918,Male,1,1.4097363736413762
48.0,46782.46149763671,645.6726811038884,0.4406651285627591,Female,0,0.6709710156038232
35.0,58266.89906130434,598.1598024745222,0.9395524877851225,Female,1,0.6461281362946097
23.0,35604.01497750599,492.5270626657907,9.93385987543694,Male,1,1.829399226596847
48.0,25044.650327054256,538.1449040458144,4.668279120565294,Female,0,0.75271419549871
42.0,58355.44433731705,721.8479738680645,1.353112479516469,Male,1,2.106742203337272
40.0,76160.15351113598,619.4180536673703,3.4244357184888,Female,0,0.4386747155181675
42.0,35059.32589745162,583.599022227752,0.5705302879341233,Male,1,1.3482641141943636
59.0,68332.91270160193,509.4271855581955,0.520376108169769,Female,0,0.6300643802582311
57.0,50651.35113224616,478.0352859909648,11.917059170053683,Male,0,1.5902640149475376
28.0,29964.62717460386,579.6793119871802,3.061120818634211,Female,0,0.8040316869743759
51.0,33027.42047971756,738.8052854045258,2.243693917961403,Female,0,0.5156710174945638
39.0,50236.77160040975,594.2929806377681,14.886695022552455,Female,0,0.8190560756331894
40.0,43933.06568113845,690.0485525241447,2.545807367888166,Female,0,-0.13335431922479501
18.0,30306.305348626414,589.6940170602043,2.049189233450167,Male,1,1.6992207222461957
33.0,24589.410781618924,713.8866696028849,1.5940488991919557,Male,1,1.6441207505420734
27.0,37299.21008110241,614.8249198191331,4.162768369164704,Male,1,1.2006457114190188
43.0,52907.13512496677,526.8115754449503,4.086873852192581,Female,0,0.8167624943731324
46.0,49903.98871095293,623.1046932100556,0.08163367366456284,Female,0,0.5752707478210001
14.0,42481.43063749882,833.4000418280407,5.307483235967379,Male,1,1.3715406364284015
35.0,53028.30791437224,828.9884315550855,7.763093268628358,Male,1,1.0660043755799482
46.0,65600.40079794031,698.6533302779364,4.7851019661819345,Male,0,1.3948219339583239
33.0,55911.89765651222,636.2941184586298,10.196803618922686,Female,1,0.2763078159209877
42.0,48180.36992915629,680.3901802095083,1.6176956816281274,Female,0,0.7459067699533497
39.0,63921.08009991033,681.6852338733289,1.0658386458155205,Male,0,1.250171559922257
38.0,35602.24546675557,646.0113247632898,5.974703481481979,Female,1,0.11203738755885156
32.0,46626.20690666973,694.0944019922617,1.044718627436669,Female,0,0.2697023938863915
23.0,46983.68096599448,670.8226862153564,0.4776278515599211,Male,0,1.1195212704045319
24.0,31445.70112335732,618.4027614635686,0.5080326785498833,Male,1,1.2682695820310521
42.0,43701.887565734636,530.4743200616357,7.313577193988157,Male,0,1.4960429402584443
35.0,18875.604786570453,603.9940757779834,0.1457915158507637,Male,1,1.2272364515777379
34.0,78682.67071494431,729.9518849073597,1.7086269855730252,Female,1,0.87038155119439
31.0,35938.793173455306,646.8537775504635,0.6916367167015212,Male,1,2.248735023335702
32.0,73791.71197131967,680.0286891587505,7.030651939579044,Male,1,1.0478325793012024
45.0,50571.26758579239,621.6984472295587,3.5007893462773976,Male,0,1.9273973049709427
32.0,58472.96198233938,544.0402494989376,1.150163727669238,Male,1,1.602499613602924
22.0,42668.00302473603,626.1370285128177,6.939696539542015,Female,1,0.521155925995506
42.0,53118.94537942512,547.7544099250649,6.938807366777934,Male,0,1.7035769602095086
33.0,59757.34459982654,541.3710826396449,3.7014313367613054,Female,1,1.1963855999440858
35.0,59968.28621591273,770.563660886941,1.613782158368004,Male,1,1.861601180517008
51.0,61621.600851115356,607.9913995065783,4.412794255710716,Male,0,1.698148094752214
35.0,44475.00934941236,575.8515274539966,13.555030383571188,Female,0,0.3835040380959667
38.0,42794.60491262967,811.7959684380905,0.265086464550625,Male,1,1.40806704989837
23.0,26087.355120985947,731.4985035404242,1.55270578682472,Male,1,1.8506752707060414
33.0,57848.28516765405,612.8490774498161,1.6771482692465358,Female,1,0.7451769656345925
41.0,66235.68066985164,692.7636325552369,4.995803439965528,Male,0,1.0799449509726073
19.0,74239.72519876895,626.4211681739297,5.265772591830993,Male,0,0.9312382129460575
37.0,54577.58951870762,580.73203207204,1.1553455974996039,Male,0,1.1292001299764909
36.0,38502.80340637146,697.4691224485005,1.217372901048149,Female,1,0.4924603928629755
35.0,24543.55785065817,617.5698114679797,13.170237415736889,Male,1,1.391033109095184
45.0,65625.00099625025,657.5498008999404,7.059062333767173,Male,0,1.2683978207202735
38.0,23055.851498336968,752.1363234899671,13.610976251265715,Female,1,0.5697557040657368
50.0,44890.9388338435,741.1213103795377,8.849881908830111,Male,1,1.7488330547957434
25.0,46635.39758084531,594.9906708143924,2.5718091795344145,Female,0,0.28520460563720257
36.0,48958.17293223471,698.6031602287086,0.6500174683239447,Male,1,1.548601281093927
36.0,50537.0390005376,537.2143753854244,4.965188924002928,Male,0,1.3200613583008776
24.0,52072.21334551363,695.0414161315705,2.1692539495636023,Male,1,1.3828341850233234
45.0,13769.551068822053,664.8495305801106,2.770510001872596,Male,1,1.4603009851870037
58.0,50219.838648051904,687.8979362363431,2.774581970282099,Male,1,1.2316075078354034
35.0,16556.36638832184,620.2555245355767,13.785122117103274,Male,1,1.4668447567901983
40.0,60983.27109636492,858.4071273652489,0.35674117585758824,Male,1,1.2159662636129012
36.0,41673.12266294582,559.8700292379685,1.072800978845753,Male,1,1.6097419440096108
28.0,17644.449121649744,747.1551710968462,4.681738563017647,Female,1,0.655775405747965
17.0,37786.92983921936,546.8301680231668,10.760408104475637,Male,0,1.8351632700497975
28.0,41448.86991223019,700.4344174629321,12.501684543610963,Male,1,1.5781431692513337
21.0,67860.49426332506,707.5789977251783,4.09007167045159,Female,0,0.4625050742703147
52.0,52949.566126253674,655.4975871562285,0.17586292738715728,Female,0,0.3251732154354516
34.0,55166.6741652587,600.4675589456295,2.25399440784313,Female,1,0.5009468517298696
32.0,67718.32451330902,664.1134890745299,12.556250590074729,Female,1,0.9284787604419542
44.0,48557.83568113266,676.7010333430175,3.4651767937921036,Female,1,0.5443612462458525
24.0,61312.81941548605,828.9936486306283,6.484339632020019,Female,1,0.560442591020162
27.0,60257.91670897988,562.7659714699704,1.5680322565123428,Female,0,0.9272972036293886
36.0,30702.957596458815,594.4086503685999,0.12662478536155913,Male,1,1.6834281923870293
45.0,72094.75366444745,678.4735557069337,4.318019256355703,Female,0,0.6301197174698971
40.0,28695.47329893958,624.3946209604749,9.008473435400665,Male,1,2.344045327996868
37.0,63760.499742167725,639.99589622694,23.16203732363983,Male,1,1.3560213052284673
36.0,27243.90444641551,757.035183536376,9.374415595431161,Male,1,1.4789035056982665
39.0,59018.5518222751,367.9733496570765,4.037118432531852,Male,0,1.3299436374952334
37.0,77928.72317225259,590.2050654982189,4.691756288736398,Male,0,1.7333468681221187
25.0,46805.32015174683,475.763077374875,8.6910188164514,Male,0,1.435862404702121
35.0,46154.66535720281,530.4183563095929,0.10004779734666788,Male,0,1.2062182226125078
24.0,59156.599989752736,890.462449207247,15.145860851574316,Male,1,0.9499561261632823
36.0,45059.05316056185,709.8168133952756,3.7881218069421614,Female,1,0.8670310731096932
30.0,77274.18055614232,745.1564925058104,15.188216438571441,Male,1,1.6949429645069178
60.0,52882.88374188043,641.9470350213569,7.230607544858825,Male,0,1.6028164534195513
35.0,45197.45737668911,725.8713824831909,0.8262466719305805,Male,1,1.4354269480539918
21.0,41895.717081564755,473.3435492479751,0.9031737890358071,Female,0,0.3065460530541647
34.0,36005.772947404694,753.8298411769601,2.1820395028106763,Female,1,0.19469359976552564
40.0,40583.675198637655,568.01558814401,1.5325444292096804,Female,0,0.9335128215350559
52.0,44739.89909512105,596.8684180674087,2.892835315403972,Male,1,1.837358841618108
29.0,42685.4138975213,700.5151070454652,4.6304917343603735,Male,1,1.4702858228999973
19.0,40127.37088794344,681.6446758582215,2.868645185321885,Female,1,0.842680431439817
43.0,81482.61845528659,658.4620048393549,0.2903737338208225,Male,1,1.611256428726361
21.0,34548.57385265765,513.6903846419682,18.57234344868808,Male,1,1.9175222931360298
31.0,52199.488814692624,659.9813668821641,2.767988340265542,Male,1,1.8530224814083784
32.0,58887.81514641308,746.0561353483229,9.521562422434144,Female,1,0.06901345285203903
34.0,59451.61993375599,596.7512903900206,0.384158425725098,Male,0,1.387880540633811
42.0,49120.89386326292,781.4937045340296,8.305363686648095,Female,1,0.9061832331621412
28.0,46389.461422290355,562.730806408599,0.9521999375367716,Male,1,1.707623003006628
32.0,56773.2123685926,650.6547891718374,5.6878822844118995,Female,0,0.19350224976412916
35.0,53997.82474967301,803.5327733376613,5.420688212017366,Male,1,2.011565705060888
36.0,46115.6174784873,581.860008730039,12.029001682908515,Male,0,1.7529397040189048
36.0,26571.821424133537,755.3985483377073,1.933290472168176,Female,0,0.8425862344400471
39.0,42981.144165001286,847.4652362221809,0.5768284484898222,Male,1,1.8692676733248281
43.0,32801.747544388134,667.104406892415,9.996347427610122,Female,0,0.2695505064886167
39.0,39992.6067490051,597.2983012616693,2.014174323468349,Female,1,0.7211265693095641
40.0,50498.34857775439,572.7261197049977,1.32330412662197,Male,1,1.4199222999048562
19.0,55381.04215994924,780.4602703347325,3.329689779049652,Male,1,1.665796710257312
36.0,76706.7912693861,777.669419933965,0.789914927095834,Female,0,0.6716306941445757
40.0,41938.90431644279,794.9309122868675,1.761731295936493,Female,0,0.14144731904851987
42.0,61619.38452912726,646.7161649344052,2.432947154357625,Female,0,0.11662468101485485
28.0,54589.40036656755,753.7806941527105,1.6234961110472559,Male,1,1.413583536216061
28.0,69439.96505959684,645.116060887393,2.9915446581517813,Female,0,0.8152380492037804
29.0,58643.43079393439,561.6944878391641,2.4278257994377266,Male,1,1.3086897384611995
40.0,34872.77859070525,762.4176785112353,7.449194435884862,Male,1,1.886533767804571
45.0,24154.30956063153,813.3870278278205,12.530161787638342,Male,1,1.070139400208083
31.0,54668.925495012576,547.939802721868,0.5319341926676017,Female,0,0.49563698581788784
44.0,42073.235031494136,546.0569037099331,8.666581469490598,Male,0,1.160793263564631
36.0,35295.293810741045,653.9981934230125,13.424443143824302,Male,1,1.896451147309105
34.0,30986.334432003834,745.6128605741,5.8015844811721085,Male,1,1.6283402183901778
33.0,52414.632463807335,536.6180806246047,28.161510137726843,Male,1,1.078593038259662
42.0,72615.61548970047,672.7015736955906,2.040164507835594,Female,0,0.3782165669277653
38.0,43869.91481440938,590.9573045940248,8.868908458759346,Male,1,1.291240704915747
58.0,58854.054666129836,720.0829099825003,5.599728757032331,Male,0,1.5680632766812135
26.0,48466.004746736115,570.211317850411,1.953587851944104,Female,0,0.6722848742685895
40.0,30659.268663449107,727.180300027418,6.09841928737319,Female,1,0.30138796868803686
30.0,61022.17015265626,634.1785189182292,3.562892142516963,Female,0,0.13842905267955713
26.0,33579.61933958943,556.2859476318957,1.0472751577330737,Female,0,1.0191203641041073
35.0,50324.39945890347,656.3689955426888,0.9550742656321811,Male,1,1.1754064768668446
36.0,44877.19377492042,456.2026685511647,6.248318698752755,Male,0,1.613776113478288
64.0,63396.16151848537,594.090542789506,6.222766888507506,Female,0,0.37150187738341817
33.0,34127.7351129397,683.7401070324662,3.783351204184246,Male,1,1.4446801103031284
24.0,55863.048617029395,472.8245220968105,3.479912654624901,Female,0,0.28236621910638515
38.0,37403.03888976949,392.88631468945886,0.9924891240469523,Female,0,0.8276558455878171
14.0,42333.42181506822,416.0632680186833,2.804336429950281,Female,0,0.5758863071795618
34.0,-4528.0034131015345,782.712855550037,10.255145953894402,Female,1,0.6905924460537598
35.0,81381.47857426864,642.324098723727,9.645713275727953,Male,0,0.9503887748475252
43.0,58258.35399239348,596.7534605992813,5.407579862536739,Female,0,0.7560054557876835
45.0,38489.78771092753,744.515473566683,29.678594040390685,Female,1,0.38800898120335103
30.0,33130.16467500509,609.5550317530889,11.182973133272192,Female,0,0.5698538659174716
33.0,42565.26870680989,676.8461899866732,0.7846167380830332,Male,1,1.9252994443903857
27.0,60753.19302229177,652.5755350923263,2.5469366521438292,Male,1,1.7657075241439264
24.0,21618.726116226117,602.9000579247022,0.70745772374262,Male,1,1.1592638461383382
38.0,47876.23371058493,679.4145883889106,3.1376363756696843,Female,0,-0.007961068183907072
22.0,76559.6280869401,727.3261221420145,7.489098641199047,Male,1,0.7942669289773232
31.0,32990.80496048294,631.5093382983013,0.8467623601531389,Male,1,1.2350998762451222
25.0,51205.77558145482,603.9444426845386,10.618933359967322,Male,1,1.7499657379193339
40.0,83049.64722886636,615.7487592000547,4.208903640253714,Female,0,0.9264433690507404
53.0,59482.27444536159,420.2087467214268,6.910405343520568,Male,0,1.2824577329983853
22.0,51888.857307281825,678.3059546508912,0.2310355292592351,Female,0,0.28270869748236016
16.0,57599.54682363504,529.0888711011448,0.4926867510378786,Female,1,0.16856228120010464
34.0,43987.01997485446,712.9718724118924,4.8492643907727535,Male,1,1.4739065233199746
35.0,69494.4692795516,640.9575899324706,9.10672146854041,Male,1,1.3591672262443306
37.0,44010.04965649682,660.512109653044,10.352015935732332,Female,1,0.8762742614116943
31.0,20612.275868960343,720.0329170606202,5.829682635852521,Female,1,0.3023282542120589
33.0,44130.4534408931,557.3476233659065,1.1215882023569932,Female,0,0.5255898272038384
39.0,35498.982051849445,686.9248443350957,1.0846998833059156,Female,0,0.8810943894169593
45.0,45782.08981703856,676.7621052562665,10.65842369255279,Male,1,1.8057568248824227
15.0,46113.739113790536,631.5219167357207,0.6008785225693163,Male,1,1.0515264689305475
31.0,67961.34799707361,557.1813799236462,5.792940002089994,Male,0,1.8083973518987468
37.0,60429.39089996579,709.5238364055164,3.8125595955838443,Female,0,-0.0501729978394263
26.0,53948.98231363095,720.3454544419316,2.735893096961025,Male,1,1.3001904582883406
52.0,49955.81883001107,661.3602025977884,2.9020805668469727,Male,0,1.7543813627873606
29.0,34117.12986713008,542.9697584285356,14.520997252681937,Female,1,0.8132832297516578
35.0,17282.371435014837,597.2550967074546,9.882374641897574,Female,0,0.3489113928594664
41.0,51697.40017089175,643.9667277579933,10.011804904422926,Male,1,1.8501301180261038
29.0,61919.618053604885,718.8494549982094,2.609587122782944,Female,0,-0.016727856207193526
17.0,48374.99175133116,491.65105988868834,0.5657382773983769,Male,0,1.420730658708825
31.0,41977.18515819949,593.6196535695624,30.686923230910715,Male,1,1.9213675686093412
45.0,56967.53247821319,609.7327440057798,0.7852758111011243,Male,1,0.9139536028599624
32.0,48750.016990634795,641.677842059697,3.624038952648557,Female,0,0.48965163745409906
27.0,75286.16287960942,519.8674715975153,1.5368340159592297,Female,0,0.4191774453930712
44.0,68490.92513102427,628.2467221626666,3.574335412093718,Male,1,1.2609776079451565
32.0,64392.620855349945,618.951643568741,1.8187365722180469,Male,0,1.9122444512814654
30.0,61366.01171314856,546.2408128510343,11.359631597236376,Female,0,0.29508927856413225
36.0,30647.488783228146,638.2032415831316,17.263758136081908,Male,1,1.230741545172774
43.0,59944.905530788994,595.8830903214498,2.6387085082088992,Female,1,0.5736893040269957
59.0,55644.889364698625,699.5586142509708,0.3638731411388578,Female,1,0.53749309296835
43.0,59096.37092586745,561.4672438995661,5.443350868631805,Male,0,1.4012037946677263
47.0,57389.14230219579,658.9834122128456,2.3630395997318363,Female,1,0.5481628853291735
30.0,56791.438817720984,569.1611162770732,21.332307958124026,Male,0,1.4360346394968584
25.0,90512.99704324393,590.0245761841187,0.4681192905885826,Female,0,0.7213518458577467
36.0,48857.214950721216,679.7291627705406,0.6342059143182371,Male,1,1.9838585877484758
36.0,64045.060712439954,673.4717732842156,6.010258490606034,Male,1,0.980262176801958
24.0,42935.15284603995,608.2977817421639,7.107527346426803,Male,1,1.3611236785878875
33.0,61859.62375831508,623.0589381667332,3.18474551232929,Male,0,1.1594507941390568
39.0,64089.79835348683,504.6393554890476,1.6235605114429492,Male,0,1.4329008824468665
39.0,55466.391157030215,790.27643105807,1.853942140805958,Male,1,1.4726823220283725
40.0,75038.7041356475,718.7456397878028,2.0622444382862968,Male,1,0.9843938953859107
38.0,36735.85945459374,715.1448050871106,1.276280873667964,Male,1,1.6105994873375058
30.0,42691.68587497667,490.4967783043785,9.507064201672042,Female,0,0.7009185274814433
30.0,53185.70129035234,590.4510007510713,0.3364566401393199,Male,1,1.734146462895966
23.0,63212.10280226333,616.5453971076378,2.6151474790095586,Female,0,0.8840963539574678
53.0,52691.442819423995,456.89385079659877,6.883763040715342,Male,1,0.9851362518994802
35.0,69286.38554765849,738.9950096076086,0.019164051443959246,Male,0,1.6843910919818177
33.0,40074.65193550521,795.3884488548136,10.520004003828971,Female,1,0.28589216485290025
26.0,32891.322657671684,856.1934956003614,6.125866651586087,Male,1,1.1305538241460125
64.0,54621.92504804757,545.4116172482263,0.3810260011831806,Male,0,1.404964909260265
24.0,48842.29585829456,661.7323496834274,11.268812217925044,Female,0,0.16626495698364435
31.0,58142.9558053733,782.2818269150421,3.3403706907920094,Male,1,0.9739592720067802
39.0,49588.96563700244,624.6381521053046,5.281203884370744,Male,1,1.455660310843407
41.0,44899.70314064815,593.3012086157322,10.686767647136238,Female,0,0.27329195069355305
45.0,48875.93642414415,463.39823264555093,10.649984791913226,Male,1,1.4615644126946672
53.0,50432.73342189778,763.2622457771749,2.627531958347241,Male,1,0.9936096198165452
40.0,45425.28050227505,648.0739243926635,1.3570065316688766,Male,1,1.5431723239015978
24.0,46953.01930514858,577.0658141036938,1.4881337485355761,Male,0,1.6858578024537507
32.0,43946.09994519635,678.385728982886,7.260922819691297,Male,1,1.0960212390982496
38.0,62849.9767980411,665.3005373178665,13.255776347646611,Female,0,0.5415518547872111
56.0,52910.31506758699,666.8259102354591,0.3748607373788121,Male,1,1.736202258426605
21.0,83851.28708253149,628.2901937673324,0.07566833256079043,Male,0,1.9739928795673127
47.0,52410.568269176925,812.2358158763366,8.65619364679555,Male,1,1.4500888476349552
37.0,41737.13794507008,636.6340266737578,2.4437113564282735,Male,1,1.365128101281569
43.0,90060.13062294597,811.9322076323305,1.6179229163730622,Male,0,1.5594664415543362
34.0,56204.39566571503,706.4116926400197,1.0435772415323161,Male,1,1.9069025333440663
27.0,64851.87180339225,685.1170142761731,2.1269153754646224,Female,0,0.35309373274736416
43.0,58881.54474803737,638.6725246721845,17.783660718098016,Female,0,0.32854911251028696
42.0,59345.16543946623,747.3956693545921,18.87867775260769,Male,1,1.3469176278097146
45.0,58034.81077028711,661.2991767577995,2.0136955841794224,Male,1,1.0749893971299187
35.0,33468.73152835902,556.7868784886468,16.578326756585287,Female,1,0.943895108735012
29.0,55512.93571342118,553.4507809001965,1.7823994558110745,Female,0,0.9694318380365188
19.0,30127.080442246413,692.2484621934273,9.637246356873801,Male,1,0.894817509714265
43.0,47384.55745381198,559.2621114833504,1.1913126535273897,Male,1,1.4965946971839221
39.0,39115.73815155069,643.7768943027501,8.757530726964978,Male,1,1.9986761238020962
25.0,55362.05278773086,755.7184538551091,2.1826926050970954,Male,1,1.5826229848817137
30.0,55011.89371007352,680.3970177894333,1.0890609412430245,Male,1,1.9811970011782798
30.0,57217.188361477805,577.7865129671252,13.64993844587211,Female,0,0.6515902294595409
20.0,54309.44859123631,790.998751161614,1.2051651684315499,Male,1,1.7898556705135533
27.0,40897.61987320402,704.7875236994702,24.039631012867684,Male,1,1.8944776288891207
24.0,46084.94765972481,751.779298720409,0.5746636528757045,Female,1,0.1720887647864483
31.0,63805.94241881727,423.24416567906974,0.05035664698653023,Male,1,1.3766584896259135
28.0,66017.850159416,683.0852878262746,10.231718679587448,Male,1,1.829994130099133
19.0,32798.253520601764,734.2157836379894,4.416751476669266,Female,1,0.2877757015000818
55.0,27036.085512310303,820.0288642297992,2.7376754151094014,Male,1,1.786201176491983
48.0,39096.65925192932,503.61814158489585,0.42759296163874116,Female,0,0.4713255339720678
27.0,65678.11373048376,770.6114589194533,4.2770663687257375,Male,1,1.4761033818045244
38.0,68223.26045274551,814.4380285701245,2.5021128288274723,Male,1,1.473377204887279
39.0,36129.321793982424,448.2711022721021,3.3045802752382682,Female,0,0.7867509697043079
47.0,54609.640306045076,697.8591109869743,4.976559597206875,Male,1,1.620081431105914
27.0,77516.46999710132,711.7620814340702,5.1073341786644555,Female,0,0.43207351314476417
46.0,56229.672158605004,617.2992337348094,16.16985103932311,Male,1,1.5760098087750187
30.0,71322.5492784964,600.990553993371,5.321828477500954,Male,1,1.2621900899911744
22.0,64980.89855124647,716.7853913287822,2.0730651667545836,Female,1,0.8640437207823863
42.0,36347.01940658134,588.5018246589368,1.9996484922160853,Female,0,0.4602789377174701
48.0,47150.278647543826,628.2750671581903,3.2424080581358874,Female,1,0.5362904170284412
61.0,50521.31717437772,731.2434900823921,1.5009849577052488,Male,1,1.3710141237772793
23.0,51562.0008203201,825.4043050326865,2.361543243826637,Female,1,0.6383189352483905
42.0,63744.93430157857,703.7984272542018,9.22937123592373,Male,1,1.2536771393208601
31.0,56130.27143413113,663.3484495414511,9.822057339462631,Female,0,0.9155179801124509
43.0,5956.985843328272,598.360251533923,4.94151862975848,Male,1,1.6373132019902537
20.0,30307.39590360911,548.9399959348943,4.371438479219348,Male,1,1.5160453236587967
22.0,17189.286275359358,760.9578241500949,2.785219019288137,Male,1,1.8798554806478607
27.0,52630.47860983001,634.6550148873115,5.051618727084789,Male,1,1.9881797084252208
36.0,53607.31474201642,765.0703274666729,8.200860678647805,Female,0,0.802457123885914
29.0,54248.37437916078,617.0448122004539,6.694135985484381,Male,0,0.8174708024435368
42.0,35616.07598428076,585.0711338638989,0.18051736551621422,Female,1,1.2385089529316176
45.0,60112.16007679984,692.0798888827516,6.567636411914927,Male,1,1.2051193828202358
41.0,60743.937447027936,642.34640607316,6.363893951653223,Male,1,1.3688703158603428
51.0,31172.763991922635,529.4471395389262,0.5211975915437982,Male,1,2.0458572625953937
39.0,28009.426978266918,831.7368329781848,0.8140499450758241,Female,1,0.9510630199014032
23.0,49998.024706595934,587.3016226228362,7.75368773182649,Female,0,0.40112483000576216
49.0,76876.73410420038,742.7591521174213,4.093433858603256,Male,1,1.5672778436851054
29.0,75496.14113297964,734.1856629396482,8.619447876620889,Male,1,1.560511740428091
44.0,58451.06540672079,524.0537235085643,1.021266350555146,Male,0,1.603726823322687
51.0,39050.04992629885,549.7612355383516,0.15546593227341637,Female,0,0.3649461798982748
40.0,63302.63989232878,619.8490660299872,0.8833383787488409,Female,1,0.32650096921536254
20.0,43213.63602786438,563.4353455421683,3.0126038103302704,Male,0,1.7705839567054118
26.0,38487.39444989285,822.6456371878688,3.7042635996418434,Male,1,1.3559886893412298
48.0,17840.497525670085,629.9824363201488,9.749128295190276,Female,0,0.7304514764490943
33.0,51535.73297521479,738.9749042814068,6.297436906245002,Male,1,1.0674334780214052
36.0,40551.989762939374,701.3637389000204,23.225088552854515,Female,1,0.3764950566002274
43.0,51446.455692927564,676.4022448996353,0.4099541400915524,Male,1,1.5794537510302074
42.0,15509.634556444078,654.0321210739588,0.6975810299586331,Female,1,0.33327240739258623
38.0,52547.40008875531,773.7130707788697,0.44063596269563954,Male,1,1.450853492482571
33.0,13533.18254042558,567.4907026664984,3.8659116125736688,Male,1,1.8322052992336506
32.0,66319.10379902828,822.6335310456586,1.552098254014602,Male,1,1.3027529987069721
44.0,57828.36851202627,521.2776819495905,5.754260787691998,Male,1,1.8613144746501642
41.0,45820.02842863118,728.1511725622424,0.7117991785243348,Male,1,1.7364288115137638
32.0,58440.797901231184,509.48361400602175,0.5445640856490664,Male,0,2.058853950257022
46.0,35328.886060046716,618.4294447773041,3.082463061473482,Female,0,0.18868903889439603
34.0,51085.632734223385,659.3309938060967,2.357210142336932,Female,0,0.9847377098376642
26.0,61921.610576905034,601.3304651170486,8.835283044283127,Male,1,1.2281398217880375
27.0,3585.661263629154,631.8330430383108,9.087050510438878,Male,1,1.7330865662320756
25.0,43291.63460483714,511.30295520692067,0.6245783191804722,Male,1,1.971909891323348
32.0,49660.338047954385,551.2549531276449,8.365158528958831,Female,0,0.26425446199576963
47.0,47055.595733813505,699.8264707195882,4.152457535976978,Female,1,0.7328500554816487
27.0,71856.52739341107,652.9671824977445,3.5014458586200052,Male,0,1.9330856977827813
37.0,33141.48312615673,580.9471974178493,0.4977945337224814,Female,1,0.7381326311241275
28.0,40682.61134832157,782.4277763129671,6.728272680653492,Female,1,0.48954548156310185
32.0,21261.964605373276,528.0069100009785,0.307429431977755,Male,0,0.9050247479019906
20.0,72654.29976909718,613.8409534135938,1.6265165967379254,Male,0,1.9697537669278466
33.0,46305.647860868,599.4343721821529,0.5014864149854377,Female,0,0.367532809454373
33.0,43423.86667944939,711.5037627761044,3.7832856592543096,Male,1,2.3009255620741085
40.0,49212.75976533929,654.8163691137195,5.181428761433583,Male,0,1.2447486638359047
37.0,59543.53742645486,639.1834753465403,11.075396738142473,Male,0,1.6423711474235378
23.0,55210.45105274187,465.5783296132761,6.618887930351628,Female,0,0.8330995420274492
46.0,89718.26320335631,736.5034480632092,16.234370586840846,Male,1,0.7495399377823667
37.0,56809.038326056616,628.2174185168263,7.155409224141288,Male,1,2.033220375710553
37.0,43021.318562463784,661.566101761042,1.7696300806153111,Female,1,0.2211120863378106
35.0,41579.648937140795,575.1436779906122,3.9657748003382842,Female,0,0.676133903792874
30.0,44108.615713747866,559.4171237182927,3.061889585875251,Male,0,1.6109239603274668
37.0,27472.44613055243,799.9287758475687,4.173193410632869,Male,1,1.6091871421351172
40.0,50597.96311237379,472.67614217375876,4.244204210668852,Male,0,1.4596919409246245
18.0,61752.02159313376,544.5800972217228,6.0550053150288985,Female,0,0.637049409867449
30.0,40799.54599065146,798.049215266908,0.4334779414382779,Male,1,1.4795934714587395
32.0,37889.29915573833,714.0746380998654,6.866794508064298,Female,1,0.3001056686596536
38.0,72739.17719441351,617.453746825758,0.7759271521793221,Male,0,1.7462634941266404
47.0,28602.752650682523,774.6596314288653,0.1327841835994677,Male,1,1.5025461679371617
27.0,18982.72435284048,694.6860116396009,3.658458248488014,Male,1,1.5685953934846821
30.0,32706.47084528926,673.2660091974419,4.35511669193396,Male,1,1.4618885658517509
30.0,26893.509243135555,672.5562017102418,0.17736429033042736,Male,1,1.2081072990734616
27.0,55793.39096156873,696.5238217214494,3.6218593303082933,Male,1,1.4828140927809352
32.0,44589.4324932564,700.5692501297453,3.8239700859818084,Female,1,0.9736540077628058
43.0,46704.694324642405,869.5973052895956,0.26961480394677484,Female,1,1.0970552655408239
24.0,67294.01265462159,630.5107188327328,6.21677926192846,Male,0,0.774287684796393
39.0,39629.977082558355,633.5952811851796,1.1804455594775634,Female,1,0.48518968210077706
18.0,61626.34117618461,526.3106812429286,7.910553959346879,Female,0,0.22978273541213645
29.0,72669.84198804805,644.8102613178982,1.8612794212296455,Male,1,1.86693538596939
32.0,43165.06252979509,836.2886899544819,3.249409169342558,Male,1,1.6338539097971467
52.0,61055.34283334471,748.4485002434657,11.121221290448517,Female,1,0.440243990486398
32.0,46372.7313120653,595.6332256124672,8.204113174722718,Male,0,1.4535860701436247
13.0,63861.471932611836,653.0041364521285,7.613173128051986,Male,0,1.1535343007366303
15.0,26427.662186355905,520.3561624415006,0.8743521135387609,Male,0,2.0728236717977735
35.0,25317.316323119805,553.0880655701694,0.24669910618897056,Male,1,1.3838220925009375
41.0,44130.98427638689,664.9441152613717,4.653963782273381,Male,1,1.3517144451997267
39.0,36666.127864103444,600.5545397179548,2.6440285256973777,Male,1,1.7768528170187872
37.0,42249.363358551724,545.5400210621582,11.988726623881753,Female,0,0.8138086038590581
47.0,46707.101263292905,698.9840764737892,2.1507868171343447,Male,1,1.8214923150380171
30.0,60800.20297754378,641.7749913346676,2.6428129136063703,Male,1,1.1630617289674303
44.0,43885.091321510976,493.24496283089604,3.7327455148027147,Male,1,1.526706164007759
19.0,37642.0803406537,442.4853033832212,7.958006318120204,Female,0,0.7925456300349313
26.0,44727.299348616514,592.9988501425746,1.5619169617557882,Male,1,0.7146316071608764
17.0,38462.82080290074,491.17348565584723,14.221124606550797,Male,1,1.2952037503636984
32.0,35989.917469059284,463.1088593529346,3.881786550594066,Male,0,1.3158514758238034
35.0,25804.747796345462,762.8969201402085,9.193540377526846,Male,1,1.5165704509188587
36.0,51042.17174331618,640.2289110134707,3.7287169690574204,Male,1,1.4069583284754756
36.0,41469.414401044196,623.4553621774497,7.391899036137208,Female,0,0.40289398927791653
26.0,64494.181088520076,631.1594183849251,0.2639497136900033,Female,1,0.3855472222302234
33.0,28289.05861911589,536.216784920703,8.02754026436263,Male,1,1.8442233358482292
20.0,41868.746674281814,691.0976165014168,3.7112609844549826,Male,0,2.133213410614516
49.0,77193.60830988124,636.9299673267459,2.9838749897340007,Male,0,1.0498321480148973
32.0,35905.85724353226,574.2591344020589,0.5917203397196065,Male,1,1.5074076573978998
30.0,46452.00121855814,589.2371315475,6.7655077215851485,Female,1,0.29073307018505257
51.0,31762.340257619475,527.2541286787705,0.7030024712064055,Male,1,1.2891227150656894
23.0,29773.587308285285,609.3757127098165,1.067933152574195,Male,1,1.5839530413076526
24.0,73209.66474631517,626.0372119217486,0.6757964744629403,Male,1,1.3860528916324901
24.0,52565.592389557205,606.7716670870036,0.03298661132659474,Male,0,1.1989717605522725
34.0,52005.18257356435,655.5154557341586,5.422271637350223,Female,0,0.8502545904020282
39.0,24555.256473256668,642.1488295238244,1.5793381974943244,Male,1,0.7587177327304039
42.0,55381.12082162454,673.0768538664607,0.8094806714384319,Female,0,0.3672728210308112
61.0,67361.32918990738,744.3097036921595,1.9281100737002996,Female,1,0.6215697415354127
13.0,67242.15591242794,709.302347721308,3.456591185951685,Male,1,1.214448841407227
41.0,60024.998444092416,745.4589840510336,3.499978097221936,Female,0,0.6049792049988564
29.0,33057.716336068945,565.2265770173772,2.287972773014427,Male,1,1.067326475553422
29.0,54696.85125789487,599.1385105911343,3.4153137097498947,Male,1,1.659759663001627
29.0,60013.77440714912,715.3596683945967,2.787328261379699,Female,0,0.581375161533373
26.0,23083.34622366648,717.1477671432086,8.64858036307032,Male,1,1.731177028118361
52.0,33180.80612777323,582.1379382463118,0.15030657497924788,Male,0,1.4033637318979053
43.0,63322.35982615162,711.1583925781742,10.125908326032974,Female,1,-0.2378288158878813
35.0,63140.686650078926,555.6467883354059,1.3980090671082972,Female,0,1.2286478355300945
49.0,26771.254495679113,698.1055724141794,6.396755364191346,Male,1,1.9524303523407536
20.0,61925.32188903759,647.370379913436,2.5963022886903833,Female,1,0.3378063255206142
22.0,51429.55098730427,511.55643960936635,1.7430588692435292,Female,1,0.72238191100477
13.0,61715.134319107274,606.5926178240593,4.777073097574387,Male,1,1.7717156396672593
28.0,40482.18014849088,868.2267809695493,7.324186711761573,Male,1,1.1675197441584169
37.0,59677.75244721353,670.2780362804995,2.9886073380910045,Female,0,0.4701171520197078
36.0,62657.43161728437,880.044997671826,3.1419856877124057,Female,1,0.6506877462491685
36.0,44729.975968164326,505.60734701249635,0.30329818747567994,Male,0,1.646801682987695
21.0,50266.28819259929,725.0741792663842,12.884845268092535,Male,1,1.2815394443332588
43.0,40272.17555743019,396.56638081928844,9.383211993999419,Female,0,0.18638129884667648
37.0,74774.5842302882,649.9764515085217,2.5374292645928342,Male,1,1.8552669210571258
42.0,48195.92091011351,713.1217377651321,7.239798150771182,Female,1,0.5948232213703126
16.0,36169.63512234227,733.7890094996276,1.8791371932461707,Male,1,1.2101324248808254
38.0,39262.61129187875,570.0730275419587,6.554483689141981,Female,0,0.4437508986338646
23.0,51901.559017131694,753.9090421976737,3.6355028047631466,Male,1,1.7625736458428158
31.0,61299.967576673174,596.6285239955305,3.0880350216847647,Female,0,0.5742361875547664
40.0,29962.597322742175,633.5902748887603,0.29091644441504594,Male,1,1.1187161509592638
36.0,77714.90004413674,606.6677780643366,16.822676880024183,Male,1,1.5908285671227753
26.0,54630.12941083425,536.3610649267669,9.08258624347013,Female,0,0.26175495921856917
35.0,56996.83959454119,806.9719587420859,7.884564848922373,Male,1,1.0810487392652266
20.0,48542.15684264845,654.8017817158077,1.8186143088544668,Male,1,1.8056644367133359
47.0,50288.884510266886,758.7318378658628,1.7095663521426727,Female,1,0.43799352251645485
33.0,47775.75293108895,754.4711241764601,4.25711792441842,Male,1,1.699148372091595
46.0,65266.93953553941,553.2059785727017,9.361265270006811,Female,0,0.7172287616623575
30.0,49881.07118819944,771.6127247671601,13.63833729980281,Male,1,1.2746287596412091
30.0,61505.75327739065,700.3414243549323,1.5662236615042917,Female,1,0.13622909043668252
27.0,43492.28714971142,545.9098135527111,4.675008480329514,Male,1,1.305829227128902
44.0,52934.60792468474,694.8850831341505,6.435011504823804,Male,1,1.2346739089623449
28.0,37941.194836408686,547.7032115131932,1.283450906525894,Female,0,0.6059941833417223
41.0,68247.92348824305,810.645836797864,2.6167573130104804,Male,1,1.5927588342320909
31.0,37493.791389213264,731.3786744922096,1.0380385107891876,Female,1,0.5443673013898749
15.0,45125.30833608011,642.8851437808964,6.001648538481056,Female,0,0.43262422899270214
29.0,45275.59381317883,776.4803618217184,9.967608807984153,Female,1,0.2872945143596175
23.0,44690.72918489348,491.8012355296462,10.499623668245654,Male,1,0.8649707230311142
35.0,60837.436541644056,575.0658699879958,5.544659826569704,Male,0,1.7847819482411105
23.0,45250.13352895035,624.7580278259628,2.1320575016045247,Male,1,1.5639126491436746
44.0,70908.86795811608,873.5684681425518,5.40937142230052,Male,1,1.5680115354535828
34.0,37722.873708047475,542.9517099126595,9.985317740857685,Male,1,1.8469066458141792
33.0,52540.66204914061,479.2694058259326,4.915570425412171,Female,0,0.6695752881788553
42.0,38363.210160311006,505.56144855017294,2.6627319400708576,Male,0,1.6821849596429206
45.0,56314.591737972,740.6215869205602,12.616330314698738,Female,1,0.7989469867014872
35.0,49760.75409534845,590.5807729461143,9.015616769452773,Male,1,1.4970689452327537
27.0,47674.06932952283,634.0913335631386,10.703829751982099,Male,1,1.325730828761948
17.0,67827.12449755285,726.2832641674485,11.675129304134302,Male,1,1.2117705318055598
28.0,40184.87193417345,634.1915372042089,2.50282808767188,Male,1,1.6161960398069861
29.0,58797.72736427,670.4146604508055,9.817688286207517,Female,0,0.7411111156805228
36.0,38465.60130987811,703.5215147609695,4.2239179502891275,Female,1,0.9784405431528622
32.0,51690.278002405605,606.9323608039784,0.19453047573459364,Female,0,0.7570927507031127
42.0,32066.37007664832,633.3682940070316,5.05075971186017,Female,1,0.5197768554293531
29.0,40062.24280539889,674.1955402321012,3.180233682560185,Male,1,1.5166790984793093
34.0,48767.85431640702,736.817927305322,1.6089848495050771,Male,1,0.9498294550244306
47.0,77219.73750984616,570.763073581935,17.59705743401612,Male,1,1.595373140572033
38.0,51512.05805689661,347.94240781702206,0.2832266831015827,Female,0,0.7473432678497798
34.0,74820.02473800059,717.9583149385646,14.58251631871237,Male,0,1.5993674515493759
29.0,53304.849375363774,742.7715918750084,0.8674061036448834,Male,1,1.369041422486475
29.0,44193.73633287591,670.0034162130172,2.3659489326963152,Male,1,1.186249497761503
26.0,73090.3478390104,676.8293218956536,2.6998578119200047,Female,0,0.7761127152872451
30.0,56555.26433110128,593.5690105859829,6.565600899195361,Female,1,0.5458759314054962
43.0,40359.17609175929,700.0183421534924,1.214239622883867,Male,1,1.8218748691297226
33.0,57058.57189100446,735.3166819684188,21.379995269681356,Female,0,0.11722632653145432
22.0,45611.078751385845,655.6496341418484,6.911747815663885,Male,1,1.4124846737839776
53.0,20164.487057430564,899.1248330007265,7.802111210062115,Male,1,1.7019191300287984
38.0,64039.597388984264,493.62589123286205,0.5626461519846883,Male,0,1.9428142954229084
21.0,66424.01083462893,666.2961670856347,3.234296049999167,Male,1,1.5940614899954262
31.0,77569.13044988413,532.5647037682686,14.557815118430133,Male,0,1.5573686559720716
36.0,56332.15538292894,737.984592395689,1.5740062895548104,Male,1,1.0020140384953566
52.0,46269.14863876201,491.8524571957819,0.7855131499537672,Female,0,0.08747632616170775
24.0,62524.84141067879,516.6078457282301,3.3217730654549324,Male,1,1.0530549105315914
45.0,62747.305479783594,586.6813059450795,13.324455713110147,Male,1,1.4426153532137218
49.0,74574.21774704632,676.5832169855399,3.3353568878309736,Female,0,0.6500417520957366
29.0,49330.58565400337,590.4528611338383,2.5945771485879483,Female,1,1.0469998530624065
32.0,47516.31541148608,591.4558737400907,5.25300409106369,Female,0,0.5317783911016957
25.0,39266.83370362209,631.9109545073915,13.81390478798515,Male,1,1.2725473414750657
33.0,58061.93130087802,625.7759840938494,0.25150813759576235,Female,0,-0.032593932892540756
35.0,26776.07497653747,798.7449388318524,0.832608446234248,Male,1,1.5659979267748148
42.0,61641.31059293847,718.5911119668968,0.7121648146378698,Male,1,1.7100462180398923
46.0,58817.52682798685,617.5423260215356,0.44597597510416753,Male,0,1.5209143982232656
28.0,58776.05303687558,859.7011911213614,1.7984408288794487,Male,1,1.6094641151553697
15.0,52073.37854752761,699.1661174856009,1.3023390346840027,Male,1,1.6395238448728888
35.0,72994.67371296627,553.1037944686451,3.978018099100047,Female,0,0.3291781385102551
38.0,63079.901981402945,675.6513739991844,1.9822004448745931,Male,1,1.7539532436021545
37.0,40893.84212936451,703.5512544865314,2.597716407302046,Female,0,0.2778804193690272
32.0,41162.3142545353,581.2375280938652,14.224910315286278,Female,1,0.5854344297880987
36.0,36804.89279878045,544.7491089193961,0.8459742981208147,Male,1,0.9222721095038318
50.0,58269.24999163381,658.6459090042442,2.458852709084006,Male,1,1.640151390315729
39.0,34997.91618140065,613.9778228693964,1.4858469453893732,Male,1,1.136978846049654
31.0,66250.88215375028,797.9127888455442,3.9832801952758308,Male,1,1.9218464670886959
30.0,69844.59962518315,724.1155824084915,6.665402864694596,Female,1,0.029755834826047378
33.0,36814.75596574323,585.922472591342,8.49101431430014,Male,1,1.582899580863976
51.0,47216.771981107195,692.5938110948589,3.6210915825380514,Male,1,1.5351656628529282
33.0,50249.3147204362,776.7128142724739,9.652232355473682,Male,1,1.5631129647043875
35.0,63259.74740704501,510.619555410035,7.6873425598441,Female,0,0.4726031221150798
30.0,74140.15063414816,547.7221759012248,0.853965694127518,Male,1,1.8718921552066976
46.0,24717.614106971338,648.8831382720468,1.4080279189349287,Female,0,0.5868035779118392
55.0,45227.28923709976,653.5601967905034,5.569449928103345,Male,0,1.4415911648934872
40.0,46009.74956659479,644.780249453714,18.403370003690668,Female,0,0.5142733902245711
36.0,28989.952176701783,618.9222821212322,2.3590639287144426,Female,0,0.7779151967782519
35.0,42723.34971043908,617.393967754798,1.305576188322469,Female,0,0.2420498763192585
11.0,56416.53416525917,688.4258136821629,10.167732461400425,Female,0,0.9664592414043018
42.0,45819.81645740665,763.3942553639173,1.1132930917090764,Male,1,1.4813616518410928
36.0,26830.682470888794,601.9047270311573,5.976854105967946,Female,1,0.7693328016971408
39.0,93111.24047014871,893.8399345170653,0.17424657411278305,Female,1,0.5161987645159708
28.0,53992.6679780627,846.0691435740316,0.09581478664252654,Male,1,1.222980471549806
31.0,51675.41195160012,782.9255629580082,3.00344818231143,Male,1,1.687958552618567
31.0,33531.1045539943,712.2483334561562,5.343424968970265,Male,1,1.4429184046050156
45.0,53910.59242956913,850.7988106470156,0.7682883216563464,Female,1,0.21977403167015142
31.0,47536.793239377585,620.9884635000592,7.217127587277444,Male,0,1.0229492932304418
56.0,21672.148809268907,566.7395588009765,0.689054009310815,Female,1,0.6413094824865185
39.0,33946.16839978375,597.4027940596015,3.814714098089407,Female,1,1.2137715769290995
22.0,61923.89026510918,549.7057196909918,1.8430088782019172,Male,0,1.376638264317585
34.0,79160.26475000662,662.180132231337,6.976741660139211,Female,0,0.5153159395917257
28.0,55507.48107564567,679.9830464127743,8.151182393443449,Female,1,0.6242205035568154
13.0,66546.24917440051,670.0839838681106,0.34188266211345414,Male,0,1.7522894760799461
51.0,47663.67037125185,648.75686478182,1.0697086493262336,Female,0,0.27161945503596213
42.0,48701.80758979096,663.3154528171616,11.158029424474314,Female,1,0.9455940643323226
40.0,66364.68541429198,823.632380884989,2.685957823914767,Female,1,0.36171921511502436
37.0,74941.65933769204,712.0051867639083,3.23834452439053,Male,1,1.5968330053456137
21.0,69516.45040198433,742.2508796604822,0.9197574720797292,Male,1,1.671280746287313
30.0,34004.55386922772,669.0789936686788,26.38747482737472,Female,1,0.3182460937388846
43.0,48995.616645271315,488.44113015319226,12.822846533006258,Female,0,0.8144728487957911
24.0,54162.870267144426,468.6117529530489,0.010133616996588164,Male,1,1.980111484223143
10.0,46104.830547387064,858.2809990208515,4.000708292680315,Female,1,-0.15530660620940584
33.0,55817.863151233934,596.8177724768778,10.289080671644268,Male,1,1.254324752564451
34.0,62308.65217503421,588.3248655848067,2.81527753952237,Male,1,2.2498804663203185
36.0,65042.146279327106,674.5663241377249,2.8707289576693333,Female,1,0.02334904364804047
42.0,75288.05228332285,705.0402978329928,2.384916909540617,Male,1,1.0720503547170375
41.0,45058.38342912748,717.6862137334413,0.1462601725478005,Male,1,1.6311968212970416
38.0,29539.502527410288,827.4418532880004,7.80998938815122,Female,1,0.5787087611392453
47.0,55373.51891021679,800.0736382657941,3.051252317007645,Female,1,0.7759461618868944
20.0,78257.16546777204,568.9066775361179,3.786462371414165,Female,0,0.4272600922134311
40.0,42845.36210068911,746.8734573421789,1.4764555179351846,Female,0,0.5753622379777177
41.0,60302.70465595579,611.5909081789201,7.665127981016868,Male,1,1.7118371331717108
23.0,60436.18688708964,636.2491255569223,7.8932960375535375,Male,0,1.3239973418682278
20.0,52871.630710169135,540.6010794048638,4.025097782741292,Female,0,0.44547614269701263
28.0,50103.87081565572,480.69271461685906,11.749847333259368,Male,0,1.3274992002544452
28.0,36148.56191417911,646.8438287367711,0.6158363210131559,Female,0,0.9516184130026992
43.0,15775.068913691342,554.4018083888755,7.723559496955534,Male,0,1.765933769258838
29.0,33322.23940003957,742.7813678572036,4.088839299670503,Male,1,1.8607630405874664
26.0,44145.43776332451,621.8921756479879,1.3134071595357515,Male,0,1.4357132400825499
29.0,66461.34031134061,680.8590218949873,0.7095680279639432,Male,0,1.829678606853873
46.0,48453.07906472937,786.7525753915431,1.7905730439583265,Female,0,0.6846160809161899
35.0,42214.61421622777,501.47048182178924,9.70069132590772,Male,1,1.5399133361002457
33.0,36635.218370698545,577.5382611450312,7.746875469671788,Male,1,2.0602594764188136
34.0,59852.087427642204,668.088362456585,5.1800529478662405,Male,1,1.598734568399423
48.0,70375.35749645908,681.252481582326,0.4733504663273701,Male,1,1.459382101507816
28.0,65951.5358280119,760.3497501272326,15.486681462145327,Male,0,1.7507102846057423
48.0,59092.245496377036,736.7153129040598,1.8223845900987203,Male,1,1.1307441719886882
37.0,27865.8088042559,659.693362573074,4.669728123669453,Female,1,-0.035002644790890214
33.0,44724.88635734343,680.3404670597255,8.125343973397367,Female,0,0.3532946826990492
60.0,79209.56343334513,683.1075890990489,0.7127501756182273,Female,1,0.6656013761200864
24.0,66829.25737872838,503.02876353262445,5.280591551944766,Female,0,0.6600006335056854
31.0,26937.451726479125,634.3624522645039,0.1641451009277522,Male,1,1.113284281179754
23.0,49166.14215201093,674.8473217997092,0.5367530924660142,Female,1,0.6990750108688832
45.0,55446.476489915585,695.8550858785106,6.421282215595282,Male,1,1.3706979480716661
52.0,38567.6230546067,557.5636559935841,0.8425794094080266,Male,1,1.5724721877057601
52.0,15361.939678867268,523.1202087471108,2.9305009487540006,Male,1,1.1109226636014629
47.0,51482.36067524648,626.546740748192,1.4273063730980042,Male,1,1.922728047356801
33.0,38183.62613569341,846.7366111091494,2.734246340113162,Male,1,1.5938724133197029
31.0,38242.37391372974,568.0752487271332,0.40182343242789054,Male,1,1.585717041870665
18.0,44679.79460103863,767.392824735481,7.030456040600065,Female,1,0.03597394599566911
55.0,47994.86128017782,808.473964304512,0.41169976583095336,Female,1,1.003795295283377
40.0,49863.758088564704,654.5466526233193,9.098156444564408,Male,0,1.527243393978941
30.0,36740.15151616998,582.0152065346549,5.432561906028923,Male,1,1.7244702070825473
48.0,46696.85705548884,701.2819563658226,2.6942874862358805,Male,1,1.4540203122077517
25.0,23638.649443958675,669.4990292099496,10.067765041238816,Male,1,1.8207474407645443
39.0,54665.58598052117,564.0896019809692,1.0297810100055864,Female,1,0.5578736758796661
33.0,7155.868799882635,584.1197173628224,1.5364603379344468,Female,0,0.23803606243647707
41.0,45657.648793495704,695.3579852145331,0.7374194546729422,Male,1,1.4667818344128685
34.0,63787.792305154304,743.3440408168548,2.402845788254073,Male,1,1.6138041656433155
20.0,34109.8896908776,617.7209798684612,21.61244727237205,Female,0,0.7380941680095197
36.0,60746.453054861006,643.0866435111947,0.8778860225710385,Male,0,1.1758756513936541
45.0,67335.99068181339,716.863857051108,8.888587184244686,Male,0,1.6941950901570642
35.0,381.5007125391712,632.7513115826065,5.276041184734769,Male,1,1.8162930897606304
43.0,47729.556446363866,620.0673026704116,0.0797025405652585,Male,0,2.157116328832335
25.0,6863.398585575873,574.4659180272774,14.492137960246968,Female,1,0.32493115781238807
35.0,48226.873316435805,572.7315376625969,17.718057440897276,Female,0,0.5823078116684027
29.0,49892.4318352801,916.8882758223256,12.944720329743536,Male,1,0.9657489904196778
42.0,12761.840211337425,630.3798339920918,3.48316281434201,Male,1,1.2338531099428356
35.0,78872.57543119798,786.5058321512224,1.244712390959196,Female,1,1.1437097126680051
42.0,54290.237114519376,818.3993337519071,2.481858578552374,Male,1,2.1590259360407975
46.0,37264.64851876947,631.641771050684,4.762071334606021,Male,1,1.3780640343684705
42.0,71980.69141247778,686.8429808434769,2.3808037748453783,Female,0,0.7998295564327339
38.0,23065.80169036525,660.2478482033032,6.157947475034248,Female,0,0.964957177426055
25.0,31562.43449722524,488.7817649341323,7.937783992671029,Female,0,-0.1200236006683798
35.0,15508.16714495152,494.8026987751838,1.1747707296437402,Female,1,0.0856585909634981
30.0,77015.67794809001,654.8848466904273,2.5954812253208077,Male,0,1.4249907344471682
32.0,54985.195572080054,607.5086461391404,15.820089111141558,Female,1,1.1340300265996095
31.0,59891.02684772742,839.158033839359,1.4371225365402394,Male,1,1.3942785777937676
25.0,54515.01850877714,626.3427061305381,2.1266619752210496,Male,1,1.0964295169986102
15.0,58606.516417168765,845.0928997068124,0.181559359715173,Male,1,1.241772229545818
28.0,51171.16570843984,602.3608603864456,2.020076106787653,Male,0,1.118812613757723
37.0,54063.82014061162,841.2200420608933,2.3175748160576406,Male,1,1.1949187709009454
22.0,51614.05154334426,700.6424496947346,0.5258891041089563,Male,1,1.1534563917484606
35.0,40871.12291646082,706.3291895771197,0.007216455142752942,Male,1,1.6731198431580279
54.0,49300.62852177996,598.8236043266351,4.28310323175061,Male,1,1.1550516050948192
45.0,54103.918598925164,707.6917180403689,1.7942909225799877,Male,0,1.4843089496886852
51.0,51658.23679328196,819.2713433081251,0.08992297462143836,Male,1,1.1724133796112823
39.0,27833.418383700246,635.5172505939862,9.828575533399349,Male,1,1.1841783757090858
47.0,29825.19997087386,616.0603184633383,4.39027652298294,Male,1,1.172366014375733
28.0,66242.62150874587,625.3237461139912,0.9386911052906448,Male,0,1.7932840786741215
29.0,45395.089311748976,812.0111605006437,10.021545039222786,Male,1,1.4452367818051337
8.0,58770.880205539106,735.5351207001087,1.4623741668379278,Male,1,1.2758487675628143
47.0,33618.201354164055,794.7679990471119,1.2902651111958974,Male,1,1.1987651571717666
50.0,27902.811850302052,681.3622710484269,11.251579082530315,Male,1,1.096700034309741
29.0,37346.0508120243,653.9319356777831,0.9889501727935959,Female,0,0.1503747636425105
32.0,46661.5239384288,692.3944039070632,10.55923664225897,Male,1,1.0690302322633634
27.0,40022.89551073381,757.015853441254,8.122080163830741,Female,1,0.361956538171594
39.0,69409.0028465857,625.2881757412135,1.8537066437835574,Female,0,0.4904447305268042
46.0,52692.84952306192,786.8676993356787,0.17501293185544325,Male,1,1.2662327094489743
18.0,77734.07927842787,686.5830557065876,0.43091189561476256,Male,1,1.8714679273551074
39.0,56066.12231107126,409.37218619698217,0.5800196023078579,Female,0,0.40646130717450385
32.0,13811.737731202833,738.3493427105194,11.072817743498177,Male,1,1.44537482059615
36.0,65840.62409687831,522.7694986738018,2.587874897867841,Female,0,0.826121039665078
40.0,27356.725662950677,735.9172760673987,0.1653530571823416,Female,1,0.37969136738753995
33.0,53458.00500817009,740.1517998238166,4.065833775155088,Male,1,1.3538888951245265
34.0,38379.73913504233,682.9892597381208,1.165920513142241,Male,1,1.0352302369589568
33.0,82140.66551696279,704.3680898876694,1.340221101546955,Male,1,1.5210821509783985
45.0,71593.96891145203,759.8870787843987,0.876779774633048,Male,1,1.6821431573476393
39.0,38872.69037447363,600.4372326189273,7.177873937614133,Male,1,0.7725297833402343
37.0,48089.63497818333,729.3429659702479,0.003065408507292142,Male,1,1.7579974065817268
22.0,53668.97104473826,766.3023302957037,2.890030727549917,Male,1,1.5933115436581335
31.0,62951.21107342416,826.0082597538478,0.45439149079397356,Female,1,0.5954447932103785
44.0,50437.27868487519,539.4219713940297,4.018992796514923,Female,0,0.20976988867412832
35.0,34626.576509287,690.8516064987768,2.1231811223810304,Male,1,1.7315830595949087
42.0,39236.6204119992,553.8510800938535,0.14380624285881644,Male,1,2.0048676110501047
53.0,49932.77305434813,549.6077982298502,3.0899595029910327,Male,1,1.3777533615155046
45.0,68516.85468147037,685.902777240598,4.2266631054339925,Female,0,0.19980957898193047
36.0,56417.567908040655,657.7455814796139,1.4227949827555897,Male,1,1.5068239575068574
30.0,38398.77610077476,764.5001478521984,7.251752130806533,Male,1,1.380162876183418
9.0,59725.59166564685,615.3823550405791,2.318507771859712,Female,0,0.8496773405510132
33.0,44195.227416827605,636.5948563802989,6.918419140521381,Male,1,1.8085487941405634
32.0,63356.12007780262,671.1504262338185,4.32579903531827,Male,1,1.4801063129320207
39.0,87905.15627492909,563.8171148563544,10.172458204196229,Female,0,0.8966256627646114
33.0,44617.604435846755,577.6930154984069,3.958485714789595,Male,0,2.109955775013262
32.0,62024.07739589556,761.6098665772553,1.0266851218154265,Female,1,0.2529533011971663
17.0,38819.10001943405,595.1044958718891,8.646492863380718,Female,1,1.1369640941656443
26.0,48316.043492130535,768.2476566449685,7.640101909194015,Male,1,2.02329457495892
40.0,50443.43430308152,710.7312580668295,17.94169935467569,Female,1,0.9359146618670988
52.0,47094.74509933429,495.24689745110646,0.4912731071971398,Male,0,1.948316100666239
34.0,86945.20533162536,703.0378691837789,4.473027358653539,Female,0,-0.03167130013510844
38.0,45401.103879824266,702.2479823094127,3.383112185982337,Male,1,1.5634663322764886
45.0,58802.77308177302,692.2928608511286,5.556544484982218,Female,0,0.4390022869784407
27.0,21048.696960148514,635.812327361699,19.605280436529547,Female,0,0.6502820300808745
39.0,56479.94845054415,555.9932544608148,3.799342567394911,Female,0,0.774961570904958
28.0,67130.8188852837,784.621276611262,5.787651332609601,Female,1,0.48104710511759446
44.0,42086.03986131424,639.8420411277165,2.132525347406253,Male,1,0.984022808248722
37.0,12346.667884393806,561.6593839664632,1.7760264625401914,Male,1,1.3880671303544574
38.0,49420.22346759012,695.7468686088008,2.042071506158179,Male,1,1.3036405742942176
27.0,50257.75775578292,575.7220029266742,0.19686467039558816,Male,1,2.036945273687252
42.0,60861.12576116456,555.0913971714879,1.6755503418570539,Female,0,0.5947319463374655
56.0,80163.54553120151,612.4527387797561,0.9494288299766631,Female,0,0.5926716844995579
25.0,44299.195240995396,583.4602235681925,3.057172231576695,Male,1,1.3882243943127297
32.0,37155.67814509579,558.7757748015425,3.0885732377530624,Male,1,1.9798819552496318
37.0,32496.23297942835,730.641176226176,7.245741243081472,Female,1,0.7106441368174984
43.0,52971.17925547399,638.61721855376,3.488705059240024,Male,1,1.6703931735606798
29.0,57190.31388227753,775.2279945515892,3.1095456478958883,Female,1,0.24400520294536393
7.0,41815.16908456123,564.5490522270064,1.3173954543310957,Male,1,1.5645243168888812
49.0,61680.24118588684,477.24389623636637,9.568957939710023,Male,0,1.5228444957229343
43.0,56980.76115228763,664.8770349249417,0.47705590578990426,Female,0,0.5081834747573104
18.0,50648.47534467335,835.5978921806416,20.16981349055488,Male,1,1.1198799523159029
29.0,36463.77918883812,703.0986829362002,3.232033633790045,Male,1,0.6703654831341964
51.0,42772.03526772915,971.5374196212832,1.028894710472538,Female,1,0.5142158947233658
49.0,13553.670534761826,683.2059120949089,2.18731865226983,Male,1,1.9208178115474412
44.0,53536.8059629705,673.5552211288091,0.07744764228504501,Male,1,1.5556659714845777
33.0,50395.11933121153,434.46373289420825,0.9107439341471435,Female,0,0.6250509723642098
36.0,52827.18486634229,692.7947440588529,2.0423968770991103,Female,1,0.6481199455325213
34.0,57564.78523346841,666.8667760019291,4.041839394999854,Male,1,1.180534529840418
46.0,55787.32229648335,609.2578801795463,0.6933275750648036,Male,0,1.114911925990031
26.0,48344.25229030947,636.322113294093,5.634492431102201,Female,1,0.21495571534058577
27.0,50730.020647441284,643.1899425657821,9.298366079836,Male,1,1.0174034855695417
45.0,28935.253749557458,632.0070847067936,4.247129403949044,Male,1,1.5610013571786063
35.0,41244.19031465861,858.9714963125962,1.7612910406409996,Male,1,1.3056484333755247
49.0,50757.06580525192,612.9137972194991,0.647084062716684,Male,1,1.1008517169762908
28.0,38962.19636131459,666.9313723853858,0.07828498276946785,Male,1,2.213963581207711
34.0,62902.261938088195,609.6098916613794,6.580155034491472,Female,0,0.4408695339024347
26.0,40120.51878567455,728.343118664388,4.950754400980364,Male,1,1.5155160410674176
35.0,53244.58116872475,667.6763699972207,3.2340229609320774,Male,0,1.9662089910961142
20.0,51748.48485223004,622.0089426829519,0.537901288539736,Male,0,1.70324786661731
30.0,61194.16390415614,457.4032054092817,1.1598190614135135,Female,0,0.2947897172700382
21.0,63511.86761042453,674.330822528875,8.44165629589342,Male,0,1.2911659955117811
42.0,60410.489164519095,619.0423726420249,3.2682043488559254,Male,1,1.8142284890188243
42.0,18409.906979252995,643.9259343112899,16.46165115582098,Male,1,1.6471614977666975
18.0,67912.2222201969,531.7542052754667,52.44291544569436,Male,0,1.7985111705352583
48.0,72909.62336291897,793.3282172720196,8.06489904690022,Male,0,1.753311955486528
60.0,42768.13573517796,735.6743175843872,1.4932675957060395,Male,1,1.2684108096022717
35.0,53549.70369009275,793.0705997640632,1.3140690816747471,Male,1,2.3470280708729407
29.0,36637.52479803827,764.6979300780954,1.4626980589069605,Female,1,0.7082735923296704
63.0,20774.322399017732,709.2317302127461,21.632043475585792,Female,1,0.6918097096205855
22.0,38919.27101686421,535.7717491273557,2.042401832683633,Female,0,0.8689945430805374
35.0,41897.91440804584,834.3387164071859,6.128481017579439,Male,1,1.5871943133477733
37.0,44677.23902972277,557.2364849112489,15.973076261061008,Female,0,0.39833080744505395
48.0,35616.28864991018,623.1592375925038,8.562786561030007,Male,1,1.7146683123396516
39.0,38998.62249774142,720.6902280626921,4.551590631359299,Male,1,1.2471673443908067
30.0,49834.905175573884,725.6540787187405,0.9254199921547658,Male,1,1.7519741829971751
25.0,38446.59525334787,707.2236726944558,0.9614852025680463,Female,0,-0.05033753023279608
32.0,58152.86498825042,609.9711518670911,3.3905351200964735,Male,0,1.9202877833187302
25.0,60224.90977096159,589.3068372644525,15.176993000812281,Male,0,1.4086136025222007
35.0,85705.81619246735,903.4532568606137,11.742815102960353,Female,1,0.8663868205287443
29.0,66885.19898185194,646.0686061500166,0.9087609273093993,Male,1,1.6912394131475437
20.0,53646.54587492622,633.8228615361164,1.6964191406384919,Male,1,1.7715538951700867
48.0,40696.03554998482,578.6443509061246,4.443515417976226,Male,1,1.511211736292622
30.0,54406.21027510998,674.4670349070958,3.2449863740491964,Male,0,1.4140445069632506
22.0,54898.939398745344,669.802280057807,0.635547766377771,Female,1,0.6397278279668
33.0,42300.30366491509,648.3773791295705,2.3046818032494234,Male,1,1.6458495712813543
36.0,61755.970951293166,688.1726646787886,15.473827317923801,Male,1,0.9308048960718103
18.0,29028.52977977187,826.3537502442354,15.125004738117696,Male,1,1.5926731534231466
38.0,46334.002466937345,590.4947293709101,4.0983829337679785,Male,1,1.6149883599440964
25.0,58337.8768897611,654.308374220212,5.042870425030054,Male,0,2.0622049333253516
52.0,45686.237786118545,585.2151547449445,1.2545415021889337,Male,1,1.3018029459281315
40.0,46898.68394856093,679.4698360825628,6.773062399587349,Female,1,0.8099306220370828
31.0,47933.212082115795,593.1530498625581,0.2696215895080055,Male,0,1.5477188405915914
28.0,37465.98138968382,597.4557008565811,1.246681710972895,Female,0,0.21684041958423872
34.0,67608.51397361312,504.0476625944374,0.02950532374847822,Female,0,0.1580868080449523
41.0,34729.43492115778,659.7794782819675,2.4363695994833705,Male,1,1.0975332184832913
35.0,54772.389911148275,692.9769621904977,9.49431413717319,Male,0,1.7888893907499215
33.0,56204.718474235604,836.0476353192296,20.22962293566943,Male,1,1.6772190513635838
36.0,35770.6714818655,696.9502481189845,5.509427830710507,Male,1,1.6294708387158994
29.0,51096.563815711146,605.0315876702681,6.829845340939549,Female,0,0.45063286047194223
32.0,36355.517408829466,514.032091231391,1.5241382959051757,Male,1,1.9256294152498155
14.0,70865.63712583919,527.8712994334521,3.673312634140054,Female,0,0.4052137087441544
45.0,32918.2559453568,520.4371660528028,6.669987929620241,Female,1,0.2599645593812904
38.0,40191.543586520536,837.8042035449381,3.438568105253383,Female,1,0.21453737703181364
27.0,31636.624874666293,678.781049692637,0.46357291304272974,Male,1,1.4450373821622862
54.0,29634.51909698672,591.7033780738108,6.752015019947234,Male,1,1.8813165478965104
36.0,73868.2293632344,554.0140394846736,1.2395152161523972,Male,0,1.6417223629894098
25.0,58141.62010868843,564.3892159606079,0.5140281936724673,Female,0,0.9264049521857519
44.0,52104.40138550816,589.0700605493621,3.2509935516867516,Male,1,1.3433781262075104
39.0,40151.34554979618,781.6255216255153,0.387695060763923,Female,0,0.7603049003167143
39.0,63614.17716570153,647.005655294225,4.963748999351743,Male,0,1.2497100843584892
31.0,37636.6634094882,505.25335827260506,5.1148334827963,Male,0,1.581776642031749
40.0,61904.589414951544,881.0459274730372,1.483291009062385,Male,1,2.1551463685344947
32.0,36912.33085091546,535.9838860634103,16.6959634063869,Male,1,1.3321711234082714
41.0,40332.38447186492,590.9164690076133,8.69920207561977,Male,0,2.0789448922057217
16.0,61374.23579176882,781.0144387633882,0.5803491583297702,Male,1,1.4989151624064518
31.0,62957.410162336506,691.5149632609067,6.901802553205647,Male,1,1.596650695195101
52.0,58962.094008451415,603.0077000375791,2.177622139724695,Female,0,0.48158938080666325
27.0,34254.88826364808,526.8633073906166,6.937245570932438,Male,1,0.9910942206680986
29.0,43299.09701415757,553.3309891074973,8.06709895682584,Female,1,0.8014434032936812
31.0,52353.4811179777,559.3503880923535,0.8207074377875736,Female,0,0.5012096330616179
23.0,37260.78557134863,650.703179784955,5.421209961319215,Male,1,1.5627666513470102
13.0,70564.4414019394,669.1061817281303,9.929026009433315,Male,0,1.5488362331839767
33.0,13970.795840741812,635.1345371368658,1.9531802015959703,Male,1,1.0395255285715097
36.0,38318.90726946271,646.078618607567,0.41869262498311693,Male,1,1.5194312732649038
34.0,42356.50245695253,544.9276804805679,0.1382306844501538,Female,0,0.5532538398729506
34.0,7340.845028423486,679.3136106223889,0.5826744767699079,Female,0,0.5904991597901376
35.0,29056.563046457137,778.0518636836996,0.021073955245141437,Male,1,1.4569285951733408
45.0,59379.34268813103,633.7208318250431,1.979648146120596,Female,0,0.8049939638113515
33.0,50454.254548294455,631.7713293570527,1.7785812179258196,Female,0,0.07541665825837035
29.0,73597.04033064353,658.3001052052848,0.584586683151425,Male,0,1.759698931671431
32.0,73178.39668827229,761.8204859759392,5.26510586720102,Male,1,1.428314014569662
41.0,56495.6956790592,560.5277000561359,24.08338221991947,Male,0,1.4849244483574668
49.0,54698.57373501067,795.0847335732135,11.55946210274247,Male,1,1.6947480122608054
29.0,50988.966628683505,692.1222239435237,1.457450567072086,Male,1,2.180877873613788
36.0,10173.769731807646,652.8680695698868,7.347980583009329,Male,1,1.4421583809345488
38.0,29081.60730010887,771.323883666432,13.81226240255499,Male,1,0.9893179411230246
25.0,51510.13254648401,531.7937926123544,11.841714428134747,Female,0,0.46976442976777916
35.0,59240.385631215075,702.2045536244708,10.79456798452145,Male,1,1.680733099000103
20.0,54345.047182072114,693.0309564506617,7.719433400470677,Male,1,1.9537872819128403
17.0,36613.025484265134,556.4544935606207,1.7335627836911232,Male,1,1.2162884072994773
39.0,64061.09423704243,696.0638122953821,0.4363101304199515,Male,1,1.4869740531757358
31.0,72236.66043131956,678.3305179380486,3.3453894484925435,Female,0,0.4853726779605802
37.0,64069.8440043701,632.1261880310066,0.2817467703248886,Female,0,0.6989108013017538
35.0,64843.98994385706,736.2817555230333,32.4244932038361,Male,1,1.9605700021617671
25.0,41611.61303067184,592.8245747642335,2.218247320230694,Female,1,0.5247711650325861
35.0,66139.01184051199,677.0321245843369,15.891059420856271,Male,1,1.6032460018710246
23.0,52186.37958991486,636.8326217544682,7.416692037833178,Male,1,1.374028659545166
49.0,57673.33292783007,588.5303176992333,2.649115982399744,Female,0,0.2250889269984403
21.0,55481.477642370635,700.2884685118771,0.6295818048149704,Female,0,0.34294287733683515
33.0,48177.693418393836,629.2264252650848,1.3537517350890838,Female,1,0.45241174989226496
25.0,37099.962873165474,502.69935412904533,5.589657179383983,Female,0,0.0748294067029126
41.0,48767.95004668931,469.89338952820157,8.8578787897902,Male,0,1.6107698543009574
32.0,64801.42426224234,728.9057468083201,19.422158802190015,Male,1,1.0017923875817853
30.0,43377.862920306354,527.939989277317,0.708752148610471,Male,1,1.2023321138759349
44.0,63400.20893912219,677.9384493400606,0.8477019967374699,Female,0,-0.33778254829968035
35.0,61056.06005926507,655.495189362815,0.21683175100950813,Female,1,0.43243488861252943
40.0,45515.93904470254,613.14682230291,1.5079890809107273,Female,1,0.45732286586781734
25.0,70832.00155429365,845.666845721534,8.60373148633245,Male,1,1.6881515752445637
21.0,44666.79993213941,667.9674018460446,1.1048349632556385,Female,0,0.45739351461114236
36.0,72643.20293918948,725.5633482682065,3.9688695900659026,Female,0,0.6177882253964465
32.0,56511.90472311459,678.4816215339808,2.9566293847085525,Male,0,1.3743092668553736
41.0,49762.011223197296,626.8460576882519,1.971337003062125,Male,1,1.276897113654191
34.0,36682.9792949352,648.0911249764058,4.816209616544521,Female,1,0.6940555013021334
37.0,48676.09654797438,795.8542765660484,3.4890480573942684,Female,1,0.5032740551512659
19.0,46943.607297583694,758.810529260043,2.0380608581359088,Male,1,1.1566553951870717
54.0,31125.554221236416,845.19864316886,5.8374150632197965,Male,1,1.2585105953935751
33.0,46735.76865923499,672.1642092972884,1.6422994441738266,Male,1,1.6596629402096588
42.0,37942.952298543714,562.3062934299252,5.152665929826337,Female,0,0.5340322530230688
27.0,58789.87653468172,605.9483055640188,15.761447206440604,Female,0,0.43400024779196145
38.0,69594.20713592305,531.2221808201409,6.52729637604031,Female,0,0.4311718172920452
22.0,31596.26485557139,726.7044128875277,2.709857978020591,Male,1,1.7181712304506103
40.0,75684.61592550384,591.4083683922752,6.882894966619622,Female,0,0.3803411104303736
31.0,48071.73448422305,344.468205368049,8.283743548037403,Male,0,0.9830001814635275
35.0,35374.679225922286,896.377569832993,1.971442501145859,Female,1,0.22597494056768513
42.0,61366.321703122754,592.9398861511685,6.106141058905225,Male,1,1.1655553531364948
23.0,43303.18282617428,592.3409074514191,2.8493071947552906,Female,0,-0.025780859286039126
28.0,48773.94985952759,817.1611692660367,8.53311749758049,Male,1,1.3608453552874542
40.0,43935.82633681882,529.1748549202484,1.750466078230284,Female,1,0.11716062098405677
56.0,37748.9310220265,763.6605886533167,13.883760487310271,Male,1,1.3536247860217736
34.0,60859.95548602856,591.2557556575979,4.2758245579694405,Male,1,1.5925868105125682
41.0,45705.47895658719,517.6204555403141,2.1793894746071754,Male,0,1.299881936220059
34.0,28450.22311731131,820.5717761378137,2.7182187155206443,Male,1,1.646279100992433
54.0,58265.90186323899,742.3096947062527,2.137009447312042,Male,1,1.6528802144161998
18.0,31916.26473464367,742.0000984515043,0.7905628814228352,Male,1,1.7663250684372187
36.0,32701.09740987112,686.7655546788775,0.3547546337443279,Male,1,1.4597157687109914
19.0,67889.09307465974,709.910163307768,1.9414081797535518,Female,0,0.054102799501304866
10.0,32054.901511846823,526.7841975251956,3.0688198307047285,Female,0,0.7541818533948866
38.0,15253.327146087642,661.161085724466,2.2456505400493447,Male,1,1.3070544437947151
36.0,59342.92227442244,557.1236999549155,0.07008644214580842,Male,1,1.3091977823402914
32.0,45442.04855778305,511.10594809369456,4.325686407007227,Male,0,1.7186467688496427
34.0,46735.17318292825,691.0953330708031,0.782195948377838,Male,0,1.879277965153865
66.0,45282.494099747,765.8149555659545,1.1849782417540224,Female,1,0.2592362926855538
32.0,53475.0490852809,611.6631175771936,0.6434217030957118,Male,1,1.7252942959336313
40.0,38709.21137145398,628.7987107665458,3.6743555129365157,Female,1,0.18306023527027165
29.0,72141.72311848646,536.184935491696,0.49998182245796224,Male,1,1.314755018632884
38.0,27856.542795359022,650.7217146087897,1.4809726655180673,Female,1,0.18382296474412002
33.0,56673.12375015685,726.0076112388414,3.004742980300905,Female,1,0.708901456420965
31.0,59631.81505814876,729.1527736727774,0.9178650086543316,Male,1,1.9397261992695676
53.0,38605.223587499335,704.5176175630933,2.955131790544744,Female,1,0.7201771609348026
47.0,34643.983320832725,588.1568832805465,2.098340922700976,Male,1,1.14554307860556
36.0,65257.61321255234,584.9870956572848,9.85193766218037,Male,0,1.6966396883794401
12.0,35137.088689749275,729.5404473240933,7.921366388715755,Female,0,0.7332589985558317
31.0,40900.040888741496,731.1998932216732,24.706420859815754,Female,0,-0.28398876373762294
62.0,63309.634436896195,632.8005014568107,3.763548995265843,Male,1,1.7631959098515124
33.0,50521.11850308537,607.3828092434314,4.283004423029079,Male,1,1.7127895503829513
46.0,23042.84498556343,766.72470934457,14.654017403761522,Male,1,1.4740945579508382
49.0,76205.88716830271,614.0051335186753,2.550731062153405,Female,0,0.08630942003207748
37.0,42049.83861830051,724.5932224523781,4.05608148638523,Female,1,0.9161702949037811
27.0,43958.64065140374,636.3156825141901,2.3828094040137824,Male,1,1.554777974965195
11.0,53836.76378489548,545.2467218963,3.9467565639825475,Female,0,0.19917580238955052
42.0,59376.15195506109,811.2312140023703,0.4210751748273578,Male,1,2.1194179034073715
27.0,79416.564369372,662.0063895731477,7.657620269079777,Male,1,1.363160209153914
37.0,25098.977758914556,578.9256020111917,21.09272297145655,Male,1,1.753999308751951
23.0,62389.283133889185,510.9194332224796,0.3400046882919857,Male,1,1.7293428218180427
32.0,61145.14541075115,520.9999201763167,8.07325061797317,Male,0,1.3570526048465938
35.0,47942.52633688825,612.7088595905399,1.3836104355414998,Male,1,1.7162898090364975
38.0,61809.10542224334,842.5128883533592,1.1004102953196202,Male,1,1.2550937431391054
24.0,64014.1102645482,591.5338121325757,5.910573844234895,Male,1,1.5771062963200702
47.0,29270.558225194934,794.7454832346205,0.22567855405089612,Male,1,1.4366119514062616
29.0,76246.49758821246,636.9236331396916,3.1110149783083174,Male,1,1.6330649307123803
18.0,26618.566202927872,531.8849608898317,0.007227550809592348,Male,1,1.6569504910560895
34.0,32970.255781418404,602.6788811549604,4.041600948776235,Male,1,1.3413833595621936
35.0,46073.18489563856,521.9012076262557,3.100242645503071,Male,1,1.4970980035055037
37.0,78874.10769780586,564.4031548036146,12.353989638511067,Female,0,0.5429755185449152
49.0,45376.150553699204,561.4251938124082,6.3696861449539055,Male,0,1.1731616828918696
33.0,49520.99164923784,459.6196132518734,0.673409824989605,Male,0,1.389065791900636
34.0,71481.17905856845,801.2796068814725,2.1889598786348667,Female,1,0.109157718685715
24.0,45495.22786151791,671.1017030222282,13.410433665769027,Male,1,1.1618682486636713
43.0,32323.449306039864,581.3721594381898,6.461000005608531,Male,1,1.2588528522270621
37.0,43741.477471425285,672.175774643339,4.510399860948284,Male,1,1.4225229413537066
31.0,70561.87750708667,566.4519606357939,4.0943637704934766,Male,0,1.5165072326246278
16.0,51062.97495582705,382.8938034630244,2.538307062532748,Female,0,0.024447157954903154
49.0,78959.8738858439,945.669163322655,4.399811644179586,Male,1,1.8600897942148849
23.0,61069.02389393233,668.959987667706,7.384694337714425,Male,1,1.6840043298515694
29.0,40327.86595409775,591.0986960685235,0.6821790395413124,Male,1,1.4744399528111258
39.0,50766.144566976174,456.60851883225666,17.50464213749228,Male,0,1.1343226967341122
23.0,37201.728227871805,500.585020485744,1.3680074806812121,Male,0,1.436235524430417
20.0,39973.50454026845,815.4491929554905,2.9687059225301344,Male,1,1.4180225706297138
14.0,117186.26376538635,800.1938548798466,0.11488799665334372,Female,0,0.811829301977038
42.0,65279.36765050716,725.3215035998948,3.9963835475912033,Female,0,0.18663887239710197
30.0,62916.4698351001,538.4922961590186,2.40525693613309,Male,1,1.7299373774234665
64.0,40652.29527037904,800.9973987977011,1.4367831089029703,Female,1,0.5817146351547775
25.0,73543.76099421618,694.9782617944353,21.176403523414926,Female,1,0.2788010007244203
26.0,66491.23402689406,715.4924448351535,2.794315354872037,Female,0,0.2340466110411097
29.0,78224.31934036656,694.6170944443246,2.6747067862800957,Male,0,1.7255038732173233
37.0,77496.71222597673,499.3012815373896,3.109747509061609,Female,0,0.4760605859956398
30.0,27813.66067853717,530.1839049253113,0.6173609484830959,Male,0,1.6399977378742403
41.0,33352.40766095139,598.9781833591638,2.4969241811664014,Female,1,0.10693286863786033
25.0,34943.18276804545,714.3639707533114,2.050410694342117,Male,1,1.530098527085436
21.0,35840.89035001345,511.95679177568536,3.1286059617523354,Female,1,0.7480243708281709
17.0,54851.78546390586,632.465358505581,9.711324843470205,Male,0,1.0994354616172417
13.0,41497.948218562735,632.339048983695,1.0708285807545732,Female,1,0.576867970740024
30.0,81088.97811143778,729.2739689327577,4.679143373936872,Male,1,1.7225843282965236
32.0,78570.19823122457,717.4671535607663,0.19181826937768703,Female,0,0.6890315706454884
29.0,49903.07608881441,548.9774070947867,1.9047833094502151,Female,0,0.13699784965031053
47.0,79329.89324224685,794.6686169487302,3.199526311249526,Male,1,1.6607030873420867
47.0,72322.01940860302,533.6760171249709,0.385912742642202,Male,0,1.549320858382922
32.0,43239.40161234111,759.223944190075,3.925960765659452,Male,1,0.8126616476943479
17.0,19861.769839616576,594.9855101651601,1.8576785368739388,Male,1,1.143926092893955
29.0,46730.47422558906,666.3925953433372,24.675329988489057,Female,0,0.7940419117759439
29.0,40330.668033822905,672.5987460104305,4.984379942267977,Male,1,1.5978180143680196
28.0,53097.58437718746,669.7707440708796,1.3997283521008719,Male,1,0.690099940040262
28.0,51338.42430312124,717.449919843457,0.5416760419596335,Female,0,0.8761324030483089
28.0,50945.26488348843,689.1459497933532,0.20786022958588665,Male,1,2.040790691928024
31.0,57855.27112068747,728.3649129870538,0.475803908887493,Male,1,1.5821388879676896
29.0,31812.170793744823,696.4619960345135,5.698101612290069,Male,1,1.5133188317681656
37.0,56170.404163545616,523.5544741074157,9.65484134487877,Male,0,0.9514913724365405
39.0,43405.75770474491,676.9799074557988,0.8523589059023415,Male,1,1.4187354617145724
26.0,52999.7329979553,593.6130097494666,2.5719469451424986,Male,0,1.0070334250387007
48.0,64361.14767848285,539.0737522092717,2.1866007496435897,Male,0,1.1332630853502024
25.0,31634.003401684557,621.01601073227,5.17140460225839,Female,1,0.4240159854230589
19.0,45780.59520995646,668.323559903509,1.0086099610495207,Male,1,2.0218320071448246
39.0,48221.98648956704,674.9675027987785,15.322123498843368,Female,1,0.6050466491409124
27.0,42285.96542644039,755.6024745140268,6.520004146398511,Female,1,0.653156648735632
38.0,63497.44244199436,780.7309118971577,15.513456874084353,Male,1,1.1029594179626279
11.0,39194.174617992925,683.6280830757356,1.624284497633054,Female,0,0.5870822639201609
49.0,41668.99400836492,701.7106377009409,4.430209841691092,Male,1,1.1975719094306547
42.0,39351.21300571903,659.5309033175655,6.5888428195353335,Female,1,0.5499582161679402
20.0,66380.83117158203,726.7225463649585,6.2058856201452315,Female,0,0.6047539043205299
20.0,42613.33831381675,698.6988138837064,0.10788611187974993,Male,1,1.5536409760233496
52.0,56900.68086325334,644.5511906142196,31.853864204394498,Female,1,0.32438148208959305
28.0,79635.57651845111,865.19825670043,13.159612310939865,Male,1,1.1231624778855018
27.0,48877.72369474122,595.3816636558181,0.6377584268028748,Male,1,1.5382775175100676
12.0,66680.91020049737,795.4456956708337,3.921564320577125,Male,1,1.604311847523987
31.0,75070.31126139691,514.5707073673063,1.8884456989088507,Female,0,0.6359089632719405
33.0,65407.87340060621,731.3616536451455,10.55544607655522,Male,1,1.418419291867242
42.0,49747.98026033389,793.6568351726837,5.978694490616375,Male,1,1.0064117695174906
21.0,59631.61638497921,459.278092899208,1.2649036579614028,Female,0,0.46007266187688695
20.0,30689.321102969818,663.8950573055095,0.1722385662184155,Female,1,0.6404985360275282
40.0,38299.35262775072,721.5414041244044,1.7247328309884247,Female,0,0.19385210308069395
45.0,40929.872275521215,675.1963604128066,0.19441766862402957,Male,1,1.3923248415401621
19.0,83609.18180261424,687.8155935606964,0.7617406860759002,Male,1,1.7394704654742275
46.0,37811.232286171,663.6223162376664,5.054903592378776,Female,0,0.762953333782393
35.0,37587.848731072554,540.5752173638408,6.834126949717833,Male,1,1.53304647189117
46.0,34341.18529626525,886.8045592155443,3.1557177853659564,Female,1,0.5272719191736981
34.0,58397.176428961415,599.64621366842,4.585053338505469,Male,0,1.1693803411728165
10.0,52139.32089003324,693.4161238778905,0.8473329035367854,Female,1,-0.24622697056905418
33.0,66301.38465539848,585.3160322914573,1.9048028382017692,Female,1,0.3415952625454466
46.0,60068.89499116031,422.41368099793016,6.239342158894652,Female,0,0.4974641321837936
26.0,29294.15229913899,557.5487126251031,2.2697941202836867,Male,1,1.5616126669916068
31.0,37890.83344984444,505.2393307724862,2.144778498407847,Female,1,0.46331911945218923
33.0,70479.93122413733,759.156753922449,1.0783120065690857,Male,1,1.7528471247171873
6.0,46950.52633134792,589.3131983955545,4.5171795027921045,Male,1,1.4215747856804302
52.0,67813.8772702702,598.5908660820037,8.291528806108468,Male,0,1.6232340356518848
26.0,47754.78578127024,543.5669287396264,3.1691585222046603,Male,0,1.6264408165941209
40.0,35485.15357567218,659.4035398715102,0.6138857451832123,Male,1,1.7200369598683949
34.0,45451.08833499941,578.3541483638719,9.112148089934163,Female,0,0.47202096997880433
48.0,35479.25306675456,749.2354731246788,0.37037042687845195,Male,1,1.1728562129377782
39.0,41516.70856396364,680.2039323089161,3.1907139494935493,Male,1,0.9371041649822331
33.0,53013.88559847869,592.8174214275552,1.5128100662463548,Female,1,0.3712286597313845
26.0,57674.076355535304,735.023305183702,13.769278928025702,Male,1,1.6418344885076606
43.0,26147.130151185527,650.7940523023238,6.6883438705300975,Male,1,1.6241276010877823
16.0,49739.47988736353,652.1496905689951,4.1782677312412115,Male,0,1.3293561922917365
41.0,41200.763966603714,503.73650962680745,5.509419784053061,Male,1,1.4184683623946688
24.0,40273.77786561781,642.8913867214686,3.8042108605644573,Male,1,1.2497109069111714
48.0,51990.269286996154,682.1544639317998,0.7985024382506812,Male,1,1.4678717266818246
37.0,41743.22190966182,783.3566822198345,6.173855879187875,Female,1,0.9538571075591806
41.0,70732.06992270012,574.8106370096677,3.393006949577421,Female,0,0.3713329240959453
36.0,67820.9281437659,877.8108623385511,5.029836532057996,Female,1,0.36772889446895957
17.0,67727.42440913059,705.6868316828986,0.23127563634265125,Male,0,1.717136621977017
26.0,42576.347067645474,498.05881239661926,0.7659586554470095,Male,0,1.5093748919366994
42.0,35562.51747621017,565.4801885914444,4.450319361433658,Male,0,1.8417596226508306
37.0,51230.448940821734,792.0999164216819,3.0756455569570513,Male,1,1.5296216108544267
47.0,47744.774505705995,774.3229142962394,1.2865640709622093,Female,0,0.3861172792885503
39.0,40867.65256364953,651.8093481560503,1.377192792384406,Male,1,0.9816062929200131
25.0,32363.983299995576,664.9917703057852,4.993721365560025,Female,1,0.6876961858623412
27.0,49377.23046097893,533.5389726274029,0.3038854977635757,Male,1,1.1126473765717886
36.0,43938.958246212904,782.1442740235342,2.848088717681454,Male,1,1.3791512118793912
12.0,60325.2055555703,551.2232913225532,3.7022790134043393,Male,0,1.5506896554694947
52.0,59976.590772822194,734.4741111123417,1.841877089637827,Male,1,1.2303922287454059
39.0,66511.99708134076,785.2042368665138,8.589288528241523,Female,1,1.1411182624038134
47.0,31110.566721799427,654.8155554219509,0.2922234054705664,Female,1,0.28662976178228217
19.0,56015.87461540449,746.7611366122198,10.041478929114865,Male,0,1.2348566946422344
47.0,39088.01440649492,834.7639708025695,6.423438282997235,Male,1,1.5352174854481448
57.0,31693.78683783373,676.7968799210738,2.9552493271704887,Male,1,1.1260614073913984
22.0,43570.96644576935,632.4698183568054,12.91595399130818,Male,1,1.1499228725999415
43.0,66030.57470201926,643.3147142448483,6.05730882518154,Male,1,1.5930104791341126
35.0,44415.22469644274,575.7012097327912,13.371531159490651,Female,0,0.13320087538653425
20.0,73481.81989938668,573.4416207263126,3.198883130307152,Female,0,0.6404146934232555
40.0,58233.177732805,694.2406763825703,3.0162865112902724,Male,1,2.11459734135341
43.0,44088.64281529134,633.6050177850715,3.7830195040350443,Male,1,1.350937022058277
29.0,67400.72643359614,682.7569176851266,0.3383261088011381,Female,0,0.4913630299782152
47.0,56680.95158171428,501.0063850147429,11.956767408760903,Male,1,1.3397647982758805
18.0,36011.60917329942,640.7381174812859,5.50884209468573,Male,1,1.4146816544845748
20.0,77882.03953370772,753.0117850090463,4.80625322670183,Male,1,1.9555039749613852
36.0,53892.18234629715,538.1075723023982,13.049869466700827,Male,1,1.9516413882543677
35.0,50281.94287978238,651.6526414134552,25.28641613900824,Male,0,1.004867677279063
28.0,37167.00995141576,464.5390689101589,0.8920065988218115,Male,0,1.3309006969659614
43.0,67693.07401411608,519.4537977726826,6.911451637959586,Male,0,2.385192191175739
40.0,57759.1314104196,730.766088767805,4.336850196457565,Female,0,0.6666114508026645
44.0,59438.57270442862,619.071570668705,3.090172460566179,Male,1,1.6268043862417327
34.0,42387.029847113474,832.2072865538543,18.996285259791463,Male,1,1.8409159581306702
41.0,62511.508578651024,693.2443110424313,9.494374658025997,Female,0,0.1661505889438995
31.0,63677.203903562026,703.0595664889324,5.965988393522281,Female,1,1.079225582403986
56.0,39968.32641828316,542.35179501051,2.4118077108970004,Male,1,1.6001892039175396
27.0,28745.147904785135,611.4894623155546,5.483682307981839,Female,0,0.5036460643149621
56.0,58720.59589008386,576.7363817952388,3.7931680720912575,Male,0,1.5088192939878526
35.0,26399.795755913903,543.4558260449414,1.43420179890783,Female,1,0.48852928424788034
21.0,52280.23666756669,716.3893126096135,2.9926527800989837,Female,1,0.3883137123386356
49.0,43291.32342819039,736.451586576868,1.192631101814255,Female,0,0.5363181416395452
36.0,68279.97816183382,689.8937194167448,3.46994060230589,Female,0,0.2561615548752109
44.0,44107.34163849189,567.1932806774013,6.3690815436554,Female,0,0.43286173929933996
47.0,66609.09458005706,683.0730035097463,0.1866728290996449,Male,1,1.4130634126764143
38.0,42286.85833455461,458.7321598534344,7.248934279800114,Male,1,1.6685903768916135
29.0,64999.865075894166,782.300926870804,0.10098288366290091,Female,1,0.6004577045033259
45.0,80905.12315755247,520.1849824362563,3.641568725231708,Female,0,0.787782577964359
35.0,33979.29292450639,537.9541017561537,4.260441497956559,Female,0,0.8442871138320491
42.0,54380.53582596362,661.5292269570192,7.161554528836821,Female,0,0.38681153952695135
13.0,91231.73623865098,670.4159560242045,7.157061670378666,Male,0,1.474102253859235
39.0,50998.83240354383,642.7251401548216,2.7017480432199434,Female,0,0.15466229988752872
29.0,50926.824053444725,538.9872059017704,0.34338877123535066,Female,0,0.3447944867206249
52.0,61827.48421026529,763.3347993603293,5.91269011029453,Male,1,1.4916775896235206
41.0,50616.21296142131,481.4050798930749,3.5768208758861384,Female,0,0.5547258059426845
37.0,24391.61008144171,501.6731009551555,2.0252643904064533,Male,1,1.0951074997951207
40.0,66984.31062258407,639.3017228045519,1.3385723444978006,Female,0,0.4464850904219001
25.0,19955.773792022108,523.5766018155613,0.6377932570994989,Female,0,1.0606308172723837
51.0,43748.125232924875,772.2625276275926,1.7487981014988287,Male,1,1.2530334112196304
55.0,68111.38623734972,532.1785364587085,3.0669652660727764,Male,0,1.4278363099786406
39.0,44651.86357035821,805.7027152210312,3.24669625643672,Male,1,1.8569849173475381
51.0,39594.55261303394,753.5122165771573,4.370215946629893,Male,1,1.419113196307507
29.0,63188.95857749841,773.5055735507584,2.250758500954346,Male,0,1.7632450587578292
27.0,37233.2781974842,838.7105982953245,12.62226411999083,Male,1,1.2335899955613212
35.0,31666.614206120696,658.1227924095765,3.424601700838876,Male,1,1.9666160676922404
39.0,54117.70981239925,548.7025404180042,2.755851856406287,Male,1,1.5681050424698262
31.0,47256.150523811135,639.6992124231358,0.24683348550832912,Female,0,0.7631796795042471
40.0,31344.90328716737,593.3334394591037,4.569157318434201,Male,1,1.4505554508667906
38.0,59554.28809992305,579.0808727486278,4.61744458462851,Female,0,0.11807664210939894
25.0,56967.31408365851,665.0853436806832,4.376819274639706,Male,1,1.5708688854255257
40.0,44603.67475091552,618.8295785792253,10.928319592420763,Female,0,0.6992991607772595
44.0,45630.0199081258,574.7790315683003,7.196383987351268,Female,0,0.6570161955375281
37.0,57055.891130137345,625.4597607412742,10.102302910809094,Male,0,1.5965935295622982
47.0,67855.421296281,704.8978464203705,0.3063064558208007,Male,1,1.2095378130230732
23.0,45758.10184836013,745.6417206592696,1.914555114312019,Female,1,0.3496630255265245
40.0,59820.32739512216,489.70760868090105,1.918850360492221,Male,1,1.3835972974226074
23.0,58478.00325626899,619.6798913671457,5.350781021010404,Male,1,1.9784930386930824
24.0,63189.60939063464,635.8656794525295,2.9766103628786627,Male,0,1.679343301391142
29.0,50589.63798115198,531.7479977772368,7.513525267521998,Male,0,1.598713219490663
26.0,36315.11728900463,638.02942669593,2.4260376584349332,Female,0,0.5351826612979121
30.0,43062.51270200046,664.7995609540028,1.2526224131447816,Female,1,1.2134245833221953
33.0,55142.80198672472,701.883454528099,1.7191536986584683,Male,1,1.7550783728991348
43.0,77276.9656757239,657.715802563167,1.007336723324925,Male,1,1.698031786429208
32.0,42739.705652055825,561.9050590002445,1.1025643963588074,Male,0,1.0738435950956506
19.0,62071.81165291098,851.2030027571847,1.2220843836548538,Female,1,0.3277159739588992
46.0,45079.1532398486,732.9126771621598,0.08112819047045904,Female,0,0.19068694810039705
27.0,51657.031338292036,705.2719744649867,6.295455352167019,Male,1,1.6074924244598114
34.0,72730.95123895389,750.4831257010936,2.5508154020743805,Female,1,1.0761506183396383
39.0,61464.3887213065,674.4609171810478,0.11466139033804962,Female,0,0.3819143684971559
37.0,31380.510908885648,778.6300885521955,2.3102371750543362,Male,1,1.5502600636499102
46.0,41412.87464282614,655.6871950285764,11.788804684999693,Female,1,0.42285519120921955
40.0,68843.32016662038,650.1747460274185,3.57946270031035,Male,1,1.5525761689334605
26.0,52128.17063942743,713.5228478791204,21.61954768898612,Male,1,1.9275378775821301
57.0,32767.39820576205,807.6357546290924,3.8822030090910054,Male,1,1.4416370102487484
37.0,37715.71332539419,801.2048615289307,16.457098054177838,Male,1,1.411707868835674
34.0,60552.40284066758,709.2847598259996,1.126984997139105,Female,0,0.9818130691491251
45.0,64916.154218264455,701.6611858576799,1.7119925004501237,Female,1,0.31852566081778527
37.0,50267.82952223262,719.6042411096486,6.019365882774093,Male,1,1.5249354079752926
39.0,87129.70701404153,748.5620913336597,21.6458872164001,Male,1,1.2816918174771903
60.0,62362.28545183458,779.8731939413242,8.723351211859733,Male,1,1.4286065390452982
32.0,46347.78395550649,626.3415915996151,4.033878652877795,Male,1,1.2337961006690419
32.0,37764.40927850983,781.8061289837392,0.4449900963348874,Female,1,0.4918938688957563
36.0,35376.73543041438,684.2995114071306,2.265764891382949,Male,1,0.8374499809577822
46.0,55031.31980720554,715.093162249995,0.45195285800972096,Male,1,1.3641830266142172
20.0,42668.344326298895,788.1949321533995,1.8646122701108108,Male,1,1.568384419518792
15.0,75106.15630975137,724.7062250090679,1.4973706356677876,Male,0,1.7439718707137872
29.0,71994.6770437679,741.5995563152841,2.4596537790214628,Female,0,0.32023650297044315
19.0,59495.998212458406,611.0581466717579,9.078516952978298,Male,0,1.5456910489872395
31.0,32315.057405646567,799.831154374968,0.8148108521631028,Female,1,0.5911339500043595
40.0,39916.71691171393,719.5686711076125,1.8268773402158733,Female,1,0.6749969722668012
26.0,68835.16288611651,662.6065717840497,1.5130801164427046,Male,1,1.5773252324233753
21.0,41554.00700307347,760.1074386893102,1.7558907319383468,Female,1,0.7881471919037268
36.0,66832.12600879287,908.7830497760499,2.2363087841781915,Male,1,1.4641217539016105
44.0,57119.05884552142,533.1075498178066,1.4006317774330364,Female,0,0.4187532470535419
18.0,50775.76827219781,569.6267377076717,14.286923804902846,Male,1,1.6636146664225617
43.0,39457.50780596839,918.5305308835884,2.724512798177512,Male,1,1.9162481106571054
43.0,48586.342347128724,692.6694842304374,0.6058308768611835,Male,1,1.4222605410018738
45.0,52844.71932312347,669.0869678631568,3.1523514248682867,Male,0,1.3965137588782708
47.0,65488.083474516825,638.4614258337834,1.01935177819492,Female,0,0.31483135707216314
57.0,36713.96599049368,770.843600097144,1.2175645418027214,Male,1,1.5065344917299337
31.0,46057.747362108275,911.1247308810287,1.6776533237096982,Female,1,0.5107765927121783
36.0,50672.34697898427,583.4811459266655,0.6662849001152195,Female,0,0.19486344961489066
31.0,59940.17536529247,640.3123272810666,6.38484934846684,Male,0,1.4471653218894338
35.0,36373.03493715834,614.9272871432134,7.849799496812202,Female,0,0.48590355502985455
50.0,30251.453106691773,723.2864976819278,2.5067278582704757,Male,1,1.4343681095166145
22.0,60109.477275650745,772.2393437650575,5.8396918906548585,Female,0,0.5822982279849093
26.0,27230.76327579945,812.0932785333117,2.462917555520965,Female,1,0.9455921052421634
49.0,69274.69572143252,726.671828262028,0.8960958128155765,Female,0,0.10139775756857972
45.0,47661.10853775638,901.9332791243617,2.5305841488842633,Male,1,1.9988124816336093
31.0,26787.033765883305,592.5247016792587,4.0707852835219365,Female,1,0.7235557050381564
44.0,42793.69670894759,566.5459447567296,0.20929137551823243,Male,1,1.810411027013114
38.0,55686.854496038555,796.9344293316209,5.313587289363606,Male,1,1.4350839146131162
50.0,42009.48368667533,662.2832319596337,6.785774719569605,Male,1,1.7930031235302266
36.0,50300.44623236521,512.4059676584719,9.829502169986071,Male,1,1.7693359647073532
45.0,61101.1754855793,618.3937028362551,0.5422183197783821,Male,1,1.0637479667631453
61.0,46967.144969185705,675.5658654097274,0.0004679911922540275,Female,1,0.9305123122259495
41.0,35944.134853008,585.3751762092645,0.38044549965653424,Female,1,0.38368772043276245
35.0,45515.24003942239,548.5339312905411,12.89280006424067,Female,0,1.102808699838642
42.0,71222.6020468889,629.2370863474124,7.25268667855846,Female,0,0.7852834103291816
31.0,75275.96517999776,543.5466579638289,9.022267900890927,Female,0,0.641399170130319
59.0,19701.107390865873,713.5131038980232,3.638835956492935,Male,1,1.2515067253611838
37.0,66365.41863787215,455.61951531071537,3.7403391721198846,Female,0,0.3268259336004835
32.0,53752.215740530344,659.0424927965422,1.7727117394037786,Female,0,0.6627895109018058
27.0,63859.74018680225,701.9509888108303,9.249688959862658,Male,1,1.4359617981065507
46.0,41742.67609598556,640.9458760251624,8.853011830119325,Female,1,0.38283309003812654
44.0,23476.04735747771,759.3222897070873,2.4893112767813825,Male,1,1.5559602181801124
30.0,58767.331829711926,512.9438765795865,1.9969211991363809,Male,1,1.375250310057932
41.0,35885.341080759245,579.8910498623885,6.7041824525464,Female,0,0.6254091739116003
20.0,29175.613527727215,616.9965353749111,0.13258308435807897,Male,1,1.6171410653280904
37.0,30223.979262898003,721.2724569409306,9.82873956195023,Male,1,1.2316506834787682
40.0,59013.706736230015,671.8507586046121,2.9551916329701506,Female,1,0.014075752889211868
52.0,52091.786990437955,864.3365982742419,2.911109105918064,Female,1,0.7285831629680323
27.0,61736.990328120104,569.4214103026106,5.529360598738885,Male,1,1.500705728179668
22.0,60036.128817445475,510.5011101419349,5.188752973279164,Male,1,1.5628708838185754
26.0,43685.99653124351,828.908898293306,1.5460545932176002,Female,0,0.515635394079023
22.0,48942.89639183816,506.91414160676175,14.348018969974598,Male,0,1.605592341237755
48.0,42328.437068261905,718.3062711399045,21.462750581857314,Male,1,1.2066629277692864
50.0,46845.083407017635,552.1329957978031,3.7326239048265335,Male,0,1.2613432115078607
38.0,35491.17893028401,443.06816491523136,4.120618320676438,Female,0,0.7062972896002113
47.0,55857.26440811503,612.5216206186768,4.040747518433202,Female,0,0.04044494210337435
36.0,66126.81123472635,739.949996247716,3.325592481354947,Male,1,1.8337301736340432
34.0,37750.8045526852,527.8228911526926,14.519144330875143,Female,1,0.49141060516987944
32.0,69219.04468102014,707.6094728144831,1.4035485066279718,Female,0,1.175472727249459
32.0,51702.82244716913,726.2863561186451,0.5712112994762552,Female,0,-0.08715352943003896
20.0,53616.1846460872,522.8309858480696,13.264067469132677,Female,0,0.7766142621178199
38.0,24508.557205887228,627.223871128763,1.197878578133867,Female,1,0.6300112897331152
35.0,22891.065356513987,807.7074822327164,6.914607349432455,Male,1,1.4654553200243599
42.0,52161.74544169523,715.0592619963743,1.1399847327305395,Male,1,1.6053801805853467
36.0,61845.981869480114,623.8507535423979,16.117685310670133,Female,0,0.5958082150762137
33.0,39929.293345325714,691.529548125392,7.830019150034345,Female,1,0.5436270645154117
26.0,75051.40850874633,581.4736691529552,12.549164033302393,Female,0,1.5608144223480684
36.0,61024.03961381473,761.3695678385025,15.078126176040193,Male,1,1.0122155149950371
42.0,36374.881224380224,761.3260064602139,0.4410116163453342,Female,1,0.26447847051531637
24.0,50462.73000580261,662.0905915086055,2.8404101163696622,Female,1,1.1003171805782108
36.0,87153.93700585118,673.0706156457694,5.222045961969647,Female,0,0.6031681920810946
37.0,31361.539958004418,550.1203124994328,8.108972308739071,Male,1,1.9210136717933612
28.0,57924.04908372658,514.796357293217,1.3818761448087318,Female,0,0.8380832306899884
29.0,45158.83170914986,612.3395256058469,12.302330406602405,Male,1,2.2184717929349613
37.0,60603.444363777686,641.2598290308822,1.2485692365310292,Female,0,0.3742653869242796
24.0,69009.10469477573,756.2627497387989,10.056163878468656,Female,0,0.5397344956385417
38.0,44206.443669329485,742.242775061831,3.5945057224801795,Male,1,1.5030433788492232
26.0,66783.6840756076,668.4832888359093,3.6223861228852607,Female,0,0.06427512093123355
46.0,83318.05091407942,769.0538984372787,2.342069391703946,Female,0,0.24709932938142337
58.0,50994.121060163525,555.6513821185597,0.5463141066727799,Male,0,1.1218419201653456
26.0,61773.33031241278,757.733688727837,2.131580406499095,Female,0,0.39069474825562994
40.0,41143.38844695088,570.9571285650533,2.782050913010064,Male,1,1.721534460706283
28.0,50288.889635468186,773.9694530064243,3.2602282684710024,Female,1,0.6810958267718171
45.0,47349.87360937636,648.6653535230018,6.718000178402716,Male,1,1.3004887586635943
22.0,61954.03888487894,450.1713323462262,2.169863918227543,Male,0,1.6171722441051524
40.0,68070.13903635388,723.0157164031442,2.609372696855068,Female,1,0.8532719526176862
26.0,48355.17726323811,730.954575950078,11.827550040651168,Male,1,1.1851486120715224
33.0,73004.34268599385,604.3419945511419,6.983083157268494,Male,0,1.5198322419523758
25.0,72950.71162342443,612.8740421605984,0.1156050597163299,Female,0,-0.25826530933853575
43.0,62702.80614769851,634.0454720115396,8.358927715909473,Female,0,0.5074153862575642
27.0,42259.60202417408,457.48481873737285,22.997891424431486,Female,0,0.4840904783336835
41.0,40822.567748901456,413.5271826904857,14.047736062552207,Female,0,0.8807243388423607
32.0,37814.27967964942,780.1625638130389,9.038099908974488,Female,1,0.23972199521316057
34.0,64237.49105357241,567.5932332589423,4.9601082386766775,Male,0,1.1806395054820233
36.0,31823.476887659534,835.5264109576364,1.6299813634062486,Male,1,1.8768541983676734
27.0,60152.56481166511,787.0401801138914,5.312809102851918,Male,1,1.9832817584221563
37.0,33783.359782638305,806.7195314269738,5.946939594949653,Male,1,1.4895390786695846
50.0,62353.1917976296,584.9701047532845,1.653352622950658,Male,1,1.6147135550585199
27.0,50258.29374095841,489.1598813069419,1.474068036911744,Female,0,0.002177934915643498
47.0,70004.57842789742,541.3117693405645,2.5285591003214254,Male,0,1.4105698739641654
50.0,67121.81867481906,605.3545272847089,5.124211794045472,Female,0,0.5135222784105715
27.0,71525.98118003167,412.677026714936,1.7340634616423178,Female,0,0.47145946199909244
20.0,71912.28077433669,602.4574310875832,4.055899611459984,Male,0,2.03458515365811
38.0,52154.462509822966,629.832197248889,11.474940211708537,Male,0,1.5510648538444136
30.0,32618.10400363093,520.5579028413306,1.7484989554470898,Female,1,0.1165225334914004
54.0,34212.15417503932,545.9514901754168,16.90311292863518,Female,0,0.6331919755690041
35.0,18697.272060260937,627.9401478819199,3.206076248116222,Female,0,0.2841145284990023
27.0,33745.012498578595,685.6286548310302,0.5318514467936246,Male,1,1.8453317108424367
24.0,51032.35486556974,560.9177331999756,0.2830601942181068,Female,0,0.3599666539413048
46.0,41605.18728762257,679.2252609576269,2.067545731279237,Female,1,0.8230193253465421
29.0,47297.96593385223,663.6846007987855,1.4971470601063999,Male,1,2.0227123846972
35.0,57390.731291921016,654.6885859018391,9.280316560027805,Male,0,1.7499794851233685
45.0,45439.02112901363,584.7985876143423,6.690158278580113,Female,0,-0.003593135831170713
30.0,33172.56799381124,516.6620403964617,10.794427907322987,Male,0,1.340905421568408
35.0,49201.49498654852,819.6451979900739,4.448895193729352,Female,1,0.2882111880428184
35.0,36522.642698407326,713.0305916457426,2.8586958162831455,Female,0,0.3194601818505586
42.0,45938.20254531405,750.5731653060739,1.577445156525733,Male,1,0.9073591528666337
41.0,70141.65446634505,641.6370315161078,4.374650425344464,Female,0,0.19302163576049625
33.0,45942.42043855738,633.5974557739862,4.811997684859507,Male,1,1.5841639806652255
36.0,76564.36330021618,699.0659680725388,2.49570052862978,Male,1,1.5799763732793097
31.0,71474.53980406954,466.5311649547755,13.791096046107958,Female,0,0.47551781860916853
20.0,41310.42037131435,538.5356530646856,5.107625560069166,Female,0,0.8585969634604771
38.0,33333.143503763364,570.2225121971627,9.08480797648902,Male,1,2.1733160744761495
54.0,49211.6875711971,604.5433577458238,4.843064189283971,Male,0,1.5398800062821443
26.0,67299.91645095334,562.0304320529846,1.9029122166628407,Male,0,2.080786781970013
27.0,42647.136406569676,683.2807125250746,6.670771126714045,Male,1,1.7710032777254237
26.0,63621.354473932086,658.1447234462836,1.3084768918522336,Female,1,0.8116661609742328
42.0,68126.59983704131,789.2864689751377,4.539249344495492,Female,1,0.32880787013638146
39.0,38389.61524456091,897.3759157112562,2.5738866325039838,Female,1,0.5370875823206982
33.0,39859.233675671196,523.7149759851567,0.8119174510232158,Male,1,1.8578376352318526
26.0,60689.9304819051,664.7305213968446,2.665701911102321,Male,1,1.6427976488682994
36.0,52277.71324462356,664.5525878206975,1.8573538172315756,Male,1,1.8278316094208893
19.0,39709.077101844814,648.5801930235338,0.5951682964108893,Male,1,1.8421005232365935
36.0,44717.29327820619,541.5175429034498,8.681478931864806,Female,0,0.7232114045057076
44.0,48942.206709088714,558.280255435745,3.4515815207173643,Male,0,1.3188615163013022
22.0,26527.18362566809,674.0405611916119,2.125964173923694,Male,1,1.6491375385966658
20.0,61484.646597240426,555.4649926692764,3.515626480995339,Male,1,1.2755123723441506
51.0,42819.61716591213,665.9271972167007,7.023984766312942,Male,1,1.385880203198714
29.0,8244.256643028515,625.4050215454395,0.09232411819154976,Male,1,1.6192642165227538
46.0,49641.93547535821,664.1657903121283,3.9565765684351706,Male,0,1.4762324779188951
33.0,38876.431116597385,554.6699529565566,3.2614734520495245,Male,1,1.8946594348882722
33.0,75332.33288454016,665.7469242334537,11.1779132762369,Male,1,1.301873848075592
39.0,41218.324686200474,561.9047416523409,4.059334435140409,Male,0,0.8615597589799295
26.0,33535.34954632084,666.0695608656919,0.7385737560680016,Male,1,1.893010649879068
36.0,57618.99004943024,783.9396122439157,2.460699924570989,Female,1,0.3461599692371487
31.0,40093.289479886254,676.0983850016071,4.852010651850542,Male,1,1.528519202231866
22.0,38308.15698121652,682.1870382383057,0.2351111265165554,Female,1,0.472950751226595
38.0,57642.52074236609,731.7206517497548,10.798882347457496,Male,0,0.9349095265002404
32.0,34392.990381656506,509.6441655526737,0.35094475777604295,Male,1,1.254349473868438
33.0,28140.895127008207,821.8921573723012,0.15534401700725328,Male,1,1.671002318634072
23.0,75889.97003141505,544.441000738763,0.010088040516395662,Male,0,1.4396526749524077
51.0,58692.48106400967,737.9660997368937,5.756024106651853,Male,1,1.4002324116297042
44.0,46036.86072508452,724.6909987256323,3.043295722134892,Male,1,0.9902065050427246
45.0,49947.84185447096,559.783363849524,0.5424809907061794,Male,0,2.0433845134319912
32.0,57587.96537174234,750.8886136766762,9.696955514377512,Female,1,0.698462388803936
18.0,64600.06174420131,699.7812766413309,1.1327484411673834,Male,0,2.2025765244842046
55.0,38660.37063027482,838.9978644402257,1.9750311589536085,Male,1,1.6100322457077987
34.0,55492.19788948524,669.3378751341293,0.9783805085924706,Female,1,0.4089973478167047
28.0,42399.43735684642,639.1456668477402,13.06981505258167,Male,1,1.2846629081449532
39.0,47165.28133231064,598.5237472081795,7.095467772155995,Male,0,1.0456870827406013
47.0,52410.39301197357,475.66447286488267,6.435927873904315,Male,1,1.444050841141931
35.0,49899.82140420991,618.177243524884,0.22496606647918094,Male,0,1.6680031084420948
48.0,61033.50347453858,622.4101605741123,3.6980681277993477,Male,1,1.7005832602173028
46.0,57306.298386733906,676.2058182557435,4.28365617073745,Female,0,0.4853875816515614
24.0,27377.461859417333,507.6896889117534,2.4105498008563613,Female,1,0.2835776939323848
28.0,29632.651894018367,626.0987788813121,1.9412427140783393,Male,1,1.6175492174638249
45.0,44454.24972861061,707.6251392022116,9.550785000623911,Male,1,1.4069752281573178
8.0,77429.37893662737,717.5509675492517,0.11642804511340576,Male,0,1.4299356736529547
34.0,37226.122512475966,464.0184823862673,4.908879815362456,Male,1,1.2584030321926098
21.0,46876.659355808704,720.6406608653224,2.5064141235891073,Female,1,0.7062687644956758
30.0,41954.80959565217,625.3426086878508,5.48233317829326,Male,1,1.8244695912912812
32.0,41689.3342386788,631.4989122501446,1.1027193283545138,Male,1,1.9226944899082319
31.0,52673.596158575834,413.5484630144162,1.3633719633371473,Male,0,1.410952197857737
29.0,71011.65914293478,799.357116255788,4.419768848330449,Female,1,1.2391948383544618
24.0,56839.52599820884,667.6798885011295,19.544775153845126,Male,1,1.3075222125515815
58.0,37947.03557859362,496.8539573477293,18.38151099933886,Female,0,0.6199033284890647
54.0,91298.4426620481,687.5201574916466,1.431621531905176,Female,0,0.4235750804297996
23.0,51178.598314416886,684.4478440847024,0.539880947346726,Male,1,1.2834003382445593
51.0,41341.6856542683,772.254415293299,4.462178177927953,Male,1,0.2526798367802605
31.0,71181.44562016384,619.0311230709123,2.723485949056472,Male,0,1.146229081866046
36.0,42963.940730842725,651.1996068938586,7.170845694302415,Male,1,1.3226810858795472
34.0,74943.70482481163,585.7192199762092,3.7537090682442606,Female,0,0.3839169688109944
28.0,36940.3581355,709.7948613992738,3.5727408439288233,Female,1,0.623350655233758
45.0,71450.45583382054,571.6509658324951,5.198791365662711,Male,0,1.1610441180892468
36.0,53015.714964225415,560.700948291977,0.6757689391178847,Male,1,1.8784709419597732
30.0,69365.7834905365,643.220246222008,5.653018960995598,Female,1,0.6076972364850514
22.0,78526.48563052317,527.4136228696171,3.3522310489381364,Female,0,0.25782841433499015
26.0,33010.89064218119,810.2131218539234,8.578078966731855,Female,0,0.9249226687475844
19.0,69136.57731137483,842.7266727741876,0.7466016869667907,Male,1,1.191133171491083
35.0,28866.44143361893,604.6409914578185,1.788713634197375,Male,1,1.4788955188435031
23.0,34292.23467127657,511.34049934428344,15.003359669616938,Male,1,1.6078849059103777
32.0,37948.858103113445,683.6592038902062,4.026798692892285,Male,1,1.093925617371475
49.0,57554.54954266792,601.7897482031076,13.246619234857643,Female,1,0.48153180024862247
47.0,50495.238154022896,767.4681132528032,5.840376224578866,Male,1,1.9199217437285325
35.0,47492.95873755746,571.2853404470096,13.047682490432969,Female,0,0.7374347567288135
34.0,52193.529185335414,704.4513222428443,1.912354692795388,Female,1,0.42628774266954095
54.0,58869.34383940209,661.3993589391694,0.47448699608014094,Male,1,1.6223167430382313
40.0,60023.72185912029,582.373848938659,8.10355014598452,Female,0,0.5852875517708588
32.0,66412.50253422697,674.0049828491941,8.160175391882797,Male,0,1.9256625799452727
21.0,77300.52219151158,737.8532558474849,4.822506999599899,Male,0,1.62877190148021
39.0,49679.56441337785,658.6848519055396,4.332388825702399,Female,0,-0.06376812402300058
43.0,42183.66556803626,659.7284665126258,12.320121303298027,Female,1,0.3391584573004529
29.0,59203.04193777782,562.7216572146325,0.9709493391291791,Female,0,0.28439209970602175
38.0,32836.177756030695,764.4204797904135,4.79257337888867,Female,1,0.27864065112522773
31.0,39819.43801832583,754.4546578143184,0.25525930621234083,Female,1,0.496300539438547
33.0,64990.71419589185,608.9440811313503,0.7591456812334313,Male,0,1.4471151089669152
10.0,48138.07437773444,637.5711540517004,2.8747975644977766,Female,0,0.3214227546179089
33.0,31877.113124629414,791.4220672690327,8.607643164554995,Male,1,1.8122039724963503
45.0,27652.95401952239,536.6429178952544,6.605018566066528,Male,1,1.8829584550353873
29.0,50730.75019090711,710.4288391358781,18.26069195723249,Female,1,0.45764097615747173
36.0,67128.44805452015,594.1386226868872,0.22942733890481143,Female,0,0.4551149235720479
27.0,66928.1866629678,827.807787675164,2.4010959044501208,Male,1,1.788751561937783
39.0,51663.207543392564,656.3446728665338,0.8645745016444024,Male,1,1.3344253955372771
33.0,80133.64128644193,776.0378518140043,0.18830832256459962,Female,1,0.49848794686074904
26.0,48427.69451089306,573.8672651538872,1.5353273209997536,Male,1,1.1304312575977242
48.0,47921.48564903884,525.1471317675732,1.4016911508857988,Female,0,0.05575098257132899
44.0,11488.461353915001,626.5740542798889,2.723874835178634,Female,0,0.5073431941113004
29.0,43289.55576258177,676.2683457946837,0.7545866099227783,Female,1,0.5494316664075254
40.0,62780.22552362742,598.9268317983586,3.352699110090933,Male,1,1.7553269656180603
40.0,73459.42005289556,725.8307426274968,12.634792458443183,Male,1,1.4956059707608644
41.0,37546.480494990734,629.0046432189571,6.895381006112336,Male,1,1.1666770405251012
18.0,56933.78493939573,441.8562838233394,9.231416074068614,Female,0,0.548231890221524
45.0,65703.18548484931,705.2811979193001,8.166824294971951,Male,0,1.3006088904975053
29.0,50168.122297938484,561.7462940852843,2.4684197307148312,Female,1,0.6643587511307931
31.0,15750.793137091547,613.8402618323481,6.171490624450851,Female,1,0.45008831068102323
61.0,53709.34999361378,805.3131203539356,7.0173295479372,Male,1,1.5617214733471372
38.0,61421.459360913395,827.2811724121091,1.151143620504607,Female,1,0.8003653320292615
31.0,35788.656574723114,592.4506564907189,9.839943309402727,Male,1,1.9623474447768134
13.0,46187.682036884195,707.778663063184,3.060116658625687,Male,1,1.3371442058711782
49.0,32667.559368068538,594.7725509577356,0.08247518853055331,Male,1,1.8998637460278989
22.0,11447.786771294712,621.3127021101396,5.155480054640538,Male,1,1.372649416894696
25.0,65405.06617681485,589.4224585101447,5.646848815283326,Female,0,0.2831557438927939
32.0,49943.77199297222,477.56563196035154,4.012157997520743,Female,0,0.46664619189369305
49.0,73965.12495057474,659.5055223733709,1.1939217979305803,Male,1,1.467895350029392
43.0,62859.83287859266,678.8165386946166,3.2915845658131926,Female,0,0.14679441746728583
33.0,44686.853575018264,582.8998254688862,2.5551903170276913,Female,0,-0.010452943222436395
38.0,48752.29009843387,758.7791711437109,18.382002968670825,Male,1,1.372714373906029
29.0,58492.66086155259,606.391978290478,8.705667377724755,Female,1,0.24967709307155778
36.0,64503.25125133615,586.2788175140985,7.175314334450848,Male,0,1.0165042118592282
36.0,54840.05946113017,702.6503118108106,0.9988059531586602,Female,1,0.4677101823512198
45.0,66583.89717934227,495.7318010027471,2.0101551870806103,Female,0,0.44266526538866613
45.0,45549.968949882925,740.6679031702806,2.387855637902117,Male,1,1.5664707420738089
40.0,35042.846798214705,609.7830842605637,3.3925494740973807,Male,1,1.7243566115928215
31.0,49027.86119658305,748.9286076394089,0.15345345006160516,Female,0,0.2662618710167476
42.0,53077.77336104275,778.8130525829156,4.494823835993397,Female,1,0.25259634109472096
34.0,31976.969078910697,714.0153442357141,2.2147177424847877,Male,1,1.5570584364699367
24.0,29949.168737800668,568.8026707271689,4.123997646193838,Male,1,1.01846083492234
31.0,56710.79444710141,524.9168293515595,0.04509466419134757,Male,0,1.8646164475283853
36.0,43904.647229443646,506.5927336664764,1.938861310928316,Male,1,1.7153201714974566
44.0,47512.38641506997,760.2910701701311,7.319464837168108,Male,1,2.061489582238152
33.0,44604.61001448765,636.5199887799816,3.4765631425249284,Male,1,1.9991617661371834
23.0,72809.01352644818,590.0778205469152,7.776816495720844,Male,1,1.9025447461791032
36.0,68926.41740592499,636.7917848461108,6.002567182845036,Male,0,1.6421939321440413
36.0,31439.69464941248,758.0621208954168,9.652369644732584,Female,1,0.6272762765156303
37.0,42008.101803793295,727.8739785359551,0.03735715152593389,Male,1,1.1764079599050483
44.0,62750.0640195439,693.8506155708855,1.5144895205264752,Male,1,1.4168991892383291
45.0,59029.04355654863,713.7886057426405,3.9792420274620186,Male,0,2.395270183488064
29.0,49378.130565053216,668.0172355496949,14.1526213297843,Female,1,0.9423732485975191
29.0,32935.99692553647,680.2113057296425,5.693894054857037,Male,1,1.5930724355316452
25.0,39761.89930769682,672.1025231151046,3.049444729949,Male,1,1.4881663563954146
42.0,42248.486486805654,649.9938754372446,0.697122646945793,Female,1,0.31231462010045186
49.0,54154.914966786506,725.3373883831282,3.398345642317262,Female,1,0.12485234447335802
32.0,75555.90732045856,686.1282106200395,2.9088070186039476,Female,0,1.0733856985851644
33.0,39696.79647817808,561.9284968893043,7.535383130352244,Male,1,1.5045438246531662
50.0,34609.471286671396,702.8874385522654,2.6666228585696232,Male,1,1.7322795581871095
40.0,48371.20284758085,674.7247066379305,1.9197761276081073,Male,1,1.6097050662387282
39.0,65476.084707710885,711.1413468915099,0.4700134283157502,Male,1,1.4125159950089927
23.0,28296.75549858945,639.5793086384972,0.2380848487642177,Male,1,1.369789863251702
42.0,71804.51226312421,731.1740313767158,2.891370117126044,Male,0,1.88335829940754
26.0,47419.52956826496,643.8591449133843,2.1298340416861974,Male,1,1.687484016655618
24.0,38985.1999652994,722.3879686600545,4.052048665475524,Female,0,0.3075230877734322
32.0,25997.160698567608,604.3528484049489,6.222731737367213,Female,1,0.8151307354948363
29.0,60597.81160130941,611.2745945901047,0.20414546009076873,Male,1,1.344663944462401
33.0,47432.43207137698,710.2052523210125,3.4280493847003894,Female,0,0.8319276266474795
21.0,52560.5822413176,616.8226606255256,9.90148974606965,Female,0,0.7384930408032685
45.0,36487.823884829544,870.5782694748161,3.0363759684302223,Male,1,1.809338683770041
46.0,45213.55948623465,706.6444986779027,3.6828023453255545,Male,1,1.5272621679081193
16.0,42701.28130467893,652.49234861542,3.3353687376484937,Male,1,1.5549781172819102
45.0,48491.103419326886,731.9900776758849,2.469784507641574,Female,1,0.9001620482073796
27.0,39956.71510436284,601.9319590023483,0.5833406090882741,Male,0,1.7472108686335428
44.0,26987.285589691677,742.3014819233017,0.6754127791820248,Male,1,1.7571440904992595
34.0,90927.49617944911,739.5235216663532,0.9867043713286965,Male,0,1.6683030532744474
35.0,29548.93628993729,775.353405777955,7.864677551214514,Female,1,0.11501927783078653
33.0,52721.885104138084,605.9190468651423,1.6102103740113924,Male,1,1.8129737837086237
47.0,23419.582573639367,527.7266745862255,14.794474084297555,Male,1,1.485297335178269
23.0,20044.288450730375,588.9845360797451,8.30813610736796,Male,0,1.925877295131168
41.0,51467.397377784015,621.8369484027253,5.768627530487514,Male,0,1.7144641303735884
46.0,52615.51381652455,816.7211600851755,6.371862420871981,Male,1,1.1213329979627187
42.0,68922.48486203575,869.5012029127749,0.24401991688592767,Male,1,1.4599348198515278
58.0,55993.20261523559,684.4662304643982,4.201157048165972,Male,0,1.5974799416183274
30.0,47752.83921881313,650.9390608018599,14.155914377613833,Male,0,1.2910093309131374
45.0,35755.99633902494,615.0092169525789,0.19947765760098474,Male,0,1.8238680869141592
34.0,72485.18102350323,732.4690350210867,1.7196152552399633,Male,0,0.9071761946122099
47.0,63932.76869075336,868.8581391991518,0.2644280289713235,Male,1,1.7411378154655037
35.0,31305.05783377363,828.5850891188272,4.2168463455256076,Male,1,1.7071050150074376
31.0,50569.45592315953,763.7976612605834,0.6176259795761158,Male,1,0.9037516429157533
48.0,52160.78347289745,762.3302531113857,3.262427494199734,Male,1,1.531051371973568
30.0,44815.195150914966,733.2309886254114,6.363925546071956,Male,1,1.3695079606752503
21.0,61577.75728710192,645.2709354291466,0.8982568342442203,Female,1,0.3931569599593789
30.0,62475.99707522266,576.3451777459204,7.0399283706998075,Female,0,1.2134463411065288
41.0,47142.71453292341,647.9185910672059,0.3104647004503331,Male,1,1.7397521959187028
49.0,45786.96131303512,692.2339602131353,0.81038619562193,Male,0,1.7994961775870304
36.0,72484.37694001297,504.6366101281705,1.6432868045924267,Female,0,-0.06627812071127348
48.0,63992.58338543356,634.7049270633792,7.950605138303879,Male,1,1.8893223422190404
21.0,51085.40584862577,567.4067645408727,9.490164978547263,Female,0,0.31054576903490555
31.0,25561.864413799198,751.3841161068142,1.2447420969409293,Female,1,0.36125527516849465
32.0,55160.00159457554,595.029159784329,0.5034340806068354,Female,0,0.6240535869966131
34.0,60471.25197376502,682.8220331980988,9.41785370424438,Male,1,1.7790720056158644
36.0,8682.175574024404,579.9979707064424,5.240082171866868,Male,1,1.6836509556826564
42.0,53778.04172477038,809.7699325960916,0.8590179436953509,Male,1,1.3580658042190927
31.0,43749.62019806397,479.92430634654147,4.079024222622213,Male,1,2.0571160410598197
36.0,46687.18579805673,697.5840376843967,10.293155264607377,Male,1,1.76647071655078
35.0,36389.28570855019,522.2742331560067,0.36024630558854376,Male,0,1.3618697572566116
26.0,47777.16064394537,599.066734951515,0.4371731526435757,Male,1,1.949734528739209
34.0,70879.87364271996,670.6186703684505,1.5983256774181696,Female,0,0.5513815332030909
34.0,43304.02251776727,675.5357031316837,5.281534463281064,Male,1,1.7030539305657375
33.0,64483.60338189776,672.9266841095413,0.9801261806677695,Female,1,0.5911970247723284
35.0,37905.03171680585,665.1749140975501,8.47408595511958,Female,1,0.227614863088122
36.0,61381.342889840584,585.8155738126558,6.940082752083838,Male,0,1.2340212530773838
31.0,50024.83783432927,633.5946676911188,4.11633461034134,Male,1,1.3855845409862753
48.0,55280.372431839205,653.1634016178915,0.6168740396589436,Female,1,0.43835721635552577
23.0,50107.29884146231,669.5360396758883,22.206687631742934,Male,1,1.4105728640412747
28.0,59624.37848661812,643.4319527193012,3.367052478785943,Female,1,0.720161523782803
63.0,11486.22323099363,722.9590420984455,3.0080674122660267,Female,1,0.33459092165031035
25.0,28702.620298136455,659.3386970150942,27.095739832302677,Male,1,1.8799444087005843
21.0,56256.207470129666,670.1325967621614,9.970661055698088,Female,0,0.21301727261613418
42.0,19346.924691556465,611.7347651688483,3.047411211901701,Male,1,0.9127055609965281
14.0,42041.29466529186,544.7558073385578,2.7133274241790333,Female,0,0.8545487979084028
33.0,49184.88738445025,665.402893073247,0.5041284154523031,Male,1,1.3753837836933278
56.0,37577.89793580655,770.7446043962938,13.053148501762523,Male,1,1.5613393055689508
20.0,39626.5789595934,694.3861230730413,9.282285142071867,Male,1,1.3298326373671803
15.0,54073.73300230389,568.2506058785208,1.8553364713339724,Female,0,0.5654131364259091
20.0,65139.424336697135,731.4740025818604,6.998342742318742,Female,0,0.4273842018836088
44.0,35623.25928117789,616.4882932206043,7.192770638776067,Female,1,0.8148245896186042
46.0,41374.12705718945,721.4653980480288,1.2932754219179545,Male,1,1.4051866961648911
30.0,39031.08540009433,613.1204135103839,4.755128713454098,Male,1,1.6421066255849197
42.0,13679.30372184082,685.330643982737,1.4720486182412686,Male,1,1.6184798250762742
49.0,52125.67685476263,598.1502663375653,7.80052642797579,Female,0,0.1424212074180916
53.0,64020.76618742738,600.6947503529666,0.835055033536029,Female,0,1.0014394471499168
33.0,65249.648109738235,493.373463290426,5.52676476020899,Male,0,1.4240958572417493
12.0,36938.50435338892,701.207481916116,1.972712722793625,Female,0,0.4940263037854161
27.0,31224.529272197862,687.0169634820337,0.18426429285793317,Male,1,1.1133636205853612
31.0,50324.08321387527,692.6442716260942,0.6602604036499305,Female,0,0.43237538039031215
32.0,62439.10529849701,677.5330561131811,5.319592757932915,Male,1,1.4413354318109273
33.0,52322.75672465576,573.7749966676697,1.371620465700625,Male,0,1.9184046791935552
46.0,54339.56953810642,746.589926449358,4.985272500998017,Female,0,0.5452849447120924
48.0,67127.4639160435,749.277930009227,2.679197441022052,Female,0,0.24239268210225695
33.0,38912.95161153945,571.1762534829418,5.899873121327495,Male,1,1.201675878851003
46.0,46700.44869990455,703.2123991349958,3.395714718064619,Male,1,1.5171724589582607
39.0,74519.08267641802,737.4991185367977,1.8448011944488543,Female,1,0.5471290406114411
36.0,47047.8331535356,602.9901726656278,0.7880618720902759,Female,0,0.44189336054774814
44.0,30989.94551050143,620.3964310755648,2.08590424399445,Female,1,0.5904147685997997
36.0,39959.65855624558,703.4113408211786,5.0378388501891695,Male,1,1.5559232234777542
56.0,35927.302231681366,498.9670230585699,6.744482410780689,Male,0,1.2450686902819186
21.0,55357.43878551906,541.1482778466,0.8737892186791564,Female,0,0.27811059042086284
30.0,36560.79494616832,551.0224992130438,5.4572759429269535,Male,0,1.2569992177674556
34.0,54065.51379291867,470.36836351745046,0.9878633887074892,Male,0,1.4105182295416647
39.0,38959.021721890254,758.493977418748,1.2539828772419144,Male,1,1.632660680728294
48.0,18149.32192402658,451.1868185808333,3.7891457895878338,Male,1,1.5509807974114336
35.0,54599.29680472883,684.3110663431366,1.706837106388074,Male,1,1.6522136341955542
21.0,52226.95522320333,731.168339475522,5.41756589908712,Male,1,2.1481232283257423
43.0,57766.36723563261,620.6404045586733,15.592508831918932,Female,0,0.3017773682771585
43.0,39905.19171252115,583.1632375268755,0.8060824275103473,Male,0,1.5281517566718403
16.0,38306.83286960935,673.2842450736639,4.225793793097848,Female,1,0.788428639782998
35.0,56022.00287722318,650.1833000594481,12.839214572571851,Male,1,1.6977314790690883
19.0,72785.29358796471,750.3504862416415,0.9711345858715594,Male,1,1.8230822137164786
28.0,50167.52014259491,387.14788596020423,2.28524672448353,Female,0,0.4788048852922387
26.0,56368.77644070717,558.1292523851872,0.659759403494241,Male,0,1.3415364778187648
43.0,45176.18473361439,706.1576883916056,5.136638282754376,Male,1,2.0943975139878606
36.0,26845.54217189473,655.0447442774461,5.530344012920924,Female,1,0.36811032813076483
22.0,64511.44128731087,725.2034159196867,5.4559344182849046,Female,0,0.3107283975525893
44.0,63626.21358629243,676.2019976239662,3.905817657615926,Male,1,1.705699766277958
21.0,60661.61037762791,636.5262936758687,6.857242891515053,Female,0,0.22048080857204438
38.0,47270.81842486372,619.7711556906496,0.18268353279435892,Male,1,1.5615697681062273
27.0,58955.84149607811,882.5055015875587,15.792843025363608,Male,1,1.736295386098003
31.0,63406.42696081746,803.4946274031511,1.2557621151396012,Female,1,0.6816975877557152
40.0,74302.38027435061,699.5505098095222,0.6480495652408185,Male,1,1.6133927052397465
40.0,64827.89156971163,657.8463893448414,14.162631550654584,Female,0,0.6359563355660484
48.0,50957.31837550458,703.8132549353435,8.872651232717997,Male,1,1.4599490055242044
34.0,30376.201168634427,732.6834717872908,7.238092547688291,Male,1,2.0747206990929477
38.0,52334.874465076115,691.882668570451,0.5532373848618196,Male,1,1.5631979550087178
31.0,53848.660937739616,574.8619876613442,8.239054480638101,Female,0,0.17701793202231603
37.0,60635.44662977456,828.4510767724511,4.695539409784326,Male,1,1.5872537227887902
39.0,70308.37788985138,674.620822775402,6.58213676456339,Male,0,1.1751753105715
34.0,48572.74231914831,851.3930030389814,19.09956238125182,Female,1,0.33303533113722084
17.0,81514.80784719667,668.7147486877334,1.0810952624320675,Female,0,0.35350209279144695
38.0,23610.69469939134,625.4346647874466,3.509748656091593,Male,1,1.4394856953804833
39.0,56290.12808692438,788.4140124046464,6.9989642145860484,Male,1,1.4087519012017629
28.0,38022.194117239575,680.1186958077767,2.8427711545441663,Male,1,1.0641433172748767
22.0,21391.670004667958,663.342263450929,0.28101655416498905,Female,0,-0.005560622184886954
50.0,46973.38435551262,529.9635794357406,0.5907593245024445,Male,1,1.5974112458777432
40.0,28142.409523685652,716.0217805135828,4.607671936002074,Female,1,0.8379831921331451
33.0,47578.58152950775,600.6689617044092,1.6773926772642789,Female,0,0.33361632943995234
24.0,50521.53872141685,605.2208790926026,0.7415758074278367,Male,1,1.6768993218460209
27.0,66778.12114003923,600.9451154594828,2.0767590861748992,Male,1,1.7607383841861832
48.0,27386.222978540936,693.9033834695302,1.1218523436281738,Male,1,1.6872184891381559
36.0,63626.67748468659,496.462372642431,0.1211533627012546,Female,0,0.1326624107580714
29.0,51471.20675419691,628.9154657274192,0.8232765706992589,Male,1,1.0089050147630696
40.0,65432.73730414391,748.0278991109378,10.731239494561569,Female,0,0.37766694256579014
27.0,43523.73237453309,525.4331130659992,0.06055158636450144,Female,0,0.30486859432123736
50.0,30016.33119854832,667.2878960934585,7.432790627524444,Male,1,2.3011660284277236
49.0,31737.510106762005,586.8600579729166,7.001177562176997,Male,1,1.3589424136309856
30.0,30622.88819499326,609.6306880534366,4.153291705358822,Female,1,0.3886907091328444
29.0,57167.212293809825,815.5152260389907,1.1687970389362485,Male,1,1.7154917140717107
9.0,72153.8303332205,484.95108164549913,10.521098985996788,Male,0,1.729215234488732
20.0,41525.727100171694,726.5630338171616,3.222504836554209,Male,1,1.351471859629862
22.0,59437.02947386675,602.2071731222787,0.9509999256307234,Female,1,0.5999541679702267
36.0,27148.369127965703,597.2336014854333,2.8020281831997336,Female,0,0.5839602367198936
32.0,52704.81873765949,538.8437657511732,1.0840509208575797,Male,1,1.582430659993443
22.0,60028.4392450569,725.3899637273636,2.358087383025009,Female,0,0.3630092613763991
32.0,28278.128370846975,630.8595383715983,3.4327228393975395,Female,1,0.3304365417794435
40.0,46941.74796530218,618.2330586205347,2.2306612738870992,Female,0,0.9782062164700751
40.0,60738.757107283476,660.9836929204075,5.350769595383783,Female,1,0.6875314657318825
16.0,5993.440291557847,632.9712874258199,13.737943542631903,Male,1,1.6601228012003
34.0,70031.79592552614,449.93121202464755,2.1396990205107205,Male,0,1.2894430621397608
21.0,55305.19063836572,600.9175817022642,2.1982607651902923,Male,1,1.1702867139198838
44.0,60750.91471576014,739.5440890948324,6.702829550400368,Female,0,0.6103774781327617
43.0,43809.210812078534,499.33835358876917,3.7814033822645223,Male,1,0.8454081479872891
26.0,24159.162776519668,541.0062100143646,2.8004245864784605,Female,1,0.05418856646922321
27.0,58010.94434475427,607.3208604601474,8.404889458895594,Male,0,1.5236513279004407
30.0,48761.14511875232,577.4376581362858,11.083691715870215,Male,1,1.6688692449555176
12.0,50481.73183148481,647.2114517858392,4.46514945117676,Female,0,0.04842854309731143
38.0,66314.1047779843,540.6923248321259,1.023469444038669,Female,0,1.0218816997454998
32.0,61430.95810793897,611.2145476190627,3.139474780239685,Male,1,1.444133909391622
45.0,78818.5612563442,645.2005468400666,3.5096346717254474,Male,1,1.6958338647252733
24.0,52307.813433102485,714.8940416207971,2.8299949612478894,Male,1,1.625412096731379
29.0,39631.81343313324,774.4789386099596,1.5219841369681655,Female,1,0.3089480652854052
20.0,47173.7472963691,623.8452846146561,3.1963433270621606,Female,0,0.386737050602401
25.0,56234.9505880791,838.8060241245826,2.9578845630012873,Male,1,1.774466775541332
23.0,65237.847784894664,631.6095419455476,1.175407150110019,Male,0,1.207110289136865
45.0,27994.49072841922,732.887514825653,11.68746950042653,Male,1,0.9119298784162294
28.0,50128.06422768754,843.1507734726779,10.828961721464264,Male,1,2.0322190159221556
36.0,74143.12485557553,663.9308409235936,7.127597083185266,Male,0,1.594600474223323
31.0,46396.8669349622,512.6473378422464,2.5620224944369703,Female,0,0.4258889766598444
22.0,63965.17782303657,659.0903857207632,2.312891589286714,Female,0,0.20969306465786763
33.0,57396.762908240074,588.835711179509,6.30210518841813,Male,1,1.5440371612571318
41.0,64337.9090978747,622.5567973027548,4.683988281936148,Male,1,1.8123055231564678
23.0,37853.59187600101,848.4976882495215,4.588938307907401,Male,1,1.0470635589385542
43.0,37918.97494901629,527.7236576776124,0.662582553213845,Male,0,1.3797166320528769
27.0,50304.07838183432,680.0466822305859,4.815389134012419,Female,0,0.4443627759280264
30.0,27016.67319139533,562.2278719678276,11.606954653541994,Male,1,1.7473856867460302
40.0,45953.890900825136,619.2342058799086,0.4486196486581193,Male,0,1.7217923161664277
28.0,53793.14986273501,724.4842335204484,2.0713031205449868,Male,1,1.622308953413668
35.0,76769.53410424659,681.8163943473023,3.55670129214038,Male,0,1.5931443829597511
32.0,56040.77283904733,627.4967731038411,5.791962659239541,Male,0,1.3595474688534765
36.0,59378.42706309653,585.0199674735372,0.469547918045652,Female,0,0.7743285419496112
11.0,67467.1377057501,681.6078192153615,10.310216593195937,Female,1,0.7612672269412861
17.0,35530.13616657415,820.7686717153371,0.2069525534338732,Male,1,1.3381177308338172
41.0,47523.76006443521,559.8648057376377,9.748725804863824,Female,0,0.22891953517872005
45.0,86381.18887705839,841.1663885457773,0.14020631414188484,Female,1,0.8036302423438011
26.0,48813.16666423237,769.9497450725152,0.8333630400166678,Female,1,0.40408075526641085
33.0,66746.4612317331,786.9353367577767,8.055291802097077,Female,0,-0.006558392083839015
38.0,64456.06815759661,680.8432380929602,9.836440490772775,Female,0,0.5238737997180802
42.0,27828.29428418466,767.1129775509894,20.16130975857974,Male,1,1.7121915316991745
15.0,54657.189155089,549.1168717549374,0.6148783799740847,Male,0,1.4648271337763004
26.0,52201.21208307838,583.1956092151488,3.7375006608595718,Female,1,0.7120134362921762
32.0,54949.38181760652,726.5813813920392,0.4014744244276751,Female,1,0.46411178668416214
42.0,38688.312803134104,679.5845055223816,0.8504293510241355,Male,1,1.7697709280241598
60.0,33246.20732131761,635.1620741502231,0.9587928759850786,Male,1,1.1325547259312507
33.0,42859.84999968723,399.7391109392578,0.3274321924616346,Male,0,1.7507128504605902
21.0,48533.07504373696,606.4525951961829,11.173688663428603,Female,0,0.8374667442471423
39.0,67774.76671400474,532.5946219701734,0.6754087863195978,Female,1,0.5442462972467704
48.0,77259.6622958841,699.3534311311503,4.9623617648514395,Male,0,1.7741090104270514
36.0,70948.96769334767,630.8831471432765,4.914117060972496,Female,0,0.48868388434249155
26.0,62902.77816172766,587.1699455833495,1.1072574518242988,Male,1,1.671414432277958
45.0,34934.89606550615,914.2910482624304,32.224074037872356,Male,1,1.9480740857265508
42.0,43866.557375157565,753.8174476694235,2.1337075693610967,Female,1,0.42907738376188786
25.0,53148.89078619497,755.5872141356059,11.77436129835564,Male,1,1.270434332158855
39.0,40513.41442885737,870.2215144682173,14.81001113411757,Male,1,1.8752044313770062
45.0,58658.08478791926,730.2191782683109,14.87855171424814,Male,1,1.9305361773911678
47.0,60807.291623814315,572.9045990527134,6.988548091824599,Female,0,0.47039050505408686
34.0,58044.35093848203,561.2103648308264,1.4638416297637271,Male,1,1.9686910793422145
31.0,65377.01906836372,746.4902758754234,0.6428918345813172,Female,1,0.35200593090485754
47.0,36431.13179430389,444.06457202248237,4.218513055373766,Male,1,1.6876768556085235
23.0,63992.430561382964,642.2220368990435,2.2317412341838367,Female,1,0.4542994108812738
39.0,39565.31824819706,432.8875622443552,8.890437149367669,Male,1,1.280066207332095
21.0,35885.96071035672,659.8843508389506,6.832263626192416,Female,1,0.4263044412549918
46.0,57981.74201279572,735.4070250711953,1.6180545689622767,Female,1,0.3583658203977903
32.0,68238.1034329847,677.9415534603633,0.085808280480902,Male,0,1.438754273788895
48.0,57320.20229564015,743.8109358970598,1.3545558604122865,Male,1,2.0958106123774884
40.0,50312.06035658816,846.4826941659915,4.186422624089199,Male,1,1.7469310912421627
23.0,54652.307391522605,635.6461562737991,0.4114624905943194,Female,0,0.32383141345396377
49.0,52046.4037710092,930.7650783278881,5.36870967473824,Male,1,1.4033768535345812
51.0,33110.73655796909,671.2669956170155,5.569080689877085,Female,0,0.6941079387260727
44.0,31360.69782582627,744.916506269036,0.9279981532189828,Male,1,1.1785216088649484
27.0,48817.61180789818,588.8937285434932,4.535642097791544,Male,0,1.4164665837723893
32.0,51197.852536539554,811.9313979630682,4.669364836834241,Female,1,0.38107225788724913
36.0,50169.985675516014,754.1710198542629,3.250229133768517,Female,1,0.5197322246897185
28.0,60141.5242047487,797.1451302567998,15.314256743707816,Female,1,1.0755430344509787
52.0,46767.8492575349,655.4504421773955,0.5723605034580741,Female,1,0.5490358971873963
36.0,58444.68772857284,524.458243561671,2.609649145297717,Female,0,0.10765273226559835
8.0,47831.198490103285,696.0397439625406,10.724522065622628,Male,1,1.4839449099384536
38.0,77350.38443054698,480.2980186676484,2.441359553733844,Male,0,1.2898397824289727
32.0,51210.7059008967,616.3814196378048,2.7637933378695614,Male,1,1.2460067606636547
34.0,85110.83917288516,669.1080436632251,5.517227957959719,Female,0,0.13340411250223144
31.0,55280.173866362966,887.7224292510767,5.476542006292614,Male,1,1.7443843580696088
43.0,46794.84244117676,681.8548611941941,0.11584141185978164,Male,1,1.6252584427087802
46.0,36508.280356104886,663.953746908304,3.0412499237547372,Female,1,0.41587403269389417
38.0,28356.671389134597,643.6967575964708,2.028664555058876,Female,1,0.5272759270680817
32.0,35128.36573405765,515.7909095234983,4.940212659965675,Male,0,1.1558000093888894
35.0,36805.90536254015,658.5825840013008,4.0563024053106025,Male,1,1.382022520306684
35.0,55922.30030618265,660.2882676136772,5.2614347572189075,Male,1,1.5368862758246973
27.0,42107.51943409719,553.1391504546283,5.303222182385461,Male,1,1.2363175976960719
41.0,52803.90578831746,531.3254385571636,1.4709953857389635,Male,0,2.156194068026047
40.0,69229.6754356503,601.8429317232267,1.4148974982939593,Male,1,1.6871347305140993
50.0,48682.874725477195,656.4932978572693,2.3124190307867805,Female,0,0.1364351148269301
48.0,81187.35047700207,604.2445818618542,1.3850854671926451,Female,0,0.5119681932796761
28.0,32362.83529491203,544.9124550348479,5.741241277783191,Female,0,0.5570532444678642
43.0,47741.24677437608,678.9272252004306,4.617407306869464,Male,1,1.1402916724885992
25.0,41910.30614583532,703.8866824169229,1.21920005714282,Female,1,0.2659061378806583
42.0,64047.59909085512,662.1297709222235,10.775345102175027,Female,0,0.838381079898971
30.0,16403.125544508184,593.7017286123066,3.0870697891549064,Female,0,0.675032103619208
25.0,28353.270662332834,709.4841021232259,0.6794034548543528,Female,1,0.4583298438134218
38.0,48389.79766323556,630.9462710273019,1.1974165304850273,Female,1,0.4555787704561754
8.0,73270.66581514239,531.091629265485,3.8810198974767935,Male,0,1.3974773699825687
17.0,53387.62751055961,753.6244355001398,2.06565218249622,Female,0,0.3131532498903491
33.0,29726.788186036494,685.350801926649,9.526497954004787,Female,0,0.9370564411068931
36.0,32042.501109646546,638.0709694304261,3.4133652059007153,Male,1,1.6352730598414869
31.0,75094.84554267429,492.8947795165275,12.342891455923635,Male,0,1.4266025907889581
19.0,40682.97801805639,575.5139720864788,0.5369600049620303,Male,0,1.5276329768046495
27.0,35855.54941325354,851.8565712382926,5.522042265028388,Female,1,0.6106324824307736
39.0,72160.58840946291,499.16579381193026,10.848356745806509,Female,0,0.5678620360723604
41.0,65166.45508380486,624.8650720358307,1.7331314033020635,Female,1,0.5108759236567033
35.0,69110.89464900194,648.3664237646381,0.729104985964944,Male,0,1.3697137073685512
47.0,35749.371796012754,682.0476789411555,3.0499595755726734,Male,1,0.915889690778867
39.0,27123.415384784592,500.2829064173586,16.264002357451634,Female,1,0.5586717439583172
28.0,51997.49734044058,667.4176256404601,5.01826438146817,Male,1,1.1946380230442022
32.0,55026.89199610496,481.3894537528321,5.1637993105249365,Male,1,1.1637383195751987
21.0,55469.02705557248,659.7428796195511,5.5661113001577425,Female,0,0.4328075204900652
34.0,72172.75903458503,584.7602080990417,0.20286729159067352,Female,1,0.5765020043395941
46.0,23993.493649876276,563.4130733082189,2.9497933218501626,Female,1,0.4878641747732825
42.0,62895.425769466485,733.4817158667587,0.4037298310685855,Male,1,1.2337763351596789
49.0,33550.62433779023,626.4393756636118,1.8979549642397382,Male,1,1.712032139580519
32.0,62836.02981291262,697.3710804907571,8.618607949437457,Female,0,0.8253010169128856
48.0,42875.649432179336,700.6826911377817,5.339493336275122,Male,1,1.1618399986569123
33.0,37790.42306164233,776.9953488955102,27.099825379453392,Male,1,1.742650928866089
50.0,40851.459395761965,529.1742258378976,0.9446432242812566,Male,1,1.4611603436529816
35.0,28315.84698835156,741.9015662519756,2.5296401511145357,Male,1,1.5196019783141441
42.0,50606.43409750201,651.6461622438047,8.29419699559238,Male,1,1.4328396627086513
50.0,38409.89914009314,612.1875419630406,1.2147648584253905,Male,0,1.6269925831936805
33.0,61794.473463504175,535.0749480809718,0.8345359328472907,Male,0,1.7056418884452125
37.0,59600.84121549376,710.6590861542861,2.7896958449300433,Male,0,1.4631040276760776
48.0,75322.35579354186,557.7775478666115,2.4203220225354234,Male,1,1.0505560761775303
34.0,55494.912253116156,701.7806586977143,19.61186715964079,Female,1,0.4275764726480243
22.0,57810.16650620111,842.7830772967133,3.046342542931164,Male,1,1.3979981259289558
56.0,71001.49717741722,747.9977040359329,9.864476997474114,Male,1,1.7571854331115375
30.0,40585.059559599555,789.1434325150649,10.944742955421532,Male,1,1.2313167386622803
37.0,27676.12680765451,578.0995222774968,0.8591145889374394,Male,1,1.4056816033977526
47.0,53001.41088692591,726.2733046131995,6.281680745389915,Male,1,1.055439944765057
29.0,28660.497961783938,535.578504486361,1.6259307977874538,Male,1,1.7349466621224527
25.0,86809.08009388085,626.6517097425386,0.49765972005999115,Male,1,1.8676049376280148
38.0,71832.47438118415,824.127205621912,10.385418062967775,Male,1,1.3536006732646055
17.0,82459.6449995237,589.2157793573516,1.7296150609753944,Male,0,1.4417754559089344
32.0,50936.704649946936,761.1356184173093,2.118392371704631,Male,1,1.2570962564299577
37.0,58258.60390552397,751.5646732999714,1.9577299245201458,Male,0,1.2860237109975665
32.0,43107.86852071034,757.4741250220839,1.117564491030443,Male,1,1.7080682121397133
20.0,63243.87208380128,523.2998023878728,2.850254820213252,Female,0,0.5444404395073764
51.0,31766.851819234147,702.520096601568,2.79564171580101,Male,1,1.6425449813600301
36.0,11853.602157878318,634.3401434083137,2.6275954439849865,Female,1,0.8818745104158612
49.0,38139.3407076715,758.8496857529111,12.402446930784624,Female,0,0.2890814611975382
32.0,28167.897865740262,484.49996002731547,2.075695972972377,Male,0,1.38228049060042
26.0,72168.90104239303,686.7787889065603,0.15424955479147986,Female,0,0.37019361729774614
38.0,77235.16182620474,672.6375202840067,0.9827333152896055,Female,0,0.7029087898753151
33.0,28956.063913803337,450.9883262751065,6.391633613133548,Male,0,0.9898950535937217
23.0,69375.7341128186,561.4579643905023,4.468472384246685,Male,0,1.4723492009067392
50.0,64270.774752511556,466.9847786883149,15.155222762068789,Male,0,1.4721653588691006
29.0,26453.349729216854,577.3644698077094,5.92796553920126,Male,1,1.285286115901111
17.0,44145.98703602573,704.9217084665148,1.079857121819139,Male,1,1.6222523262441066
48.0,41297.544168132205,669.5365575648608,0.6428285311171917,Female,1,0.2343883939788482
30.0,61219.930979408,666.9400080593549,3.6777664718669154,Male,1,0.9077942195255583
29.0,31568.309736424795,546.0251891068617,5.472046709315407,Female,0,1.0941010324788603
17.0,48516.910615107765,762.0450491510533,0.9054320273487486,Male,1,1.9972285677237271
52.0,39710.98244075573,648.118032163866,4.602661201618269,Female,0,0.7303548427407944
22.0,57100.11775077715,653.3703812257509,10.013464983362146,Female,0,0.8860066859101567
36.0,46748.11952468106,744.039956894613,6.501848220028989,Male,1,1.1794587733998358
44.0,41971.31444089407,550.8654252307462,5.4560648694340275,Female,0,0.021402206210418995
39.0,46800.55136551883,672.8547769871923,7.787336781810846,Male,1,1.9106626318621276
34.0,80540.64249260168,692.346249160142,0.5495358973985869,Male,0,1.6489273053145335
18.0,43746.50545820916,595.4431849706152,1.1397218831030866,Female,1,0.7226040954274534
27.0,34384.921725743196,715.2373380759776,0.1942213046356681,Male,1,0.9690006171118559
37.0,58751.50353733948,697.7123170629567,0.7831400777777543,Male,0,1.7228077333399598
27.0,47847.12995865565,639.8823287722576,12.21972626268851,Male,1,1.5028760654329698
37.0,28771.491037002914,636.7849109865139,1.2560752741329266,Female,1,0.3145305016764517
42.0,83472.445028037,702.3547657871305,5.424985235976952,Male,1,1.6927525518067383
45.0,44712.81581620028,728.847104001319,5.881257234361402,Female,0,0.4102774649157453
23.0,44331.95819057973,656.289991740664,5.182773485552365,Female,0,1.0547888842106659
57.0,52397.53027862146,762.0189460406847,4.03629660928397,Male,1,1.8650657621496771
43.0,75951.7515381326,715.8525962430583,3.328928199709649,Male,1,1.5462643374204492
35.0,24803.820102215064,471.15360502731846,2.7229535253298662,Female,1,0.392397217088164
46.0,54139.78774130809,509.5103302457858,12.438474463732799,Female,0,1.0184118905029462
59.0,81309.08242690441,768.2235219021661,0.047799557813077216,Male,0,1.6148056031213278
21.0,51930.930211094725,625.3226868529102,0.2748667402045588,Male,0,1.3703914322272086
33.0,31469.990310447803,666.4175822797474,3.3914156546732728,Female,1,0.7213222792170164
11.0,40724.04720559021,763.9290517659144,2.006195863355395,Female,1,0.15771345940265186
37.0,53103.23794635186,649.3588782628159,2.6231879660712893,Female,1,0.5572384088505783
39.0,69962.05873459793,653.7267609589348,30.70799548283241,Male,1,1.5817714138315915
35.0,44909.96233375909,563.1270767208271,7.461268595711655,Female,1,0.13227316560302
28.0,62399.776961486474,686.999450722752,10.494465757268953,Male,1,1.331773982101124
15.0,28469.467594296664,708.6512218966824,2.2988770948893924,Female,1,1.0469163972238875
39.0,28344.224456074182,592.2118162997144,1.3692932223969176,Female,1,0.3838897494360649
50.0,42757.98966972576,557.7978621694133,7.304884116713712,Male,0,1.7219360739051057
29.0,71570.43082809894,912.6289255195229,8.240272491230217,Male,1,1.299622279086534
39.0,51033.119592706535,640.7091530151718,3.9914102303288286,Female,1,0.5521987251676287
19.0,54347.16793349929,581.6307660390709,11.314010893724424,Female,0,0.2933790314079526
40.0,54171.19393360291,720.6586445292262,17.105764392896344,Male,1,1.1698483779575564
31.0,66638.11973880096,644.9205964772108,3.184029687750352,Female,0,0.26084456232992986
27.0,40846.68961193219,541.4233676737897,1.2594301080652635,Male,1,1.469714851456737
27.0,60324.27662732349,698.3053571651445,3.6398641442137136,Female,0,0.3742129193669059
31.0,37536.760042173046,564.6879030924181,22.797745989704662,Female,0,0.15527209597487218
39.0,79749.0898388114,807.6458002155634,1.7331058339289693,Male,1,2.044253217098179
22.0,37994.13343554965,699.4504629752403,4.806431646626429,Female,0,0.3092883395371281
31.0,36764.16045382069,622.3119575473916,5.920583965311881,Female,0,0.6670884142300035
35.0,58245.04720232074,660.9347018022113,1.2035394911007153,Male,1,1.2922286072124278
24.0,51196.826471484856,740.3288121098193,4.439234633964667,Male,1,1.5760020928575076
53.0,54902.786093914016,668.5961253560798,1.8880850013205537,Male,1,1.335230060385656
26.0,53409.70693238477,862.2109457233548,9.627926837621025,Female,1,0.3510029169791593
28.0,33644.11701788842,763.5867516395524,6.272009040654503,Male,1,1.441303776470481
25.0,74200.38393619226,698.7607367561122,8.751161728243623,Male,0,1.8488451960337666
53.0,63403.13308833664,556.3014126491516,1.1137331167024298,Female,0,0.5498482645075373
41.0,70384.24926900674,635.3111896098009,0.17593277617321354,Male,0,1.4117565608590699
26.0,42075.036663343635,697.8874970052452,9.503153528299247,Male,0,1.4077748078501684
46.0,56247.85317072757,567.7138584241861,2.4449472265133725,Male,0,2.17247488436516
37.0,52960.52693352036,779.342687496295,0.9905623697557351,Female,1,0.53430669484671
38.0,66920.03939302261,552.5842658221959,0.48197835265152844,Male,0,1.0229982174750876
32.0,67403.72197744428,586.2774301954098,3.6335281560981607,Female,0,0.6658999171353511
28.0,52895.762044371724,593.7700815105119,0.8133473665678431,Male,1,1.379754827459793
38.0,27230.733022351225,724.3824460633133,4.18153271927111,Male,1,1.2836378797415868
30.0,76694.92830631533,569.5063632829227,6.497034905154779,Male,0,1.5193069948319702
53.0,58339.81150535208,470.0023429580945,3.829214906276968,Male,0,1.3278317414312457
22.0,40873.44437913287,758.8038835761713,11.70142351785426,Female,1,0.8074180417729205
50.0,56098.13207400042,605.5613714894438,0.8454649529009289,Female,0,0.4663069479019648
34.0,27333.59677321215,543.1492367848064,3.405633319119973,Female,0,0.47018709622581156
38.0,65830.29601206566,574.514144679746,0.8907939221493357,Male,0,0.8546786552041297
43.0,27931.823835812706,821.6762749184351,10.433415551162435,Male,1,1.8728465693197134
29.0,46687.48261944376,584.2956302727089,13.458862745538372,Male,0,1.7511686102829642
44.0,53666.81674408325,637.6631894623099,2.554093799304802,Female,0,1.4031228580158366
8.0,65582.5956797314,605.3081637713984,1.8246032169891802,Female,1,0.4484098021241629
28.0,51598.17014651561,526.7337456566244,1.637773251756429,Female,0,0.6705467338633495
26.0,59524.44310418825,575.7281437753037,9.820836108552346,Female,0,0.24597608712942898
22.0,49577.496373256705,519.8891592993505,5.735472814072361,Male,1,1.557886340708221
33.0,49517.21073583576,745.5881275680714,10.626089554935072,Female,1,0.19392627073319896
39.0,51282.15875522446,660.0879064613596,0.6250778029655293,Female,1,0.9018384849562362
42.0,47164.13118721438,898.2677762174321,3.231584467659849,Male,1,1.6384951620178931
37.0,24701.446353778465,579.1089275009411,5.637823383565308,Female,0,0.38453509245120376
28.0,38475.14759455058,564.113975385438,11.369539257851567,Female,1,0.5638793697758934
39.0,53671.62261667548,803.3759768355328,2.4064895624092837,Male,1,1.3797518674988776
36.0,46263.184947669215,755.7977032068135,1.8777605277983547,Male,1,1.6383005767493692
44.0,47662.8637672714,688.4765021771022,12.20726545347031,Male,1,1.7021384443687808
43.0,45149.69495841927,538.6308484911729,0.24350050773431178,Female,0,0.5275869675784618
35.0,37046.024109022736,824.4996267727934,3.265744328466859,Female,1,0.8956952620947896
26.0,42603.50808535559,642.7896840229652,3.068229810617775,Male,0,1.265705242466217
28.0,45397.52383417108,606.9324871504964,0.7894507289783772,Female,0,-0.07655338214197627
30.0,50077.14710812774,764.295973691828,2.5122218174688946,Male,1,1.475460666875786
32.0,55900.67516704569,647.770487874627,6.411469168838053,Male,0,1.1554677864446157
38.0,47291.74563671392,533.4329914368118,2.2853852496151292,Male,0,1.483971572461571
42.0,34555.17116461371,654.0302599498582,1.852858719376921,Male,1,1.5212775409142516
34.0,29028.76940121825,571.8651198429236,7.6139048182540705,Male,1,1.6335844444555452
35.0,88961.55811062836,349.0658857316826,22.42158645915353,Female,0,-0.40364191875518085
36.0,33052.77454603155,561.8289807849868,7.555941510646299,Female,0,0.7402973170219052
30.0,42220.624981034256,597.2264429132149,9.36517154349171,Male,1,1.390999220980028
26.0,57755.00453770903,534.4354890706952,14.025621538086991,Male,0,1.703564021068958
17.0,55412.909143485216,707.5246532114038,8.09169873417896,Male,0,1.3027760241401054
28.0,57812.985388423585,572.2552242671218,19.649481378915475,Male,1,0.9367812115607903
40.0,43359.24395701737,697.8426200834456,6.877449792420926,Male,1,1.6858180827876181
28.0,53578.371059593206,526.6680263631686,5.416489048635958,Female,0,0.8963988841755435
33.0,50920.15496361296,740.9218921082538,5.910217579782361,Male,1,1.3104562641643163
40.0,45318.02948688069,522.3517473333509,11.517018478538404,Male,0,1.5360197844638777
40.0,53681.1461265701,415.8469590608927,5.744396089666076,Male,0,1.501241485108109
24.0,65830.48320126059,773.7262585163228,7.16075275791435,Female,0,0.6404008211554877
45.0,49666.99664847013,564.4106196268829,1.2167946462198282,Male,1,1.1252834577386148
46.0,49766.79269534638,825.6929058199408,12.18913905606689,Male,1,2.17864603157725
24.0,66022.41552313976,706.459190120807,2.9639148077683823,Male,1,1.0757577074496143
27.0,64420.4053972822,729.0263318381253,0.8781241356059349,Male,1,1.3836752564684651
47.0,73759.04661445225,754.5472500466072,8.041872176318842,Female,1,0.37792574840618914
34.0,23656.54648280635,661.267934624907,2.2033350749973684,Male,1,1.516662073045046
13.0,63576.787747540846,662.4055417838539,1.0174347160485595,Female,0,0.3007509020218153
21.0,59023.700681032686,778.1340024194309,1.4802594033610563,Male,1,1.549910128427751
33.0,36715.21403370102,661.1358495698098,0.17787154489517348,Male,1,1.5783990254971692
23.0,53773.818769982674,577.1823153203391,0.47497755250313517,Female,0,0.5165035981601823
31.0,65766.82621636998,708.5758560162224,4.490102461330846,Female,1,0.5687604404382957
35.0,37562.616162719,438.6356585615048,10.05771192259504,Male,0,1.9165080873752045
50.0,56638.436435342104,781.9558801560213,2.9758429424896455,Male,1,0.9748808540012467
32.0,63070.30513596526,784.0439135965091,4.918274771736585,Male,1,0.8446981190258843
46.0,33934.706562027684,769.8166668123079,8.296637310800874,Female,1,1.156135250583739
49.0,47865.71461332278,765.9771962377695,2.206256132774503,Female,1,0.9400208697389405
49.0,54514.52564963617,641.5824674658877,5.3111231696404655,Male,1,1.3398424403870608
38.0,38058.02741685568,639.3317615506977,2.1572420396532763,Male,1,1.496958758203468
15.0,36812.702013596805,527.0359910229143,5.146112446646178,Male,0,1.8225987333675253
40.0,47974.330972058386,824.8041251711047,1.226995137819256,Female,1,0.8073228656205031
45.0,62024.595753555375,601.4981826973723,19.04725407854706,Male,1,1.40101066733833
34.0,59656.01001788165,683.988530975188,0.3961780803126658,Male,1,1.5593608739178038
52.0,37078.80906220487,675.4045282954778,3.5183401508177834,Female,1,0.2077628716281491
44.0,59782.518276735296,515.9580818395843,1.6864377358472855,Male,0,1.131135661481464
41.0,37460.90335750237,475.5324975876795,4.59193757814906,Male,0,1.258504837138819
46.0,25847.453030098484,650.5586620867348,2.7957655491577027,Male,1,1.7770062848932076
38.0,44492.84643429153,604.6243882388491,1.8312141931212909,Male,1,0.9811003993437942
10.0,66844.54057378604,641.0563140756665,1.438661290441531,Male,1,1.1728958407830912
30.0,59839.4082821206,756.5415630203232,1.0075134052052601,Female,1,0.2502202098873444
47.0,49976.422889402085,672.4944150537023,7.636509667191579,Male,1,1.7753513380380974
27.0,43749.41774613414,725.8522540764731,1.2564288819160314,Male,1,1.1745492492909595
33.0,44153.56795825353,694.5328162175578,7.425629990183388,Male,1,1.7375678496499516
25.0,51631.77358791194,618.3665806760168,3.3183167518023575,Male,1,1.394004322060321
53.0,33973.43771231257,549.8196832806937,0.3748464452827853,Male,1,2.03361164519821
52.0,44778.38982198054,676.4717868113469,0.9042692379536649,Male,1,1.5384978861864225
26.0,46766.45807960347,658.3892619346092,11.17017832477064,Male,0,1.8200825133345948
36.0,29733.883123227537,741.5156337504748,4.616775907271405,Female,1,1.2221166738615037
28.0,37423.276236536374,634.9099930277507,1.0187465732755077,Male,1,1.3647504911810973
41.0,56157.60187229572,620.2658454884478,6.083009672348015,Female,0,-0.030413077624382723
40.0,50142.67759911491,627.05006162184,8.66542711483762,Male,1,1.5025135000526355
43.0,45368.573132099256,558.1273364994554,2.0072644458589832,Female,0,0.5347806614721451
38.0,36328.58843693054,794.6909944820458,4.066360926552121,Female,1,0.12126544939189077
64.0,73652.74738383826,763.9628754615761,1.736806329471372,Female,1,0.537380935622935
25.0,37430.311779810225,528.6970171041953,0.4172434783410672,Male,1,1.5347559340664334
18.0,53773.89210892606,730.394814197255,2.550038772702255,Male,1,1.714983361037243
31.0,42681.963678893066,465.49949360676345,6.960194529637405,Female,0,0.6784908599588607
19.0,50544.189389575025,748.5289233111023,3.0687259648717906,Male,1,0.716983690739247
20.0,56864.14612910558,580.3649548892324,2.59823044995297,Male,1,1.6474702984557488
25.0,29446.15116188171,685.9900557678252,2.2785883173631842,Female,0,0.640805433710378
26.0,49900.75633769768,457.0490310458328,3.0709113228875435,Female,0,0.7365900104453529
25.0,67860.92973469768,530.129576832205,1.9153069222012808,Female,0,0.8875793139209174
40.0,76422.52840238005,696.870296724941,4.736123906163702,Male,1,1.628144608915628
30.0,48049.790401173035,579.909181661722,0.32838106444908366,Male,1,1.993585902996344
33.0,50625.21810825363,566.0037129627801,8.235391883822711,Male,0,1.3892005412481019
44.0,83169.995429023,789.5861697452098,0.9507623756959989,Male,0,1.400500434224313
27.0,67023.86422398797,871.0959211272875,5.018029797227732,Male,1,2.1924928723301917
32.0,40740.731461171716,743.7013936819483,2.98811714556598,Male,1,1.7687966641492538
39.0,40715.248236708154,540.8119428264936,7.424909219318019,Female,1,0.7181454694844659
16.0,64348.24192680903,826.35193328177,8.747524127645887,Male,1,1.2860986991614607
11.0,34834.44304931404,493.8567740351618,1.1420392433843056,Female,0,1.0146380127374386
38.0,66315.9012700828,619.5508545924674,5.653288728285714,Male,0,1.3010904302595472
40.0,55014.499456265126,655.4777766987373,1.0530342432941102,Male,1,1.3400298061299114
56.0,57765.81146040608,842.4037843838748,0.661936013497056,Male,1,1.701191005620429
37.0,46148.9929477992,741.2659137551725,13.31749514899617,Female,0,0.14440075641358097
43.0,40552.62793630385,603.6242305200481,0.8979608474609401,Male,1,1.633027696475426
33.0,71929.89246302481,555.504372922025,1.2947082034491597,Female,0,0.8013476090766721
38.0,46298.940791697874,750.2192653803254,0.6981727972243646,Male,1,1.4564576021607418
52.0,43835.973851392075,596.6641042779645,3.177145794045661,Male,1,1.8628042793785342
14.0,48797.94398180286,671.6740087864976,12.604160915594562,Female,1,0.8919826166284842
39.0,52895.33199076914,513.0223510740884,1.5330044753352685,Male,1,1.5352491153368297
56.0,34537.62309920827,706.92578552242,3.90281644174789,Male,1,1.3259291945364062
38.0,41526.92758689632,698.8695145747479,2.650541196747004,Male,1,1.992592129592845
52.0,40729.518891409134,525.8379938341828,2.04743651279333,Female,1,0.22471558285030385
29.0,62679.20456910272,753.162311287164,4.244944511706868,Female,1,0.4880359159118251
35.0,36710.56148000166,705.4745808242782,4.0923378926358875,Female,0,-0.032485340020124376
35.0,23663.482133629193,724.0024252780098,2.2264895296304577,Male,1,1.5327430851392416
13.0,20493.58155640769,612.132130724987,9.504411821035943,Male,1,1.8264314408400986
23.0,27944.29797986424,667.8956411286442,0.2731897114029379,Male,1,1.2133301111493267
24.0,70423.07304272166,656.3378868865325,0.4454589440990933,Female,1,0.22254344638930662
43.0,50243.09899226078,635.182959524577,23.43258453290151,Male,1,1.507835101653883
44.0,57518.73630210804,667.0503278165846,6.885343484686429,Male,1,1.623468248336602
38.0,58047.31590681994,775.6442973796383,8.1463897396173,Female,0,0.6830263764855232
43.0,50842.7587758848,757.4950638703926,4.615331611392514,Female,1,0.15303661756043768
33.0,48878.280550230375,531.8139322531143,2.722432798050086,Male,1,1.257060565374935
47.0,65667.89644727211,748.540181690694,4.960824682042179,Female,1,0.13153054299838934
35.0,52189.9387146896,769.1143372748036,0.4857752835663403,Male,1,0.896609036954028
36.0,70986.46218895122,634.8822326647634,7.089320787301086,Male,1,1.1067959567382812
32.0,59312.449179348,700.8447103797777,3.890727077063586,Female,0,0.24323916420911312
42.0,40733.05589778458,699.4001667303017,15.701697086795107,Male,1,1.9642056314113316
31.0,42542.98964195096,565.0033383325699,5.0733127620853,Female,0,0.5504629255425609
45.0,39088.02790318581,611.8043712471672,0.8225606741115878,Male,1,1.7938398702380058
24.0,68263.22032926073,725.0810238851607,3.246131067883895,Female,0,-0.0664106232571211
24.0,43924.23570581671,600.4177763168549,0.2978066355509617,Male,1,1.590228846082343
42.0,38022.90804800551,747.5499559262307,6.840888502548958,Female,1,0.6444750093211242
34.0,54796.6706169023,780.4972440849762,3.484084745338318,Female,1,0.733638369146848
30.0,48542.49340441245,764.3671841980471,2.307427021129884,Male,1,1.7863509865055658
44.0,54418.52768862746,847.9804603169457,17.29668317681236,Male,1,1.6973646761580263
29.0,78347.20855840764,640.9267717708888,14.117180598576361,Male,0,1.8849540563497995
33.0,63696.06208893289,667.7201073969063,15.2701975756321,Female,1,1.0322760116932113
49.0,50405.1583145286,682.066304776264,1.2485301693134847,Male,0,1.1931522577656175
50.0,28873.64923690987,643.9602075009261,6.520247551457389,Male,1,1.9519304262023565
51.0,42500.562541870466,704.2178974101645,14.53697146135719,Female,1,0.6400269388800903
32.0,60665.69153817955,478.8795970988011,4.229979869290829,Female,0,0.9311233395702168
47.0,32434.384405072757,670.490538869252,1.2050125363935977,Male,1,1.4929897191572348
26.0,82114.55444495531,512.2563350117105,8.513593520962363,Female,0,0.665688247988254
26.0,50216.24843953323,553.7376722392422,10.597912479416504,Male,0,1.6596394241885797
11.0,50732.72589814227,723.2889811029913,6.0740800058329825,Female,1,0.3675365767586324
52.0,40000.32210563033,630.088376155098,1.737534620059094,Male,1,1.2225554151577611
26.0,57451.066351635774,719.7614474715806,1.0578903173415601,Male,1,1.8448083094556713
34.0,32629.972902166523,627.922339639887,4.894419747666431,Female,1,0.8321673548715084
26.0,82473.38883652186,760.6406316391156,3.296633233920957,Male,1,1.0822933905309482
42.0,69760.26956978017,626.0919294378697,5.524903486217011,Male,1,1.2655965405953478
31.0,64764.44667795568,454.5081510436877,0.5922268930110702,Female,0,0.7904360227943983
22.0,29143.56491315286,672.539258201127,0.7304122926304066,Male,1,1.9434045424346125
39.0,53081.199056866266,433.1140154297449,2.2540612846341768,Male,0,1.2910104170437633
21.0,68136.29597021006,504.7279097467592,1.4971560376192417,Female,0,0.9184513946492965
27.0,58896.580990366085,561.705347100143,4.829225472935937,Female,0,0.14717411204515957
14.0,34968.36343049338,549.2290522229813,2.290695692382662,Female,0,0.5511548754491529
21.0,40248.593670370174,595.4949195583715,5.759603103846297,Male,1,1.26252429766428
37.0,43220.95792991014,545.7932176468894,7.322326154501137,Male,1,1.6172464870647631
15.0,40948.43248267089,509.4047336414327,1.0361515205467333,Male,1,1.6171295371035495
20.0,72931.6825356546,804.1835744840774,12.617645039856438,Male,1,1.6898963788948926
35.0,21184.80291765116,582.1855453608105,7.736069094311331,Male,0,1.5996918868388559
30.0,59838.787094882544,426.92323468526024,4.927946850795522,Male,0,2.074358815500824
55.0,30615.449376073233,613.9081626990743,11.980571309848244,Female,1,0.7294771226267588
53.0,35581.22768823398,537.5268941972446,1.5453372556023073,Female,1,0.25298717004028726
26.0,19853.999496969238,561.5032372707186,2.738426715058297,Male,1,1.6913198436942043
41.0,41764.18353261701,721.0342481352485,0.4484583583195895,Male,1,1.5824139604580785
42.0,72660.97477308821,605.1842381214782,3.0457015903086266,Male,0,1.7674530858289172
29.0,53972.36363697167,534.7403398782114,3.530156422536846,Male,0,1.559016703153791
20.0,32024.576795013545,694.6253509957245,4.786435109738708,Female,1,0.12448027249388155
35.0,65257.21511568969,764.9940830609086,0.3309084885152092,Male,1,1.6041879788309577
33.0,68469.56395353029,703.6872162639845,0.16502366227952148,Female,0,0.2819387261851303
31.0,51560.69721558628,404.64444283495743,2.722689115824703,Male,0,2.1355562996063453
39.0,80521.23737228886,538.5010497602987,1.0482580924844835,Female,0,0.6674310590879234
27.0,62323.46186936922,654.7448530636206,7.11040241297931,Female,0,0.9582642246817553
23.0,60239.78760938882,625.5700594735985,5.5242024807735755,Male,0,1.8778376903007017
36.0,37949.31939250565,617.2724846060803,1.9713424322508537,Male,1,1.8602847035705234
39.0,59410.97728432011,551.7243307159166,0.23432223986577208,Female,0,0.4897402070485589
23.0,53251.8691640674,509.441591692256,1.0071770846458443,Male,0,1.66351545738602
44.0,57797.4350400654,850.778171781302,5.883074710802832,Male,1,1.6990197320728824
17.0,39731.21571288004,652.7110953138912,23.108984909754966,Male,1,1.671363312532295
29.0,51921.4832653848,714.2121788867418,1.9760424755206851,Male,0,1.2844339970936425
32.0,37747.07749677563,650.6251173583809,8.097347478816992,Male,1,1.480405994754511
29.0,17793.018500509523,654.6348698637989,10.090659574029704,Male,1,1.1409608488945207
29.0,64974.56852867575,643.7896600190712,0.24690127002299664,Female,0,0.4464979837283539
54.0,27464.16527465724,537.9554140925568,12.397900182406552,Male,1,1.6293517283000971
26.0,51607.79697173624,498.55105419657525,3.138695541426167,Male,1,1.7097966918923602
59.0,54995.03194173559,688.6225373744987,16.654935173200492,Male,1,1.2675630702579521
39.0,54898.44523794582,668.7842407271166,3.8669710095959298,Male,1,1.7893464696063743
36.0,45753.813896026244,743.8280898459707,1.3403352869621588,Female,0,0.5226572264591963
40.0,54068.1721291996,723.5360826642027,18.378494977759498,Female,1,0.3781955676803713
60.0,57064.50604677743,569.1487807250329,1.3939744972152532,Female,0,0.6516373823776971
25.0,61024.47223627978,763.2591308921872,10.705658327603892,Male,1,1.3206687742829422
24.0,76001.62009076394,726.5027195154518,0.9505298526942001,Male,0,1.0949226013858033
27.0,53512.912272473084,719.0841569857336,5.61607595754576,Male,1,1.5654471418504936
35.0,50960.73267526553,874.9326791978808,2.6491215470820166,Male,1,1.19123343173693
18.0,36399.06551974859,854.3958762508188,17.881000103241703,Male,1,1.2796452164281105
35.0,56539.19485849005,718.9913766554886,1.0214411222588988,Female,0,0.3708494264062165
52.0,60010.74654710853,706.5197205837529,2.6279594945763156,Male,0,1.3256618160252294
37.0,47115.45223577559,758.165518176968,5.105150591859621,Male,1,1.9368612848646087
32.0,58169.187562760555,591.6046230329629,18.99803244694464,Female,0,0.2206054512840056
29.0,45612.25709675987,593.017074240895,1.8110445450918309,Female,0,0.29469568765747967
44.0,60064.889781333855,717.3421407091913,2.528121297098985,Male,1,1.0708320823638746
27.0,63689.034710446154,564.3523910872427,3.0975507644091724,Male,0,0.9880780473665649
53.0,63479.41800095728,709.2769485523255,1.456446127372094,Female,0,0.7634519358978971
54.0,51767.66489211951,665.683216653619,8.501046302783738,Male,1,1.5622453172767443
38.0,34400.47772574423,564.3809895407882,0.48253030456355583,Female,1,0.35753339358277797
35.0,40821.30421037269,652.5866510288299,6.1003404007573625,Male,1,1.044169604464836
45.0,58927.359858270924,780.5081592138416,3.817086157440846,Male,1,0.9386002778582695
46.0,86732.18458610341,658.2370450653838,1.384877669237732,Male,0,1.543631576404724
27.0,44889.18842701877,658.6547647617978,3.3945497977650363,Male,1,1.7804819476345928
30.0,56837.5651758221,682.8985278904596,8.858287145396154,Female,0,-0.11271875070120052
22.0,41659.21163780895,695.9188522891609,2.947915823509024,Female,0,-0.09124308060436437
39.0,35390.49433626349,616.9159533918807,0.6499612562720402,Female,0,0.2239049375716453
42.0,39855.26204633956,685.0261047967048,0.20828860431292132,Male,1,1.435935141642935
22.0,18762.920349459928,545.0929640409267,7.520803618794383,Female,1,0.6950289943079218
30.0,70301.52594361626,570.0928943166111,2.005621309894892,Female,0,0.8779531711714361
22.0,16548.046206280793,582.8850891924377,13.386007023354043,Female,0,0.5974384645411087
26.0,46042.57654399051,696.9762689634108,4.800523241272014,Male,1,1.2666889849904521
41.0,32328.08156974918,666.0232827556277,2.866022536719173,Female,0,0.07706885393671731
28.0,36734.296769566936,636.5640422756047,4.155899675944921,Male,0,1.0856235871351216
32.0,70647.83989608003,719.0769989585286,3.0544513524843575,Male,1,1.0163356173407214
19.0,53016.00485047088,687.8862082742336,11.812263758508879,Male,1,1.2923869896381641
37.0,35519.05761227449,621.0023220017129,3.0626481387134734,Female,1,0.24280240244687834
35.0,41157.24301255234,546.4769157180187,0.5494343239592765,Female,0,0.17755826400290114
28.0,38517.78169336871,568.0291198773248,4.545186001757326,Male,0,1.3575279946129062
33.0,49346.81491881679,503.31905346071085,4.8772990866727515,Male,0,1.7490873213726517
37.0,52593.375271815385,664.0569550150826,7.247876586204331,Male,1,1.9145110788287858
27.0,78433.6215984284,563.7861217546329,13.536562982322696,Female,0,0.5686223928979053
20.0,21255.488510034396,600.467701801613,2.9266834817485603,Female,1,0.5437382795702776
53.0,49477.81527863071,637.2409319371136,2.1699140484570436,Male,0,2.0599684967579908
29.0,45266.48461198217,754.3995191330686,3.374287463815486,Female,1,1.0479922891113604
34.0,64198.22791575173,742.879059831682,11.52288046416218,Male,0,1.427511828972679
45.0,55322.2717726759,644.5291528746026,19.555712425130224,Male,1,1.9801531020597452
70.0,58855.433121724185,776.55034894003,17.742980692950745,Male,1,1.217931621458786
23.0,55176.29279022624,448.7651490679139,1.3048470219204304,Male,0,1.5466559817179144
39.0,36020.133120746905,837.7220549766513,3.434785509066725,Female,1,0.1278009389046234
28.0,68168.98244739519,719.2499714304585,1.5019728469692692,Female,0,0.2014074991563478
30.0,61977.573569235035,660.2803285019929,2.2941932105812524,Male,1,1.1445604614121965
28.0,63732.946875871145,560.8640319247937,0.16098453845755492,Female,0,0.11772131717775108
24.0,68960.75255760747,606.1932633869536,0.875346664909372,Female,0,0.4461489246511438
35.0,56265.126509779395,710.9350895578041,2.529820257635504,Male,1,1.0600326853520985
20.0,72214.8860617624,713.2079383531413,2.2683262106547493,Male,0,0.9305690502448019
44.0,55664.59357679961,716.8393370590787,1.6344196167587224,Female,1,0.18158877360616088
36.0,46714.12117963087,577.1503265633539,1.3088344657073514,Female,0,0.6991966308359209
39.0,49900.94134274953,557.0152286984791,6.9106295947442735,Male,1,1.5054961496852863
30.0,49642.34347795825,669.5205244352506,1.7445947819761458,Male,1,1.5703824928101717
31.0,42209.13016864186,726.9853957771473,6.13013154961206,Female,0,0.2131008924315994
38.0,74478.33272555331,650.3184849504859,2.2992773548117973,Male,1,1.795313592006742
23.0,54444.43048255501,798.1484246885167,8.096917003152802,Female,0,0.5152136367661153
31.0,51421.0771374936,653.3137462190111,0.9150090329690304,Male,0,1.5376579105271433
26.0,55824.11382389651,649.9291356167014,0.8575246224982012,Male,1,1.5616306860590952
26.0,94697.81775105721,717.0559991192669,5.692053208955866,Male,1,1.3602668536756168
14.0,33024.13717100511,771.9230137592039,12.320536820654342,Male,1,2.083628130401368
48.0,37324.422324255866,515.0744740195455,0.7715092344538653,Male,0,1.7424628372657314
28.0,29291.434738295055,538.1988291964402,0.38281053995930037,Male,1,1.4691572625581695
47.0,46511.01142346771,618.6738562255962,13.639010470296505,Female,0,0.23378110178161077
46.0,53682.776649910404,965.8941784588663,0.6240020589841797,Male,1,1.3830886860573048
22.0,43020.16222488384,623.8531437459068,1.440857092581413,Female,0,0.42811970427409995
24.0,41904.09802772345,637.8217056989431,13.260299204779631,Female,1,0.9584077021624218
61.0,52136.07299942199,711.8351929807918,8.120674250358874,Female,1,0.26081428020141767
53.0,42468.382627554536,747.6928902813474,2.098513519262712,Male,1,1.4252678042725455
35.0,54652.63740774257,666.9785116454756,15.453261809494697,Female,1,0.5486762483584267
38.0,66713.51520113906,766.4347495040256,4.197209980575956,Female,1,0.4888528739966342
29.0,60155.457047012096,530.6028816974081,0.3749555318512895,Male,1,1.5523836712602634
39.0,63215.20020747803,573.3911575257275,6.07124170760632,Male,1,1.5095643313399938
28.0,66288.77617260079,766.2486950579639,3.8531372468488345,Male,1,1.621529873300678
15.0,54242.42240178054,651.0943114783474,4.250034889729687,Male,1,1.4595097333575138
22.0,47620.38460935348,523.7549394991336,25.66761282071925,Female,1,0.7358801803754161
35.0,38416.20393675206,517.7462068382792,0.827406466601696,Female,1,0.20559399343738072
24.0,44132.327545464184,568.9059194655296,5.347149829457889,Female,0,0.6333807659524187
34.0,42144.71700984659,650.2125542157917,3.0692877563217333,Male,1,1.7105220123796618
24.0,60975.084899313675,696.7379569726788,1.5865371754396664,Female,1,0.2933891258599152
27.0,55201.73831891294,617.094000005586,5.913418367396246,Male,1,1.4529646780845962
44.0,60451.367940714525,688.4999189239519,5.516307506387882,Male,1,1.347807770393948
37.0,32594.94715849773,606.2933513306385,9.706930773160028,Female,1,1.0438683031104783
35.0,71476.24226361618,772.3920201616918,10.554423079921447,Male,1,1.8293589497446645
44.0,43595.29442739856,905.1840094572356,4.125621229448917,Male,1,1.4028447186394974
40.0,33499.750368880064,610.7387267915576,1.9694559705004453,Female,0,0.45542240891394314
49.0,43411.73352767281,697.9932810798946,3.7706516190928534,Female,0,0.3888191795336533
30.0,87256.48988881262,689.8410824150112,2.225619574334516,Male,0,1.255421618565275
31.0,44184.247002626485,663.8695426259925,1.6241934358852816,Female,1,0.08187444378050196
22.0,45123.55292793612,715.3250945341291,4.01007339000408,Male,1,1.6145923652297711
31.0,47118.42979055486,697.8821188979828,5.363760436163618,Female,0,0.5257108296420271
45.0,47770.69424852817,602.8946429615105,4.464962368262246,Male,0,1.355183424786288
48.0,38277.859012981186,781.6545772622687,15.441378770977954,Female,1,0.22519103791379153
45.0,52148.196248091954,670.1666247486776,1.7736421877315816,Female,0,0.02731675956686902
17.0,66133.92362297495,611.5199580169636,2.3287967253178765,Male,1,0.9717427766014597
46.0,54714.339732180604,894.3202523847401,5.5077252734798074,Female,1,1.0461840275725094
17.0,33332.52051650021,638.37866228444,4.585938513956675,Female,1,0.48448203695462816
44.0,44834.811425994376,675.4943841423749,0.009325617997625331,Male,1,2.068999789244332
31.0,41727.088998475556,667.5440344580337,1.8719072616914176,Female,1,0.6269432919370708
42.0,50794.09202352202,637.0105389048792,1.4635524855324928,Female,0,0.6090170626597552
22.0,69956.77507343475,694.8664705044016,9.160248233628266,Male,0,1.1129535424472126
47.0,47766.758059686756,565.5000090908375,10.05886702270114,Male,1,2.160364220120393
20.0,48677.67696694414,709.6543386523058,1.6696293939371687,Male,1,1.6965056838739547
28.0,76664.67228229145,474.164597160757,0.538322247423283,Male,1,1.4614840395378865
25.0,63143.089875074904,520.1930248742871,1.1483360902710196,Male,0,1.8658557518336059
17.0,58611.21923159803,832.5724547168516,0.9713739580534319,Male,1,1.6166280076870532
36.0,79371.97422952663,524.3819973278214,1.3553399969283184,Female,0,0.30313894229044064
53.0,57347.1688219102,454.00411479631396,1.33707686425217,Female,0,0.5237201789262736
62.0,20202.092870337165,526.8583830933812,3.2680811248088864,Female,0,0.7819802668130056
36.0,62489.98636820541,824.0057269196734,1.9256761928016197,Female,1,0.1845367116990539
46.0,26119.873143220248,470.8138259727285,4.1028776120662185,Male,1,1.8334726325713624
37.0,56780.08052873672,554.418581740845,2.1089986556516536,Female,0,0.025046828872922033
40.0,24293.8463880614,504.1807515683013,8.42827326221754,Male,1,1.9059554028542198
32.0,42997.16884400121,622.5870802909991,15.058543882980047,Male,1,1.2513941329365363
37.0,44543.232055851935,606.3979101819264,2.586888990232037,Male,1,1.3202940190582138
40.0,38448.2133915237,601.9243493272967,0.2536700687367211,Male,1,1.3642756686654005
29.0,44767.220042132,835.6133799405136,1.3694103097441699,Male,1,1.2302770798424167
34.0,65488.42580540829,530.0924682362452,0.5371363841518232,Male,0,1.324071720466307
34.0,39290.7063176067,639.7812220282889,2.1137983262857,Female,1,-0.039518581410824094
43.0,58177.113192658115,683.8601246320734,5.179796638570472,Male,1,1.8605978840975428
24.0,35515.25540589049,551.9790737927856,3.658482848531017,Male,1,1.5897197429093912
34.0,47157.506354118064,698.6589981246602,1.3911390460537474,Female,1,0.5169582557528041
54.0,54857.588994911755,610.0189505446692,7.2891462892850445,Male,0,1.320149154130766
47.0,35052.0737507216,687.4309066189855,0.7048275257652095,Female,1,0.5584740536101716
48.0,30324.193506339652,639.2000748474347,1.295123074860804,Male,1,2.010151733638377
35.0,57378.17225868332,444.94687744336954,5.6357865015021025,Male,1,1.795666589118332
38.0,66846.20599010958,780.6098712765742,1.0984624821068079,Male,0,1.864263221433442
45.0,48814.024707689416,857.0458315354072,5.677876130287803,Male,1,1.2873146409123113
51.0,43140.30640164944,632.3245818065186,18.848571608148724,Male,1,1.1179641367094018
15.0,52335.1308153258,560.2047948133396,8.899746044478507,Male,0,1.6720131932204347
22.0,50832.19878148071,800.6012721175688,0.871829676373025,Female,1,-0.10636868256708976
48.0,53643.53811066877,839.0382902867472,3.675040463500225,Male,1,1.5874757394716525
32.0,12076.323495294288,633.1204588410003,2.7436895162085895,Male,1,1.6237404570434588
28.0,33963.435632510555,628.1319384779486,23.9391069255788,Female,0,0.2826546101507276
22.0,37321.54841844719,642.00889023285,16.67714676566278,Female,0,0.2915195782734874
29.0,52263.014427673435,482.54511107546955,0.6797404253502088,Male,0,1.0618801322191582
21.0,52788.16825433399,620.8874121306773,11.969713433741456,Male,0,1.5328189414454851
56.0,59542.70733026054,821.4941887549245,1.0747506589288234,Male,1,1.7035470458137216
35.0,53863.72623815655,633.131133922944,1.9242809541141384,Female,0,0.3556790608420593
34.0,30488.973944189966,545.9965472127794,2.1801987741467452,Female,1,1.3727358915790187
41.0,71705.0692637759,699.668561930448,1.690121518124323,Female,0,0.49462183311179664
45.0,69078.77455133549,583.2801201505888,9.594912629416863,Female,0,0.3042262002753508
44.0,31127.040649596114,643.3547876332073,2.001883424670861,Male,1,2.2010404555508916
46.0,54990.579415612745,523.1151219452721,8.484203714299728,Male,0,1.597120408018739
29.0,41068.63422135476,546.3375838813269,25.90428658630378,Female,1,1.1271513558666806
32.0,52082.959838008224,723.7659254863593,9.186762190939104,Male,1,1.7430195378766071
43.0,65799.65419462806,661.5866779401088,2.1243324667858445,Female,1,0.4457646491508901
30.0,81951.56399481438,572.3942613157184,6.211011530281003,Male,0,1.5086205830058006
35.0,61269.16557713915,661.9535130304903,3.8170269075263192,Male,1,1.2250345320590257
39.0,54424.02102665204,589.285329127274,7.721008733303135,Female,0,0.41110507091732196
43.0,44902.68247537554,571.623983062983,0.8308478935882403,Female,1,0.22322889032781346
17.0,52732.02306516765,766.4034397248306,5.082414695907173,Female,1,0.15921243329338008
42.0,70396.5783999247,728.2877553188772,7.428734557050384,Female,1,0.11158025700947277
33.0,49329.36864860622,647.8727150368906,7.161300631848196,Male,1,1.896464911547066
42.0,36708.310229785246,664.4337337249704,16.56497184528172,Female,0,0.7356866797679635
43.0,25704.652017250603,649.1601982665657,0.3009340487673214,Female,1,0.6563216447974617
51.0,57695.71801115376,698.7009259173539,2.12155314144363,Male,1,1.560500392336736
49.0,53709.32188441609,570.0498341544305,3.2366030345110635,Female,1,0.4126812604004309
48.0,40311.37740106555,736.2504733368643,1.8536051381404688,Female,1,0.5978386055781109
49.0,65390.21188560947,685.3565837890812,1.8537933763066898,Female,1,0.8782073244385508
38.0,43673.34703418554,623.6943662110448,0.9687041866690596,Male,1,1.3047919369460694
35.0,47980.33862262807,601.2221968491458,8.38193409509574,Female,1,0.5395729313766628
44.0,49750.03800053085,734.1130941766809,11.933587330633488,Male,1,1.7984474031043074
42.0,44735.70886792868,634.9513683849893,0.4295727639976644,Male,1,1.4768931414232682
32.0,53537.97598624356,580.1106904170163,0.8414951386245967,Female,0,0.4164998481842898
39.0,67272.72718899502,611.5430233025677,1.296788442916186,Male,1,1.9793065765964613
35.0,32862.77152822366,726.9204648889161,3.5564283019023573,Male,1,1.5425454436125636
26.0,57327.80207711013,488.944679875396,7.831222459066818,Male,0,1.617771402025181
48.0,52582.380044096615,614.4591094419527,0.370684996224751,Male,1,1.3393568782215468
36.0,52306.45744317059,757.0582669675764,5.064186931795028,Female,0,-0.3043138323612673
55.0,63077.66854811136,633.1783227896742,0.8086870940218877,Male,1,1.710240027960342
19.0,50739.46137825738,677.2816732277842,17.781729674343875,Male,1,1.4458946694784751
29.0,57203.43892858554,758.6768964537195,11.451970077979665,Male,1,1.3489686711766855
35.0,60737.969443567206,739.232965339717,14.937119315489424,Female,1,0.6765440940193528
46.0,42434.5219942909,605.9941226960078,0.561164144348489,Female,1,0.17780064642614085
39.0,54487.75191220697,636.9606447796164,3.347508583648114,Female,0,0.5029643871078736
38.0,46238.18589184052,740.4763901729013,0.9030944377815904,Male,1,2.025840892528344
24.0,48009.77330420157,743.9469487283899,4.585900020587256,Female,1,0.8070941637590273
23.0,45169.07905282502,641.1949874685059,1.3246419775196978,Male,1,1.8043800645843135
38.0,57066.2060614533,644.6454347707573,7.362115730229166,Male,1,1.1416030070866263
21.0,51224.670635273804,676.7683694533852,5.164159266762428,Male,1,1.6221105635274637
30.0,55918.16051475012,786.6900690017293,4.238543323796967,Male,1,1.6765861318174813
40.0,49737.23955656377,756.7566120657956,8.721340968828102,Male,1,1.0245111114884236
25.0,25938.18481294513,719.3386703799018,3.4684669568790727,Male,1,1.8576209712070078
51.0,50470.52624149563,542.1330723936109,1.57253835021956,Male,0,1.5627479767606396
47.0,50953.069327352256,622.5166593451743,4.847211611756986,Female,1,0.7722595004009547
19.0,53638.939057301905,627.7713326310097,15.740063939234767,Male,1,1.4083394852407722
26.0,41094.06209471387,791.8485032603473,4.59596674377077,Female,1,0.5672687409976731
12.0,32067.95425001732,626.1135608820363,4.966121428972616,Male,1,1.659572962116235
27.0,59369.099673414166,775.3442823077613,13.647698367974883,Male,1,1.5565763290679802
43.0,45895.901651987464,592.9301329468916,3.6208688305125896,Male,1,1.6474149894687693
31.0,52568.660715274935,600.9116042339241,28.075372546274366,Male,1,1.4588676230864475
40.0,45778.098801675565,698.1454105813141,0.8697556946507417,Female,1,0.4945708722532919
20.0,49909.07261339608,806.8146705571758,3.8505714131052633,Female,0,0.45829012385958295
43.0,43260.71978096288,628.8222870732122,1.197005211659012,Male,1,1.3147952507102068
29.0,35478.74616269258,393.7232138138802,3.01951653036485,Male,0,1.7372440749632831
35.0,57105.974911529855,493.58165976611133,0.9351063729467297,Male,0,1.1883470728695735
34.0,40953.1986766082,679.7961556164456,1.25854320395671,Male,1,1.8182415614656338
22.0,52459.27221342216,502.5203973218232,1.1836778386150708,Female,0,0.7670503507134225
23.0,56156.90332853117,563.4437173603587,1.9285428433701277,Male,1,1.6418155168899538
45.0,41197.80926595377,651.2341950638257,0.7228463438553119,Male,1,1.4502132119012399
39.0,31941.715484405227,405.06327542535394,8.286374747961315,Male,0,1.8074124752660272
46.0,86391.28420779579,612.0274210674545,1.246639424990545,Male,0,1.8471054437627041
38.0,42083.421860818606,533.519144213973,2.6941453892580425,Female,0,0.4789677830985356
36.0,59351.25737901738,500.08202820992494,0.08093725461395115,Male,1,1.5254438007493107
18.0,79091.95324355186,569.781556078194,0.5539960779508963,Male,0,1.2559511547763205
32.0,61848.6162028084,543.0791074930569,11.329911152370508,Female,0,-0.21205306377530675
35.0,45493.357867586725,696.9480217992303,9.074942035658836,Male,1,0.8799127985146398
55.0,48993.25418697333,769.6526786682883,9.191817376256324,Male,1,1.4122391294260475
42.0,37510.891703917274,613.5573148388937,2.649646523576721,Male,0,1.2440321755840549
50.0,63225.446404366136,590.3874220953164,0.763022372396795,Female,0,0.22308096675253986
41.0,58494.06062088032,608.5794998842101,0.5708545197360416,Female,1,0.3659362728027337
28.0,42283.61272607385,539.1812892061538,4.651982825007227,Female,0,0.41316886113273293
36.0,34367.377893523335,521.1258104380322,8.80692504451255,Female,0,0.39478765480274974
37.0,30181.493935044626,485.44455471066624,11.51865285102534,Male,1,1.357298171083162
26.0,64797.710057063014,517.0479041681826,1.7035274750676992,Male,0,1.8195689144114957
31.0,51805.596934333415,813.1991007112629,1.9358664150945017,Female,1,0.8166008054945257
33.0,53224.76804499127,580.9578964636542,0.5316752677250719,Male,1,1.2457425971446159
51.0,37655.77061206464,355.83715282362374,7.445175762225713,Male,0,1.1424323019268416
14.0,28047.453450433906,591.2943061518993,1.6126808787943703,Female,0,0.5285946685073839
47.0,64439.20362067449,490.95854632391786,3.2785775412722407,Male,0,1.4330950515460301
26.0,50630.58555495846,655.9484939997163,13.218150159523292,Male,1,1.5816982603588525
21.0,63608.5199008643,645.1646344762995,6.975983958625507,Female,0,0.28187284180585814
47.0,44211.003102266535,655.5885637692055,0.2708972571426563,Female,0,0.18523079146948956
42.0,46447.73235444712,645.9273921254816,0.04094012515352654,Male,1,1.2294372819632113
48.0,60699.47264930948,612.7289695380251,7.7419004724305465,Male,1,1.9869670964141628
43.0,60985.22119475787,504.41038784600136,4.020396354143491,Male,0,1.1725777367864303
56.0,61963.48434028931,642.5345928028576,6.370803543664385,Male,1,1.3121649181600556
41.0,45571.98120345956,751.8924589135694,0.8528463620343871,Male,1,1.5038737674686462
33.0,59218.208564763016,831.3673083795204,10.280494564245279,Female,1,0.5350822395088248
38.0,66636.49198215078,626.2008672693994,7.421189564350845,Male,0,1.6435391700973445
47.0,48428.41982477698,637.0390054716314,11.074653174963169,Female,1,0.2105461341656465
27.0,42297.67454338919,700.0427179088894,2.0858877790188686,Female,1,0.19239470703731226
28.0,70141.21404975149,799.3241559472104,1.6127839032000093,Female,1,0.30479277511170033
32.0,40183.313996730394,601.3703389495453,0.8227899756280397,Male,0,1.218971844923524
14.0,59442.14745671715,719.2651316950338,13.302626181013778,Male,1,1.738548599801584
36.0,49123.66534220208,567.7180734475611,0.9729578537246335,Female,0,0.9399805002433494
16.0,22376.515752731593,682.9848990265502,0.6352890077982261,Female,1,0.24899523074653718
36.0,66928.9110121787,747.060417661837,1.0701647024256775,Male,1,1.4729223117652308
44.0,8632.195556789484,520.9139393452203,7.378507976917589,Female,1,-0.015929471338654966
30.0,20238.078998635865,597.4855277981782,11.01502181504982,Male,1,1.382056388550515
52.0,57909.95119221008,745.4783096695002,8.32775233296182,Female,1,0.046277227776087226
20.0,57906.067980171734,711.6161230514795,4.141840602573635,Male,1,1.8755553661343685
47.0,40436.302131836965,753.5946140314855,25.484439976539214,Female,1,0.7258950306751893
42.0,52217.331354548674,734.8439646454067,0.35669631319800005,Female,1,0.5458632442346529
18.0,12028.549313329931,615.8896472083294,10.094241884487333,Female,0,0.4048992233694317
62.0,60604.63196705899,869.9190148394691,2.7905808546119557,Female,1,0.08180056927516982
34.0,53745.882305803956,663.6909990753395,3.035970012793899,Male,1,1.2725533494071237
26.0,49315.35719999307,344.4291050855799,0.6825069572613067,Male,0,1.551683055282637
21.0,50312.622232066584,621.76536276227,0.17002316953112728,Male,1,1.5675860158875292
33.0,57398.81264289548,603.0828743000671,1.9035819445036264,Male,1,1.6181243575352815
34.0,49566.47714753209,729.5249167367278,0.9609718639277974,Male,1,1.41925969579309
36.0,21889.167459031698,604.881468480187,3.301839267069637,Male,1,1.1564931229921895
32.0,82944.98351783784,759.8969995819137,0.7969164658199591,Female,0,0.5873345828519336
41.0,68012.01229142677,705.8099372406708,0.7420808973411548,Female,0,0.4811853044120833
31.0,30725.830070677577,549.9909538529939,10.477000386302374,Male,0,1.3161354413040958
16.0,44822.94154285114,635.9626664388575,12.710223991667736,Female,0,0.37642925941503297
34.0,46459.48714765938,572.4466555724599,16.65130120975843,Male,0,1.776740226522984
11.0,66182.74349763445,668.475864685367,5.705028255607574,Male,1,1.9153074424943375
39.0,17610.965970203484,571.8509132764879,7.370526756848567,Female,0,0.2272743962090195
25.0,42514.87603355316,657.4435230509062,9.032886218292461,Male,1,1.6927347152598182
37.0,23590.453349937445,622.7694249009588,5.37822131093607,Male,1,1.8517151757292138
48.0,45723.56726257493,634.7776745320176,2.0042023764005594,Male,1,1.3914425119794833
26.0,42912.48660372644,855.0940379798099,0.85030709246199,Female,1,1.4797274872015203
46.0,51195.41101074068,613.9514773292796,1.3542775629920332,Male,0,1.1821291821481552
31.0,40926.88401486225,456.55669123828096,9.175863196133882,Male,1,1.42699073284089
53.0,38734.64912914214,751.5826144734348,5.955237457642947,Male,1,1.2685327630745182
31.0,59294.85037644722,750.7955901802009,3.042153339447954,Female,1,0.6047005637456435
27.0,56820.091114138704,452.1059826203174,0.14923036497851466,Male,0,2.0192737051845895
42.0,58270.97514167363,579.9100378791933,1.5476236148557314,Male,1,1.4284784570563245
31.0,47346.49864263736,693.5810556846523,6.5262913773701445,Male,1,1.6264754169766678
27.0,41423.92126662216,702.4203261217067,3.591168513336409,Male,1,0.6275571362955358
30.0,48217.21276968844,649.5276236547279,2.8593623017427108,Male,1,1.628307169331615
35.0,57517.43105102678,651.7825378933285,1.8820520731320232,Male,1,1.7995413604316337
48.0,17348.304485422275,556.1412126916815,4.668861115318112,Female,0,0.6757667030379715
16.0,55911.67895556287,410.0151286544313,16.96397173702191,Male,0,1.1801101371754277
35.0,54637.07281002197,854.9507318183537,11.569425657989365,Male,1,1.139860498828275
41.0,50932.263591285904,553.1332722293286,0.15486338759552642,Female,0,0.6506041950798731
37.0,47760.29867192487,667.6505690064482,3.2788121297326356,Male,1,1.1373483617896278
48.0,11508.209211013796,634.1152004340664,1.9984289383478202,Female,1,0.24780150127479084
34.0,43402.20105349391,739.7197552273547,3.5729232733170453,Male,1,1.6402501556905067
33.0,76841.5806661606,661.4897213482159,4.659734384475635,Female,0,0.7498374837254906
41.0,50193.51943352458,665.3440953092,1.1158931846331808,Female,1,0.2798672215038705
36.0,45390.65241987923,386.5681751991071,7.606404220478456,Male,1,1.2706462113139083
31.0,50253.59293385169,566.6660927457747,3.2224332200158683,Male,1,1.2891214291844855
40.0,55321.593029420124,724.4633046598997,24.14535443073962,Male,1,1.361338885997833
28.0,59882.303670341964,715.4668225071929,0.12724234282344957,Female,0,0.5393095016045011
29.0,46566.79755263087,554.8347176382788,1.05187197667373,Male,1,1.866537527165137
30.0,56373.79403590526,492.1971417278878,5.84994751121041,Female,0,0.6074700786825736
49.0,75149.76204142038,662.6579306722931,5.940165044851421,Female,0,0.5694654933115509
3.0,65093.761991490726,359.3225951204185,4.36362122760003,Male,1,1.0020788457321081
39.0,85104.50323785469,535.1325747662238,17.87062120009931,Female,0,-0.010679405522804886
35.0,40148.44462472425,826.0161075155311,2.6834102661255885,Male,1,1.4067610351355235
18.0,75142.84261253022,794.5067328873769,2.698156185540479,Male,1,1.9218705311826545
38.0,38139.89540116108,698.7249358765146,12.066262952575752,Male,1,1.7686295837182837
40.0,55303.49220110695,680.7336314481256,3.8657354173802085,Male,0,1.5426488403915553
41.0,60987.14793857149,454.98292154756007,2.182671437725295,Male,0,0.8706916904169731
8.0,42338.342121432914,575.9332763350883,6.345899715071779,Male,1,1.4591713359401783
49.0,51319.464162114135,620.4831402034224,4.833588037337722,Female,0,0.4547563532866241
28.0,63656.916536777615,578.0586250498811,1.8293717182667892,Female,0,0.6045635538352844
42.0,39345.936525321384,614.9756665092136,1.7686022643249228,Female,1,0.5624279861982308
42.0,75040.7518932147,779.9224424346294,2.5177011137214,Female,0,0.038396411498284044
26.0,29231.050629089765,595.8176938728677,0.37157108989030696,Female,1,0.3309004998626034
42.0,79095.37164092576,615.9060819443234,14.290027437233622,Male,0,1.0843151727036686
31.0,65019.89202199388,723.9531286683751,1.0107035671373057,Male,1,1.236043510612339
14.0,48654.11635508332,508.05242813971967,1.0772678652240613,Male,0,1.3361451582629187
47.0,43959.97683144903,565.9795421161153,5.206980120249681,Male,1,1.616674757630573
27.0,42394.57605813465,576.2277412243158,6.441249565087952,Female,0,0.6109465450185046
26.0,47963.065396144775,655.5592146551747,6.6748790676536,Female,0,1.0284995919909388
31.0,49272.56207676761,615.5037932506334,2.350618370287977,Female,0,0.6315559087626608
38.0,68828.39369951873,618.6659090652867,10.330808666188535,Male,0,1.7063996557756504
34.0,79529.81150576875,583.5146012897505,3.9263020594989477,Female,0,0.8852232367611343
40.0,52990.698809810114,542.9169739785245,2.886497212255703,Female,1,0.13413072310971347
22.0,37315.57268015893,710.9142924210578,8.313836413871794,Male,1,1.1763510355293583
28.0,41814.10939045709,616.2195881037745,1.3956685648787506,Male,0,1.3341665242785503
34.0,47253.63823083074,711.9018980147373,9.837191651967641,Female,1,0.24255005135184549
54.0,34548.16842054837,538.8372669518852,3.869936137906873,Male,1,1.9877625464564004
34.0,32315.87896838932,583.4757842250358,11.515834194533776,Female,0,0.4143559765716099
46.0,81456.90818559541,627.8816972153234,1.1258062465908656,Female,0,-0.05372396100835741
35.0,54539.20288919381,637.213296318379,13.749291220732335,Male,1,1.183660552842115
30.0,37503.0029947948,725.436872593221,5.821785557033163,Male,1,1.1378046123958128
33.0,62249.05355536569,606.9490710407641,4.815975291051686,Female,0,0.5367451019564625
33.0,32324.808127897315,724.6742242810875,2.7414911642389606,Female,1,0.4618530310199392
41.0,33559.81928193419,687.4944008559695,15.653752422237323,Male,1,1.446602806474018
49.0,37954.363984036325,639.3147389917051,2.9342122089091522,Male,1,1.6720874361553142
39.0,74817.69921297551,554.8701203503481,3.4511866159971993,Male,0,1.324212520600846
47.0,46206.799013324395,725.687526546332,7.604803040619164,Female,1,0.532233622361603
25.0,13374.395196462698,557.366253268635,1.6762619120189126,Male,1,1.751309511760946
31.0,68150.98899763389,647.8719619842722,1.7229930211292477,Male,0,1.1604197901459277
28.0,45404.27953756464,644.605955706392,7.464894044417512,Female,1,0.36798989575514235
38.0,22258.879911823915,629.2904857382717,0.6881548603732739,Male,1,1.5345660818661393
31.0,45249.747680548855,611.0680277014685,8.657025580869437,Female,1,0.3232781902224693
42.0,57815.05844907355,567.7923305038329,4.906480253855559,Female,0,0.6297788082188289
26.0,56060.73749799454,488.30635626299215,3.872694791799638,Male,0,1.3324470928678498
35.0,76976.22468747229,790.3804732840351,1.3010439300750332,Male,0,1.6020977154784592
42.0,37208.48206145104,600.827653574275,7.717505815376416,Male,0,1.2814346922572029
14.0,50700.80180397459,637.1887904882531,8.172575913640506,Male,1,1.6364886840145865
56.0,39506.46082132367,636.5772616066059,3.297999847750522,Female,0,0.04938157619818645
32.0,26867.106587191654,759.5604337228748,2.4646745632663265,Male,1,1.3184824158840156
15.0,63282.91058458932,843.319422151764,1.412887863191312,Male,1,1.2823740795310372
37.0,56949.043537212805,665.9847419588687,7.016877423963418,Male,1,1.5696197241357814
35.0,54255.17674548279,634.2997331543082,5.100649847516272,Male,1,1.8380840039347406
34.0,56401.85289887967,537.6542992840588,1.1573344051374852,Male,0,1.536553452175866
45.0,39717.9072096737,505.6411550587235,7.910769635539101,Female,0,0.2543443518891545
42.0,34914.5736902271,472.6025070355899,10.694060568462152,Male,0,1.8279515225398228
38.0,50564.71058254041,570.4155040476531,0.3053746993220012,Male,1,1.2344296149591885
40.0,67418.17103617422,440.91452026868853,7.401281287863165,Female,0,0.0686858284718091
34.0,74121.1570318032,757.8829953740112,9.579881037361742,Female,0,0.3164802413143482
53.0,61931.490602111495,692.3096243993425,23.84309448772988,Male,0,1.2364747232618045
20.0,50437.61640152144,624.835948531522,1.3564294636071061,Male,0,1.667625936918142
36.0,54046.75894099904,760.938398076079,2.318145590124057,Male,1,1.4065696630635944
36.0,50173.907889880575,542.8843922596725,16.93515483431093,Male,1,1.632856022380156
43.0,34610.84990450858,568.0018944635445,0.4936656838295419,Female,1,0.3156658407473771
27.0,50369.710673158144,456.6206719698255,3.708619198720862,Male,1,1.0862473277701996
18.0,29977.597736172604,727.4353695020212,3.5336407273425015,Female,1,1.0730541028323135
37.0,48138.84160845441,568.9658713690726,4.663977685575183,Female,0,0.3754800776846483
38.0,74541.57665894479,651.5695613275824,2.0083063706790822,Female,1,0.05754577465814026
50.0,62342.88834175028,750.2576400574677,13.012919440551514,Male,1,1.876752103916797
22.0,36153.212236452055,787.0850755499421,1.5739733374156215,Male,1,1.5935634256356566
47.0,48913.56395536575,647.0853648509429,5.244762764633995,Male,1,1.427428262579658
59.0,37484.35532367893,688.4237436271357,3.4251711263577826,Female,1,0.3923029150091318
31.0,49062.29347734185,559.6149753956339,1.5508209086428972,Male,0,1.352267528713107
22.0,65616.61724786845,818.3373343007534,1.04653482285054,Male,1,1.6081484871971743
31.0,59795.11907464856,633.3849439700634,15.68211752755574,Male,1,1.607735793891488
35.0,87262.16121118004,658.028495186812,4.119600040155111,Male,1,1.1283715224627497
41.0,67887.16103761358,609.3146927736774,4.634116427764294,Female,0,0.48111227308878823
29.0,53060.005716165375,769.9248998413757,7.63688142940857,Female,1,0.5675739935306789
51.0,60157.249611999396,669.9593923083189,0.4235791158606469,Female,1,0.5302779632097362
24.0,46963.352387249965,726.0934577413624,6.25469784593737,Female,0,0.5438421262267433
18.0,33087.43629370256,685.3958139978882,0.9024569882207227,Male,1,1.371964545453068
46.0,69586.6486743128,627.9590616783995,6.744628445768747,Male,1,1.1161777207551002
12.0,65134.87215397472,742.9468561299592,0.7618452571767795,Male,1,1.4124608282067803
33.0,46384.18678109054,684.5316194575381,8.933671578647038,Male,1,1.7057835723346018
66.0,54109.03605397007,553.9020939152766,5.713075757811921,Male,0,1.284516173594221
35.0,68614.0878107721,551.078861619062,2.4379084207302846,Female,0,0.5006877675639775
24.0,62695.2713930903,664.8826729031634,2.2223378878318183,Female,0,0.39862612124289537
34.0,28053.48123125452,740.7457902387628,0.8064047367812219,Female,1,0.793608317618829
34.0,53654.300322347364,813.9420548506404,11.71981515626384,Male,1,1.6137798635135394
37.0,47485.52711767454,472.27865424191975,0.6308174284599689,Male,1,1.1341677142152689
42.0,66695.0104870802,652.5659849098721,3.1940278760106904,Female,0,0.09245936545486794
25.0,65465.641081739916,698.9647662174997,1.3493316295926605,Female,1,0.8892475802783322
52.0,69779.11742267068,679.5669134994763,28.034424167259612,Male,1,2.078519573769654
37.0,33231.58491919689,750.9327105033709,4.40756344466357,Male,1,2.1138097558398923
42.0,38238.32698915642,715.5533976491503,0.81015114695571,Male,1,1.3960249000990408
29.0,66711.23654203158,551.449981641966,5.506539557311415,Female,0,0.3351506245530351
48.0,41125.31276986332,548.5208311309269,23.902988142995767,Male,0,1.479366278817446
32.0,27178.505286285388,681.2454856151725,4.644895456312687,Male,1,1.7750094320414975
38.0,57988.94731421098,749.0505424422525,3.0567217561060045,Female,0,0.6029134647229619
26.0,41791.723396010406,664.3417552952695,1.7355337672250495,Female,1,0.36800718655136877
25.0,76846.86155462601,492.2066930431722,0.48323414516833596,Male,0,1.9805480462337777
42.0,54442.768309826955,545.2828584683728,1.295449100019179,Male,0,2.058754661079025
31.0,52403.889299624985,719.1515855865331,4.03293209101475,Female,1,1.0418770486557394
26.0,44461.34162576364,615.1354909082868,7.007764892871694,Male,1,1.7809884630663328
29.0,73862.53000890458,661.7957303203287,10.515839605534902,Male,1,1.456497781876953
42.0,55378.316898347315,756.5418039151757,7.892416210094376,Female,0,0.3928081852077453
29.0,43872.507227656904,529.7790952380044,0.6703159635823142,Female,0,0.5558584735859564
34.0,38088.744400918295,608.5757344098046,7.424166208153347,Male,0,1.4465138320887474
35.0,48897.90418153673,597.7127186626057,4.356641159198515,Female,0,0.43864600646866686
16.0,35335.29744267792,685.5402536527866,3.1659791738189864,Male,1,1.0239941724916801
20.0,65433.16162518416,727.2888178271992,4.252095012613379,Female,0,0.2872269839263496
38.0,22874.869189636487,501.97325431012183,0.04054055421578215,Female,0,0.6508151562547113
28.0,47907.28957500394,649.446364083373,0.3506653365180331,Female,1,0.5166880627550172
46.0,59152.00317631902,736.9329104046212,3.731150155958188,Female,0,0.33428069359217394
45.0,55131.79130164486,464.5213548539165,0.9534982731255057,Female,0,0.4647760550985591
42.0,39240.75540476497,643.5607558560393,3.943237365640548,Female,1,0.8922428227082368
53.0,59903.88060059823,528.4215559216772,2.18643218239656,Male,1,0.9369714049221605
34.0,36709.40917421139,585.8433096450467,11.89797979329362,Male,1,1.6018489492050842
41.0,49664.23015254785,399.49654105184777,14.94710389546726,Male,0,1.5989179882916131
29.0,59777.62357970534,789.2734118755027,19.506432509666155,Male,0,1.2473262094703748
60.0,56943.6916923967,614.4170872596487,11.46010524175703,Male,0,1.6037567494616616
55.0,39874.41482870798,569.2808135964085,21.304659202018044,Male,1,1.3479101234563549
35.0,67962.41774846545,682.8267045457151,6.123380322920413,Female,0,0.27550861006016525
39.0,51300.41857228301,545.7689767312751,16.16262778789849,Male,0,1.1451844526984747
49.0,61144.93116408727,536.2755471118705,5.133213775589304,Male,0,1.7503025294909176
34.0,72936.51510009871,801.0329169813728,8.283019911544832,Male,1,1.8880289287053027
28.0,66762.8082316191,830.8663028326798,0.7072993733948838,Male,1,1.4576032622019428
44.0,66801.94109496566,590.7936327717518,5.737955857959317,Female,0,0.10258215786082608
36.0,52890.19894774209,756.735470991618,13.375735665533776,Male,1,1.9579426383595582
37.0,61909.02681365765,685.6040443988086,3.8831683394792664,Male,0,1.5393920468011075
27.0,53203.94861846474,508.61687082896503,1.0340121972148628,Female,0,0.44885942646154975
18.0,31860.132983323798,557.1868106150215,3.7421215861776846,Male,0,1.6408888556411219
37.0,54541.156887575635,805.1099799196935,6.136906523889514,Male,1,1.248674778747652
44.0,53845.414756076985,507.32049671758233,7.343784117309386,Male,0,1.6640655346639697
33.0,58755.94042282729,878.0999338074859,3.708557955354092,Male,1,1.5453286542412823
49.0,48080.045371799075,592.8637824088221,1.2254635582184417,Female,0,0.10881269734340099
28.0,38578.16664854224,808.0814906293233,13.065208646223073,Male,1,1.111502574664864
24.0,59847.59124762841,619.4436205357163,7.427644317048588,Male,0,1.2044092930324806
34.0,30300.91569121628,729.9903591501152,1.578271021511552,Male,1,1.6537940362084962
34.0,71882.28703784704,789.5033140120689,8.351593453620213,Male,0,1.3987961810648035
43.0,46528.729081925114,788.995381768101,2.1375003949643148,Male,1,1.4924901529078785
27.0,53682.922580842525,591.563446920703,1.8729679606339058,Male,1,1.909895743861565
49.0,58378.37229922358,564.2611900100874,9.941669166678238,Male,0,1.6328446421195402
55.0,58860.32067266286,641.8787990248865,10.327109659095502,Female,1,0.46391774711619954
35.0,28865.23550072398,519.9520378966022,2.5414891301933524,Female,0,0.41958122059919606
47.0,62361.29870816396,673.9264175610558,0.04481425851803787,Male,1,1.5915317260232853
24.0,54547.3074256441,567.9203347722485,1.0324501054801667,Female,0,0.6624826200544014
46.0,40471.07923162087,758.2709773542915,12.000787200202597,Female,1,0.41171017557132705
45.0,38754.99573581129,592.9887583781862,11.450780127062782,Female,0,0.3022938801077668
44.0,44989.203769147316,475.77410305199794,3.0196846385437617,Male,1,1.5387519476517308
35.0,30518.87470084262,790.0914776169296,1.8128665778785145,Female,1,1.205386734961396
5.0,75834.01086480539,668.3368003331864,1.8030440150242772,Female,0,0.7324254401523754
29.0,72292.26987715016,652.9134890420073,11.374596845754695,Female,0,0.39815100327576064
29.0,56775.50301463909,759.439478494621,1.9632378564396964,Female,1,-0.23089292284733043
25.0,46649.023754868635,737.1576502298157,3.5829005966991896,Male,1,1.778467888040503
36.0,47043.38018093907,573.8146455989574,6.565424902475555,Male,0,1.3785492756257303
31.0,61370.98559260952,605.0218393973839,1.175328199182044,Female,0,0.4127891024707656
27.0,76367.40349252927,538.7044749940662,1.464069968550858,Male,1,2.125809935394743
24.0,41444.048906048854,503.5547944875185,2.216316933149141,Male,1,1.3885559442862663
28.0,33236.20936065014,707.859253491539,5.309811731938799,Male,1,1.661905495206387
46.0,73214.61160392906,689.2184310041682,8.504769403380823,Female,0,0.3076473255852078
28.0,23192.921186233227,726.0829211522516,3.956069176405851,Male,1,1.5841319612977502
30.0,34872.03787621031,778.1605441495942,0.713170551251462,Female,1,0.1951642962740927
30.0,46297.13161233721,727.4474794925673,2.955169364527669,Female,1,0.08429675224327893
38.0,26593.497982924535,736.3459476305259,0.683056207458796,Male,1,1.2884440145070306
40.0,66682.23594209898,442.2038741827863,0.4622059296962739,Female,0,0.37848486277305615
5.0,62853.5790575765,619.3014758075007,4.453319240857952,Male,1,1.5484884318337602
45.0,41378.101591770246,746.4576494669986,15.641990124532887,Male,1,1.8517424651522578
49.0,69194.21178766622,533.1791263794784,9.088828596334386,Female,0,0.7800464475610681
24.0,71739.38642605739,659.1671382837764,7.446538446615457,Male,0,2.058050811391541
25.0,48302.440275649045,701.9464440613506,6.492442539914601,Male,1,1.7090455268350617
30.0,43239.97733647989,694.2853493838487,11.371341966285334,Male,1,2.063595300685985
27.0,83894.03041613718,686.8796307958299,6.988497448074961,Female,0,0.07515080409251007
37.0,60817.427331262326,709.8912719045575,4.929240402091156,Male,1,1.3073991745025797
16.0,53844.8697945328,668.0743894928219,2.2681329818341256,Male,1,1.9441182929325547
24.0,70453.18919959418,503.70717926089867,0.5320491625456184,Female,0,0.701696359902331
50.0,54528.95952504532,700.6955535403494,3.0905080475703013,Male,1,1.7610929092482595
26.0,42415.69121121217,678.4746560553745,12.936972221341234,Male,1,1.85550303410567
47.0,51202.3964073133,505.0251549144547,4.3745476531974505,Female,0,0.6517744156726412
39.0,65579.81430979603,787.9735211086571,1.0197949124768677,Female,0,0.9793206413160673
17.0,20117.216504761796,703.3837699748041,5.235177318247864,Female,1,0.6928478845333903
41.0,45679.53890841168,511.96516790225417,3.1317644723760765,Female,0,0.16613000019138596
34.0,70745.86097872407,568.277483602785,13.395862662365957,Male,0,1.2741451879949428
30.0,42321.973983597236,593.594795825382,0.8773647708806597,Female,0,0.6403934993308324
37.0,73191.62840647115,593.5236561199351,6.224177965522621,Male,0,1.2547393640326219
40.0,71221.15729039718,679.3050188818441,5.722272831346324,Male,1,1.4835000904908264
42.0,49017.06326766573,552.3648248941738,20.53458994393946,Male,1,1.4814588708543608
47.0,41471.91042666499,762.8136747121935,4.161036302602859,Female,1,0.40576131128599413
39.0,45689.61688775548,754.5803451367991,10.26201347906805,Male,1,1.5092983868287917
21.0,89969.21738002152,711.9317309599589,0.12512226806615195,Male,0,1.351561733600123
30.0,78116.36670399866,654.4241775393851,0.6556255543578825,Male,0,1.6448811389779276
64.0,51880.86457710108,743.7447515151537,2.1227700331226442,Male,1,1.8494501941586767
42.0,40877.69672569386,622.4052277195991,4.829077916990049,Female,0,0.49782076481839066
59.0,51755.61553371895,577.5511138616791,2.9808224097710174,Male,0,1.7605962841094462
49.0,53657.40389925147,769.0109645619741,1.132597763914405,Male,1,1.5250144231285303
37.0,31349.61893585969,681.754275701901,4.448289524459244,Female,1,0.27675681826370435
38.0,51200.619038228906,581.5942359418608,4.181613896604674,Female,0,0.5293229269648552
35.0,69836.06487217595,608.2257632958421,3.7163897391503586,Female,0,0.988304429643767
18.0,23009.649781752898,576.3572016234732,0.47460989242987944,Male,1,1.8013259342611845
35.0,62398.759477058724,852.2174858828605,13.088225573312872,Male,1,1.9626653787777586
47.0,70621.9695508217,650.4098437450524,4.485570224019783,Female,0,0.0811476462585018
29.0,41591.639823584475,665.7771311253669,1.5325697363541193,Female,0,0.03733934001815098
39.0,75412.63637286585,722.121904786194,5.814445266646814,Male,1,1.820404514103299
44.0,39644.944063274816,528.4639017392994,1.912953597444398,Female,1,0.5312109328301052
26.0,56616.239927906056,759.6547266286224,3.5246418023961814,Male,1,1.6530405090150848
30.0,45398.40973004555,589.2153869212148,2.086158602784734,Male,1,1.54301773463137
25.0,45395.05464256095,833.0016286115149,10.617762466879084,Male,1,1.576626989931702
27.0,40740.51395362931,618.7341269985407,25.5638256160071,Male,1,1.656560314704823
22.0,60478.6322129303,753.7640014763185,0.8788079941902542,Male,1,1.3176642235621823
26.0,62732.08186597173,400.32018828809134,0.11930691239187452,Male,1,0.9904834099571915
49.0,49033.66700634217,532.4866923914029,1.2379657775212818,Male,0,1.4736860252577646
26.0,29600.47679491589,620.6392841002374,4.457405058725371,Female,1,0.5283009981229315
36.0,56047.55249951585,446.9217001875109,0.955506770783989,Male,0,1.9860321451156815
30.0,56330.21539116041,710.0884448841405,8.342873237117583,Male,0,1.588852707148131
47.0,46749.27482920359,681.2958125436248,2.6269100859726917,Female,1,0.6022650071319544
48.0,78008.46930771213,550.9172350140122,4.714877377602772,Male,0,1.3765320866478175
44.0,26541.06102649019,648.4041370135501,3.040518908724599,Male,1,1.3212382159684153
38.0,16740.74434619648,730.6477229923125,11.682153314922632,Female,1,0.4237578699697277
33.0,39037.476504534934,439.69504831300264,0.17883716569442415,Male,1,1.1219366747116795
23.0,60656.36801137174,522.6510983765343,6.53375542590688,Male,0,1.717928836609183
54.0,34162.33043849238,616.4911700776655,5.280237788086977,Male,1,1.591989228718771
27.0,35285.43622210887,652.3723626632476,5.242187289186058,Female,1,0.3008598966495913
42.0,64265.32004267232,644.1388578398456,2.672086944757706,Female,0,0.7823147964016399
46.0,56938.21884196624,738.9294785435711,0.07899692011644965,Male,1,1.5728627478220232
29.0,55655.913644426,697.7211245655396,5.843683460679216,Male,1,0.9055882432061375
45.0,61721.43379198293,719.663484057106,8.844255783380573,Male,0,2.0724929452191003
43.0,43622.10570090674,511.01242671956345,0.4454147569349434,Male,0,1.5117492522990357
52.0,44315.23888912713,664.482385479938,2.9135553758354193,Male,1,0.8748562156777802
30.0,62146.68908842138,619.2857490762057,0.8872364007069065,Female,0,0.2661742477384824
22.0,29826.69828828201,796.2071881668767,4.720080080469483,Female,1,0.5210885867886592
30.0,17859.202304021805,667.43956373779,7.699672971280341,Female,1,0.3487870364139084
37.0,43500.73739558218,583.0946065283971,5.493659953071603,Female,1,0.3070849738227195
36.0,63963.099335985375,735.250127595504,1.91406852454632,Male,1,1.323758194485622
31.0,53833.39548480205,706.3297795864647,0.7525606368309595,Female,0,0.21948315754373
16.0,62859.37256184523,567.8398327359521,7.90590818985144,Female,0,0.6562395107909561
40.0,19755.58534365252,615.1510297230825,1.9571961005322285,Male,1,1.6199705113718808
55.0,54732.452124852374,616.8553540391639,0.11194298206664856,Male,0,1.6699766116847412
40.0,59807.96756963567,772.7461092279538,4.236403470080658,Male,1,1.5755504310316628
41.0,29738.03866083973,670.3241873878442,1.4163080205605176,Female,1,0.8057126038472986
41.0,62930.86385819817,722.6782478560172,9.200737519594496,Female,0,0.4092416165837585
39.0,48327.216552413105,600.6728278869917,0.7730759640964513,Female,1,-0.0362949186282614
44.0,96070.05052409002,683.4800291139442,2.85288565200433,Female,0,0.30229501626359223
39.0,17341.458966548966,780.3360902929658,1.459322055322281,Male,1,1.2927543687349736
32.0,70536.71551512126,613.8923234749352,5.849493536247207,Female,1,0.4742234594123159
27.0,44087.628552108894,661.5154803837776,3.976241838659657,Female,1,0.9043394436702681
33.0,25742.724283399348,513.6693743762393,7.826811345837533,Male,1,1.6283443680355916
38.0,42095.67284652512,573.4441910089972,3.068100646520748,Female,0,0.48996620828744936
32.0,54162.18862006199,616.5557108002176,0.02410014622059932,Male,0,1.3041609654452249
38.0,65562.00004347565,543.9160691048279,1.2116094310465295,Female,0,0.1935477710118484
39.0,75829.46432198264,782.1973677521846,35.39335976266659,Male,1,1.7794747239684736
43.0,71328.39633056514,566.1992979758487,2.5988692777959557,Female,0,0.434243779363483
48.0,35519.269689432585,728.6798592117245,4.841014613511778,Male,1,1.763598830321445
36.0,66952.47038399175,668.6836237531477,11.765793656126204,Male,1,1.3575618292680196
22.0,55869.274356813105,653.0851948510463,0.103688650783016,Male,1,0.972368495614084
32.0,40180.95468606518,798.6163644965158,5.388278055329881,Male,1,1.2495437279847357
35.0,46821.34109783779,423.93997030724205,1.701034828086685,Male,0,1.0958233404701052
17.0,39352.36010832914,630.3795103176896,1.6373026093319534,Male,1,1.0926655081305539
49.0,50556.38512904684,541.9619663434557,1.2735026513200092,Female,1,0.2828371595887092
36.0,39055.1317655882,453.85795908669627,8.650384319882694,Male,0,1.4259374101437845
39.0,34580.08890173842,530.5268266242308,2.3336269024711203,Male,0,1.5868036210864345
49.0,57186.78691674158,651.7237535003071,0.3473749648393249,Female,1,0.577698447412897
29.0,59430.95822389456,577.4652870793554,0.509339542270332,Female,0,1.1072432983982199
41.0,47186.04499862582,739.6613589825149,0.8044504761195953,Male,1,1.6842734094682954
34.0,70514.76955903959,628.615415205867,11.459590305603953,Male,1,1.0642379630601133
33.0,46093.5412025733,617.5261645279057,2.788218650540828,Male,1,1.5757472163731132
27.0,45458.38182311693,617.9719049493907,12.387630144482833,Male,1,1.8202896073003538
52.0,59907.33473518546,640.1505593870461,8.504463171345058,Male,0,1.1582043160928428
31.0,48013.616225849946,608.1521465057247,9.097173229899909,Female,0,0.7004671441631419
42.0,51271.96593539215,564.8746302435836,1.69018998684809,Male,1,1.5674554450033742
16.0,12193.422940714023,748.9184883976036,1.582564665807461,Male,1,1.3637003815678181
47.0,50250.61077106962,587.5904949611054,4.105679864346766,Male,1,1.139857636037429
46.0,22592.0609379311,611.6473383653814,2.7057795413643952,Male,1,1.5725416980711477
36.0,31685.741435016942,692.9405080090311,3.557173801266351,Female,1,0.45641870191758466
33.0,29970.161918667425,681.8741246157252,0.2733591965458424,Female,1,0.31468113797687913
39.0,34361.25269699261,560.6561937653951,17.80510407682128,Female,1,0.5174073305893043
58.0,41767.19210551621,725.4981944110747,0.2996461099653979,Male,1,1.7287391565464638
17.0,42702.61076681772,703.7670339838405,0.9851335333508964,Female,1,0.09583812290206928
43.0,59964.128063856886,667.7974834187254,5.669133376806749,Female,0,0.410138491990657
26.0,53335.817212020454,606.8683149418508,0.8450619009420377,Male,0,1.9767198862735613
35.0,21483.883567730216,609.3269309478592,0.5651152552531745,Female,0,0.4443888696134684
33.0,51249.419563202115,629.8202896998391,0.8339364911882334,Male,1,1.075440133191723
31.0,54773.82869875141,526.8168058872234,0.31960152518350055,Female,0,0.25164555048570353
35.0,45071.502256205626,646.0731551403044,1.4472097022795531,Male,1,1.3791123793526763
24.0,49086.710346399464,739.2102040446999,1.581225847163616,Male,1,1.7962943422983066
45.0,52854.65188095585,737.6371189834024,3.4519757298999476,Male,0,1.1889065343934773
17.0,61468.9939645337,611.9148228723548,2.8876993700304117,Female,0,0.32729473770161943
40.0,26376.80018805898,756.4083272725536,3.2095468824738,Male,1,1.5204192654363407
32.0,46335.244420405266,840.5904554529445,4.786078036152396,Male,1,1.5524980545993228
23.0,72625.04147086594,618.3792464737172,1.313070781561322,Female,1,0.2747130681444624
37.0,71249.91962446934,719.1514706432168,0.7234189277691916,Female,1,0.5576940749229545
19.0,62764.0539166367,423.7190037309208,10.554796387093104,Male,1,0.9248553737567458
35.0,58052.37025933514,524.1853271818009,5.02480842010784,Male,1,2.535557542527747
21.0,74819.52122603133,659.112102933352,0.3129064231947346,Female,0,0.5461602479655728
40.0,78767.72002409998,549.3266937481612,16.227594335093997,Female,0,0.5471590527201834
26.0,48063.80017929721,853.9202044722449,5.905653453589571,Female,0,0.27625553601727715
30.0,35458.5133506752,709.7879687296553,0.8226320220335221,Female,1,0.6348280917544692
38.0,45945.61523563257,746.583164685813,17.39057005049962,Male,1,1.4048010653534821
27.0,96450.4327065808,647.0973593839412,2.2738598568087602,Female,0,0.9056691149026976
34.0,26459.654859122085,549.6791980136347,20.837828902294277,Male,0,1.6857778253544198
20.0,42941.91290705874,598.118971782512,0.5450337164425001,Male,1,1.5922833365324411
41.0,28809.63271261053,675.438047962636,0.8715837071496277,Male,1,1.4816037014259926
53.0,51871.45794316078,586.2084661590989,5.356243804525274,Female,1,0.5361004939294668
63.0,31959.634566576988,717.11919917272,0.11196156053274937,Male,1,1.4553110555800235
36.0,48368.734657495734,721.1414969204639,0.09433249821515258,Female,1,0.2932713152920387
43.0,20748.572599718613,650.4981303939588,7.850673326532773,Male,1,1.7747863468686145
17.0,59264.30997626975,467.43649129830004,0.9182942432902312,Female,0,0.3490131566187339
50.0,68335.17884701962,821.4784933665959,12.553583977067191,Male,1,1.0567759019921013
43.0,44240.84566904812,628.7327143310482,2.7747249844146116,Female,1,0.2729901947982875
30.0,47973.04989386447,920.9276648471036,10.343590392388261,Female,1,0.958028846652233
47.0,47548.891539030315,715.2535696352195,2.7043935041154112,Male,1,1.5663446490482964
32.0,52713.66012837538,629.0044923267943,3.7775603817043835,Female,1,0.8125879678533925
30.0,49427.456195503575,694.7821876498004,1.902746711918939,Female,0,0.17641202056783445
40.0,61521.75428646041,448.0714482921388,5.365840053088031,Male,0,1.4956404837918165
24.0,68495.58700176419,752.6142403235966,1.915103146876147,Male,1,1.978712399371087
45.0,37788.93166261726,906.6941237529476,1.2626693436602885,Female,1,0.5066427597610715
24.0,45360.07260838555,441.0766526156621,0.42260319978404504,Male,0,1.5053875607917073
24.0,63524.29173387117,621.2590990174292,0.2969952759859402,Male,1,1.0467583960978866
26.0,28674.964279114516,639.4661877208474,1.8262318205911188,Female,0,0.4986258240253217
43.0,20439.18077231645,737.5228629163064,6.668003797836918,Male,1,1.6497426601112317
29.0,53394.73929347718,860.5975674165536,1.1509671315898082,Female,1,0.5261517674778314
22.0,57445.19616605739,688.2882122595564,1.777859549233551,Male,1,1.1531306637429046
29.0,39165.49718069611,864.1791824215527,11.778422113890985,Male,1,1.8284190067946915
35.0,41320.23418819317,667.0432476884662,5.096568461655919,Female,1,0.3775471907137605
23.0,38597.115173886516,695.142381879623,12.611322595495215,Female,1,0.5683626901292896
23.0,36996.12140983348,682.8235566160255,12.108309238425075,Male,1,1.508977275556288
56.0,60402.437309069,772.0299783005087,0.32755193949259687,Male,1,1.6339722591829677
26.0,32292.52269503542,607.7678941889797,15.506500156576536,Male,0,1.2116281874970276
32.0,46017.15707849977,731.8286758761509,0.26267010338383584,Female,1,0.2554020605330387
31.0,36419.957487277214,526.9203393743574,12.99276820144195,Male,1,1.209769818838565
31.0,28170.665361481766,621.549589534859,3.9563744325533112,Male,1,1.5222370687461082
41.0,63052.672621201564,586.3256377061192,3.8091603139457693,Female,0,0.7183906494182773
44.0,42202.62166739692,658.7961558617942,6.2459678278476884,Female,0,0.08194215637865215
32.0,52826.60120631135,618.3920250596218,10.568561494209654,Female,1,-0.17734051035031584
23.0,27378.861802984848,763.2133692456975,4.7986609227457215,Male,1,1.4209266164924084
48.0,38870.90819365286,562.1331904828357,2.770404389833017,Male,1,1.4156252568218026
34.0,61341.31821042508,476.86840641889876,0.593294649988652,Male,1,1.881790758523281
52.0,88809.07183767966,514.2716180288443,7.7844480445037725,Female,0,0.5907786616202035
13.0,20356.759034145325,749.4168046301319,0.6865124283064306,Male,1,1.8711335506459517
37.0,46983.3830706586,553.0442656683778,6.479816623495513,Male,1,2.085755428168828
54.0,56184.2089721525,689.7844415520708,3.7530864643208126,Male,1,1.2469160675980082
31.0,40758.49770141074,620.521249675192,2.437465815058896,Female,0,0.7080775089445249
33.0,62742.82980491186,732.4244054753256,4.746477044655985,Female,0,0.6188562056818518
38.0,36999.009940095304,626.923429488339,7.399863259538424,Female,0,-0.06826158174096464
29.0,52307.714903249616,926.4348516117136,14.16293526938708,Male,1,1.143668472405241
32.0,42168.9214325246,839.8117015818505,1.537362302411343,Female,1,1.154264036255225
32.0,68291.4662443216,618.4789819594307,14.699611195172,Male,1,1.3339158933828557
29.0,39854.532454465916,604.7865410905014,16.21431182611711,Male,1,1.6663271384630653
47.0,44721.89305570226,963.2326150808462,8.400120472108929,Female,1,0.2869582969285588
40.0,64185.33556245733,542.114903867141,10.661561448170723,Male,0,1.3067996528197998
38.0,34579.42011360705,644.4976452081651,5.895222458829749,Male,1,1.0594933768376866
43.0,51031.25085145359,652.2448919705428,0.19941020255278194,Female,1,0.5301871786108638
32.0,22661.984844700975,649.7662102185426,4.279254691044507,Male,1,1.3837756134314398
27.0,33680.998120563876,476.12882794694735,6.875873332794651,Male,0,1.11466153012367
29.0,55731.96913836205,699.6602409675941,14.211034778095206,Female,1,0.46264403660964204
35.0,35139.53735695651,552.9649908607682,4.225107148999665,Male,1,1.8649985291091091
24.0,41831.406022643125,793.5989124169071,7.904268756494542,Male,1,1.947484907996705
30.0,57396.296030719066,504.40349575653784,6.104555885846774,Female,0,0.5551867866979707
30.0,41312.20788279605,655.9465927375476,1.6480990608351354,Male,0,1.4122164567683357
56.0,62342.63109824537,428.3879353048112,0.840484494191689,Male,1,1.7423322580607095
7.0,53234.94181229096,434.5616293659276,6.949611243323043,Male,0,1.747049195506007
33.0,56535.246678867545,566.0648041707367,1.3313537720321507,Male,1,2.03373640721218
52.0,68614.48398107798,580.1789917662971,1.403145381239375,Female,0,0.44811522755202193
36.0,54797.34593921099,796.5726412989435,5.163367723229426,Female,1,0.44767408615017423
43.0,73082.70935704016,645.9408163738102,7.781108361163836,Male,1,1.737323086564674
36.0,63668.934245567354,779.2406900911553,4.365343213767839,Male,1,1.2906569382669613
28.0,42148.21355248315,612.0213405323323,10.813383366695657,Male,1,1.4803176994671225
13.0,69397.22112531908,710.6085182880331,1.1877546374126555,Male,1,1.8337601445038798
37.0,53957.99031354418,577.4524683081099,1.4545325236916795,Female,1,0.30529522843067125
27.0,44079.804370092446,570.6526930901399,5.066149370753498,Male,1,1.4780383969631987
27.0,54175.78542981324,467.91498610821054,8.841235851058048,Female,0,0.4894085723829113
30.0,66684.90236585395,683.5753993851274,3.8756032730000505,Male,0,1.203397154846882
52.0,56825.67641363333,676.208341470015,0.05217918864065584,Female,1,0.13274277865490752
59.0,77335.89248827097,727.7312887285852,5.649634503456689,Male,1,1.9890647692551227
37.0,66297.95836848233,671.4918287141395,8.398830688526338,Female,1,1.1180478561014655
30.0,57847.40050103243,852.6195977193968,1.6185751794903356,Female,1,0.2905433088033349
23.0,34608.97875888264,667.602763667751,0.27861138080368675,Male,1,1.7864698454222696
40.0,47304.012289848186,749.1826714338121,3.648557697060293,Female,1,0.1192270137621595
53.0,51074.96209626277,617.5890917000897,0.21534769778672205,Female,0,0.48385777801293467
33.0,60449.47251826621,559.1529965698611,2.689414838263403,Male,0,1.4539522259610522
11.0,59559.99561908289,721.7695170186637,0.08989246700100624,Male,1,1.1570995379259605
42.0,52543.10615327429,641.085201217966,1.2742465618364986,Male,1,1.407053505502354
45.0,51805.248730657564,733.2043045929621,2.4618388795635218,Male,1,1.362895668638448
19.0,60806.853426141046,685.2936541844681,0.5922619279224431,Male,1,1.487428167312538
37.0,37121.20661555021,570.6986673209843,0.6060715386517994,Male,1,1.7476586501400018
40.0,75432.73728874786,757.4337877677028,8.774103143381522,Female,0,0.4483399643543644
34.0,19292.49672254793,562.8810046215333,0.211531450405271,Female,1,0.832188585499579
27.0,71831.14223258043,712.5326263295505,5.839269237631032,Male,1,1.060227323197893
45.0,49322.21707362257,778.1611111525854,8.42301816305137,Male,1,1.6344792016159049
31.0,65038.69721407391,611.5405161584843,0.7004635216342361,Female,0,0.544323190647415
20.0,55457.60651438919,765.5994453672315,1.0868682370643636,Male,1,1.576045404422662
15.0,55190.51616366203,689.7616834053192,5.1290396729216114,Female,1,0.41490547079831297
48.0,58313.81714039782,735.1943778396263,1.896404233700013,Male,1,1.0675435431734956
41.0,62135.814336316675,566.3244308897414,3.235356543135377,Female,0,0.6197013490896458
36.0,45067.5376011914,671.4300232053747,9.039526825975496,Male,1,1.4419053985253445
31.0,65521.98695789355,509.19186899754965,0.7424024287648311,Female,0,0.6509468574949515
30.0,33732.940646318246,821.1300515310463,4.833350140225575,Male,1,1.5213036716790331
24.0,49920.04140010813,448.6001678415493,14.270965841630074,Male,0,1.8962663794777601
31.0,62539.54886408415,614.524818037115,0.2959197705964823,Male,1,1.5179261558842796
14.0,64925.26369423834,556.8291405800378,0.3094130026814183,Male,0,1.5801685791635847
28.0,56911.83272392102,717.4700415202237,4.04551113198959,Male,1,1.5348669699817465
32.0,44099.113430663965,842.3945945929918,16.10386262412557,Male,1,1.4341418727148334
41.0,63450.61667553055,715.4915098687526,1.2453438877159542,Male,1,1.4227959725729227
35.0,39959.506413218696,946.1283696951351,2.008301550575532,Female,1,0.7560402088398104
43.0,76271.13610623367,512.205982344116,0.5192969620247505,Male,1,1.6645030598364048
48.0,48729.93653750504,519.8815867471435,2.249022896299423,Female,1,0.15312743557192504
46.0,26905.614586910593,560.68857683846,0.22672604434429508,Male,1,1.6557531721757694
40.0,32079.747979751723,662.1244695295906,2.46406087054131,Male,1,1.0445614640559446
35.0,50654.65455319381,547.307762471675,4.053888607319071,Female,0,0.26810593020493245
25.0,52097.3790698908,574.8337245694975,18.445362700621452,Male,0,1.2772263529482963
42.0,79544.85027426643,712.0483523927288,8.529413118032721,Female,0,0.18911179017520924
52.0,34422.509935786606,526.0828116886182,8.631696362460037,Female,0,0.5134995314859337
38.0,50591.93298955896,536.6803987029898,1.294788476811032,Male,1,1.9230595774118395
54.0,34108.678893769145,610.1461247009928,0.4563824921609635,Male,1,1.4968550075461233
20.0,42610.17720179895,619.5556929160679,4.620035937743233,Female,1,0.669303061196462
23.0,75259.58045104006,751.0015717221315,3.6817161531040448,Female,0,0.7307239672121575
44.0,32954.95665266014,559.9360252021879,3.633559909308181,Male,1,1.3591784118496921
38.0,58805.6363610175,577.9720015879102,0.5770990736986195,Male,0,1.3217029070882702
48.0,55893.61038521587,708.1670116279006,3.4049557693583834,Female,0,0.9541873157392893
35.0,49637.42860462687,730.1394323783383,0.8146876772672857,Male,1,1.4222762863570924
26.0,57791.54934787606,792.8724467126588,2.7418984449134887,Male,1,1.2858150135964423
33.0,32599.694270850672,696.9120354864755,0.32089363679459926,Female,0,0.3832880019616482
20.0,74844.83761705336,663.0364059961827,9.720799387672653,Female,0,0.675117635404918
24.0,78872.68242685281,707.5038406746154,0.0663385722976534,Male,1,1.2092392042527187
45.0,50706.5704663897,623.2587194111452,14.010964317840804,Male,0,1.5891810395433479
44.0,86346.5919592033,622.5232405624521,9.93492524809393,Female,0,-0.05461239988124755
39.0,44014.58102675119,472.58896877212464,6.983907245907112,Male,0,1.6904438883774533
18.0,56006.4799078442,739.3415956689335,20.242244998499444,Male,1,1.5039159478069657
31.0,71478.3359566177,671.1458945051747,0.27661225076489504,Female,0,0.835376492137273
23.0,43114.93309665636,727.7039266368306,5.13048761641616,Male,1,1.120159386495977
47.0,29276.764116808426,368.4189505522706,9.462390225946027,Female,0,0.5440021048388501
29.0,25824.24401571719,645.2898292106454,0.6769060640414127,Female,1,0.2244236558212827
24.0,80912.39845853989,564.4118493622368,4.394673428094865,Female,0,0.3552126311741708
35.0,42064.63024041834,800.1362504820233,2.5037321883743493,Female,1,0.4271127231158631
29.0,47213.94854872252,711.4216915483829,2.8619726891909982,Male,1,1.5558848870591424
50.0,33308.53882518418,673.423541081056,12.181958925277119,Female,1,0.8242927917902253
28.0,64225.089189937826,606.8067030658975,3.868007242540239,Female,0,0.8083577517619254
21.0,38276.602111631226,689.7208310131647,0.489508922217071,Female,0,0.08121060204962843
13.0,42631.05458508017,557.1814370621896,13.840288919859612,Female,1,0.40349639449441643
35.0,54492.80629124241,640.0274652314234,1.0241315214995919,Female,0,1.1186538702460904
29.0,34039.31109131641,592.163661301258,11.157689766837013,Male,1,1.248295353156375
21.0,47321.26595728662,876.6489654981692,17.688647116161185,Male,1,1.4597522566941812
47.0,71033.14384254905,796.9947756190841,10.512014258786921,Male,1,1.329293192149637
42.0,56423.815962752946,756.3047483982831,5.652586071678764,Male,1,1.533656091388874
35.0,51958.13438642538,500.9688977845842,6.804143306910886,Male,0,1.9322330809362351
49.0,53222.970641957974,736.4157112284054,6.017651907126165,Male,1,1.767886847661853
42.0,44162.973560351544,668.7666675141937,3.08578849928165,Female,1,0.7579014275342488
27.0,79942.28479632389,772.3460139516146,1.603917781647011,Male,1,2.2533709260442154
25.0,37817.64304198899,682.239509512694,1.6773827720437335,Male,1,1.8542354885314678
43.0,53163.89242945895,649.3282333961696,6.568340569063325,Female,1,0.5781534214593212
39.0,51725.38349514211,673.3784296336559,4.91798470859616,Male,1,1.2401063122628293
37.0,65131.43760699703,469.4366708377455,4.395986807837719,Male,1,1.6021474478141078
27.0,66547.6090819046,573.2596727832203,5.286519328478121,Male,0,1.711324560743384
41.0,49519.71793269394,687.3335538703273,7.453526315259907,Male,1,2.0301454729597546
27.0,54359.99739669575,763.9388358406583,6.89839971637155,Female,1,0.5963710073499943
34.0,54928.02130870923,594.9506883687882,0.5568728516072103,Female,0,0.55306542470336
49.0,15917.875166440892,645.9193120136066,2.255203240056315,Female,1,0.10021063191361884
28.0,26165.155962833367,489.90075553246095,1.5324025507075631,Female,0,0.6884824842368441
19.0,40924.04463917044,795.931081335376,3.863535531385475,Male,1,1.097863640161807
24.0,41576.01985434697,761.374173223312,0.3169150509695372,Female,1,0.26660412535029127
45.0,32010.763670538017,715.2102618567199,7.187181439925823,Female,1,0.7646690000910282
38.0,61243.73857060445,690.680618763089,0.5631976831937792,Female,0,0.1353151765922061
34.0,50031.77631526209,805.2549065146798,1.5831658748206525,Male,1,1.8598278850725138
30.0,46779.581789197444,569.4989008685283,7.633337071009924,Male,1,2.4164727576088683
40.0,31157.6708823892,558.6838443673341,0.26468365686739825,Male,1,1.4084157167725357
27.0,49331.82703632817,756.1519786256429,5.397006072053953,Male,1,1.4166313885289046
38.0,10599.728660020824,749.4313381708124,12.916674366640787,Female,1,0.6624822499063076
28.0,47555.65533791239,530.6504413910848,4.806934985073927,Male,0,1.5521183373339347
26.0,50947.75503211634,596.8640118423134,6.235401755490134,Male,0,1.3066290785811094
29.0,53628.72476482248,818.909313107739,7.857505320281978,Female,1,0.5727017309266611
31.0,26538.4735478108,691.1667328215904,1.2567270721444044,Male,1,1.8024485902828746
35.0,53372.25105037212,728.7161518018172,4.348991241195768,Male,1,1.4229019055568926
37.0,34378.53095203186,534.0953457470644,1.8484876838718374,Female,0,0.7906702049123747
-2.0,37812.95251561499,715.6644524537178,1.435047354996334,Female,1,0.8920150375362538
27.0,60768.970787339975,508.04584542291195,1.068791251078409,Female,0,-0.08823458519684058
31.0,80211.70585039616,452.0178634399315,4.402574623473552,Female,0,0.2896801294712916
50.0,50770.3813820402,722.6823960180868,7.912323087373338,Male,0,1.5579237580008567
24.0,37743.568120396514,793.4445169634489,10.43289734845314,Male,1,1.7465699441480897
37.0,52830.05671264998,624.6213924250832,2.7982059700320407,Male,1,1.9462051415629547
50.0,64085.43736248718,595.3449318145541,2.333238335540358,Male,1,1.5895969998921142
22.0,59314.96348809103,821.084865624637,5.812665436786874,Male,1,1.6779171320674064
39.0,91146.69308695619,630.5216630885392,7.57880992401693,Male,1,2.2368904556826696
27.0,39269.93646358,643.423127644274,1.4605883872440806,Male,1,1.6712029640697146
30.0,53783.47219878947,819.3957226440335,1.7640612417466186,Female,1,0.16930746350300874
27.0,73233.76930127305,614.641518697179,3.8113430067337735,Male,0,1.479502743222561
28.0,72292.38855527798,584.5972390655133,2.9384045430320596,Female,0,0.5665122205508744
62.0,20748.831102134292,731.5508224137088,6.1172688788098215,Male,1,1.6636393507273393
43.0,49949.63569940028,578.8143845620884,3.5107881751528796,Female,0,0.3049147266768576
46.0,72267.81148773049,635.5398461877818,0.591660901733191,Female,0,0.6276117798119942
40.0,93359.64485598706,518.08413982878,0.9073287842047297,Female,0,0.5013831959751093
19.0,60556.93825626228,668.5397088376513,11.609290337757642,Male,1,1.8430368031286455
39.0,44482.05059455275,656.8097487203092,1.2899585615057947,Male,1,1.422346668756681
46.0,34861.952713439154,746.8020274723144,0.25691960519589796,Male,1,1.7292970581031566
26.0,83281.15036296274,735.7256536661731,6.573675682375298,Female,1,0.6850322119067722
45.0,60931.12379698639,705.1518008469582,5.760241656741015,Male,0,1.5601051389635838
42.0,37278.996096718736,689.4255692781013,4.582403982861775,Male,1,1.3850283810288049
54.0,46952.65450499328,642.6745886247659,3.488348503421799,Male,1,1.648722316489163
31.0,54652.79775243056,710.9555968995803,17.463333154193453,Male,0,1.3722295909097897
24.0,58157.099808321764,538.7667826331012,0.638214084233193,Male,0,1.5469375682617794
31.0,36505.72013681315,415.10339281456913,3.5684107620718812,Female,0,0.16686539572261017
49.0,40787.14372811761,766.1917671212893,4.151080611498308,Female,1,0.44008738781534606
17.0,25205.981564405603,717.4160462247913,0.11374871262838052,Male,1,1.3691889980110814
14.0,65596.43434407172,637.3013565720086,2.655077240903381,Female,0,0.39151450888765493
36.0,44875.72299844526,757.4558608445986,7.634732381845671,Male,1,1.6752819837693438
31.0,56994.82473774938,576.8502583053473,3.1847677371507226,Female,0,0.44555965815895077
35.0,71333.8776286449,579.450746791685,10.408358123975416,Male,0,1.7290689839796884
44.0,53298.052135609185,565.5862276305833,5.1753563040033965,Female,0,0.46809115681467245
29.0,48305.44286076398,706.7621975115885,7.2639951690670435,Male,1,2.0512929102301776
16.0,52908.82215325901,491.7041922785247,8.160466472247158,Male,0,2.146881674736999
55.0,50947.9040577534,573.3038393217959,5.847860743763237,Male,1,1.4505514514427988
25.0,68692.47496816918,678.9715023236135,6.919100324113032,Male,1,1.9980897665790256
24.0,54662.57596308185,529.5848924077388,5.9423109220173895,Male,1,1.6317284210833995
46.0,41833.98470631631,583.9689594338814,3.9976938986044,Female,0,0.15115931070479394
31.0,65717.73585334625,428.8432422885436,4.179697654279839,Male,0,1.682126929508411
34.0,68457.26534537529,710.5806649401537,1.0528939888652626,Male,0,1.4300990614378006
40.0,29925.040597693045,581.2164806657721,8.785029171384942,Female,1,0.2872501933947027
46.0,72991.75827152158,540.0718749858846,1.8708302246955384,Male,1,1.171038462259847
32.0,55470.676598127284,520.4977274041426,3.836519119117075,Male,1,1.5241273869714513
50.0,54249.04925219898,608.17864877949,1.4353816660276735,Male,1,1.7798033049075574
14.0,65099.36947394772,491.984441310856,5.95141764251708,Female,0,0.6008530229990854
43.0,41495.35413493582,844.2379677148667,18.478302403762928,Female,0,0.5858826197958478
27.0,64312.46771286386,411.52553828310147,8.095932243092946,Female,0,0.9856325318301551
49.0,44348.36795393217,604.938085021351,4.826032719459052,Male,1,2.140233152874394
36.0,27875.73980434493,660.6906929291255,4.190940298212331,Male,1,1.649481096999737
28.0,35033.655813395984,572.4620995863445,3.3644806941114687,Female,0,0.7710177161195875
42.0,58505.3274935484,671.2131737293115,1.146886150424473,Female,0,1.0573227275194257
44.0,35817.974900080124,570.0398425053838,2.1386306705667657,Female,0,0.49955895909714154
41.0,74151.14184784473,803.0094463673149,2.607698021568676,Male,1,1.7882543861128586
25.0,67839.25180159464,538.1122985890223,14.4630881255359,Male,1,1.4788498614571468
30.0,70001.58749049448,414.87760586516805,2.771997057388878,Male,0,0.7921066992038855
35.0,51871.67869516118,520.1500149546678,4.411746025438218,Male,0,1.4223776796769028
35.0,53867.92425942439,688.6494774813713,12.78252073402925,Male,0,1.0483106611829764
42.0,32094.322186335838,638.2075620451136,3.653481099931253,Male,1,1.383630999246893
15.0,64936.75265236235,725.2132907982117,1.448084915015765,Male,1,1.3364421755985787
38.0,55697.50182555628,700.1744616710967,2.398299358048281,Female,1,0.30614917181247475
32.0,58509.5843793839,586.3719650274796,2.3543336116394413,Male,1,1.1845240785516555
27.0,75324.67717179323,601.0916506204453,6.271377941928881,Male,0,1.1403426049469103
28.0,40910.55524078735,611.4671224346774,1.75574214830635,Female,0,0.37700548017933166
33.0,48107.87675184023,838.4346083496653,6.552013490423693,Male,1,1.3887012085437187
-1.0,54900.063823132514,719.082231468737,11.002070326651015,Male,1,1.410568566830557
28.0,35968.4689181194,839.1686899178505,2.047915464758149,Female,1,0.62795386954559
26.0,47186.017680847406,734.0779372341814,0.7271009268260299,Male,1,1.7119111175681994
40.0,57394.24715700454,643.6416605078449,5.088217985738782,Female,1,0.7853322719692224
27.0,45118.680929407536,548.0638513014335,2.238115500910451,Male,0,1.2376022362194645
33.0,69634.84114593669,670.1519671148744,3.8176998052897817,Male,1,1.999418541993943
50.0,27336.13157274509,643.913082778377,5.027872970102428,Female,1,0.5474257079808713
45.0,66841.56860350013,640.6352714661787,2.61907261114671,Female,0,0.7052080464730553
44.0,59917.78212224007,629.090092310075,12.931007327419602,Female,0,0.8451961280175566
30.0,41467.57118665114,444.75372924237774,2.5509179343329196,Male,0,1.3504537467804452
40.0,36133.87147655003,776.0839816534656,1.8363279023794017,Male,1,1.4240509933703702
33.0,18795.760741363225,644.9546510782683,10.843559716951795,Male,1,1.7045588668607747
33.0,38072.374813792485,508.5746883971358,0.732658940482665,Male,1,0.8094078337792417
39.0,65707.64982504495,698.1762709073645,0.6631385983602476,Male,1,1.2106123093562957
29.0,49158.71410581988,564.4163831393472,13.720838863156837,Male,1,2.0399866893403225
50.0,67444.71320587762,706.2140622970783,1.1720869020905553,Male,1,1.5048689248703357
33.0,40701.933940631716,738.1656460512461,0.8034113425787291,Male,1,1.51870260604436
41.0,60606.59240159844,751.9636490669318,3.8303994152021383,Male,0,1.330671119045986
50.0,39237.520968733676,633.9083273345179,0.2395921687881529,Female,0,0.329534960382575
45.0,35516.37490685242,608.6222271981483,4.83811751319865,Male,1,0.9588779241421447
21.0,48393.09174243986,587.446163973533,3.0158998664944745,Male,0,1.3725083560078548
39.0,40025.50233020005,577.7443911539503,5.1139812419591575,Male,1,0.8756456897786427
44.0,26857.667764441812,648.2769935789083,1.6699349617326646,Female,1,0.6705034027342114
44.0,47265.2794892451,629.0656937608261,11.794307298233447,Female,0,-0.3010681385435453
24.0,51596.531246469334,567.4696184177834,1.5775327914964135,Female,0,1.0982457111954655
28.0,69025.37917244101,535.6215246197096,5.074546317435445,Female,0,0.1969059425429731
45.0,64052.085156995905,639.1243907741417,14.51046750592274,Male,1,1.7070240492768904
27.0,68299.14798849248,606.580238205617,2.560876740681966,Male,0,1.8089312469080736
32.0,60805.36247590263,535.8633026718135,0.8802653938511049,Female,0,0.7135018456608898
51.0,54989.19138424962,733.0571013421408,0.35416465202942216,Male,1,1.198898948203391
35.0,31565.82640292161,827.2092750825249,16.486619424372194,Male,1,1.860623897723658
28.0,52248.08296902912,746.2588213984225,7.213296916997821,Female,1,0.6195112060776684
26.0,58951.90665996222,577.9811988323955,12.563572242032201,Male,1,1.9210630888643165
38.0,71861.56924055654,644.9770315410063,6.000452636622332,Female,1,0.22719831506849725
22.0,60294.328125977205,804.0428951687461,2.096160986862826,Male,1,1.467196697909515
33.0,68605.75151908133,532.6300357222507,0.6563359948526247,Female,0,1.1851165522007396
38.0,34520.031629521414,728.2595126685226,13.247033651173421,Female,1,0.3734735726481785
48.0,45103.73560777857,505.191679185601,3.3629892990822254,Female,0,0.6464444202718533
42.0,56440.26070491906,818.4037627431329,2.5251207269756666,Male,1,2.260514919505199
28.0,67414.29036113842,606.968547524901,4.311286702133281,Female,0,0.38876035134405684
47.0,47821.5703124162,872.9043724523813,0.5633766939356353,Male,1,1.0189695201562659
32.0,48763.310612762696,822.806379864183,1.8495523081995042,Male,1,1.6233294884600493
23.0,60307.10459004468,639.3569490418612,5.078844400619266,Female,0,0.335055811923593
33.0,33111.93759282313,578.0594626889589,0.5274856602646344,Male,1,1.4679049124792747
49.0,74111.06824735143,669.4775471890914,0.7265322882047537,Male,0,1.8262706106104032
37.0,36812.95860338473,631.9841033353437,3.5727516537779564,Male,1,1.6674331079038525
35.0,21221.158646610453,609.8433036414407,4.88361679672166,Female,1,0.6033005884036844
51.0,50151.00512783871,484.1886745421703,1.035131337919358,Male,0,1.7515476681028612
21.0,75476.88053563348,598.5446416345413,0.1682215503196333,Female,0,0.49750790310506166
22.0,58796.79695500415,538.952087824376,15.894297906401029,Male,1,1.5591321243384595
19.0,61266.358145054495,705.1647706425236,0.13938826891437367,Male,1,1.3848007637177728
39.0,50620.786434606714,749.1071316597424,0.010270749212894725,Female,1,0.6113979100023396
37.0,47714.33754093234,724.0684003923596,1.9529359426056945,Male,1,1.1367862648410303
50.0,26826.359456103266,684.2375089627508,1.2580570182830073,Male,1,1.4956157133181975
37.0,16109.206131437211,564.7092932859098,4.261727114098834,Male,1,1.7240123818324231
31.0,52944.08507661295,670.540077260191,11.2314433258376,Female,1,0.08508704970350017
35.0,69688.2379151034,729.2765143644376,3.2802943934337883,Female,1,0.5063030543049657
36.0,55162.00557242098,591.376442560027,7.420665268573826,Female,1,0.26391607684384744
18.0,59353.9929057802,661.8986421395007,11.996969091627566,Male,1,1.5822730597297967
62.0,73755.76318459309,635.4538410730077,1.0499006872895178,Male,0,1.7991823840686978
40.0,54931.50277161587,816.2366669610485,3.3501901890995973,Female,1,0.6653950286739891
37.0,48160.17349538571,735.1548135264525,5.137089206526158,Female,1,1.0818098642938812
41.0,37722.127915249024,710.9159611748391,2.016461635938413,Female,1,0.5069045260790265
42.0,80333.18844458129,478.3306266034565,6.7306034145339835,Female,0,0.19645705903546384
34.0,57898.216687305205,667.2837326767583,6.109241028349242,Male,1,1.9200524903335214
29.0,35845.97426121004,634.498657107543,2.733078271543565,Male,1,1.3418585491369375
41.0,32432.48498298145,633.6342889430127,0.4603229061452771,Female,1,0.5750094726962449
39.0,68795.95590393369,493.65865272583596,0.05818111243798013,Male,1,1.7641174149575083
27.0,34438.37455387512,541.223137770243,2.3050177559135276,Male,0,1.7524663423547893
49.0,77807.5123625333,643.1982512094218,0.4281644292768395,Male,0,1.3469041819845242
38.0,8653.058043639336,761.4355778190461,7.607694804132903,Male,1,1.2982714897855785
42.0,71338.92796684965,590.9475430160577,2.034774460945297,Male,0,1.3700916847049922
49.0,57303.42216742947,610.0061272895732,5.48454284099745,Male,0,1.523777235882512
35.0,51778.91634585311,828.1091995286208,2.126137933900061,Female,0,1.1691853526897344
38.0,47368.123474373555,620.3177610832164,7.94666726199988,Male,1,1.6259194430429282
43.0,78360.94772891044,637.121047614642,10.964731060922826,Female,0,0.13691639697592067
28.0,60605.88287601805,638.4755217948259,9.085821766947289,Female,1,0.7722642696860783
36.0,36451.94586656823,515.4494853595489,3.3128334727534487,Male,1,1.5552056656785314
36.0,24216.35065956678,707.1798123415115,0.43843044570974554,Male,1,1.22419098194795
25.0,52659.45819720963,584.7123881415662,2.323775978349891,Male,1,1.3744888023729707
58.0,49983.93299693878,646.9929382960262,2.7621979464330346,Male,1,1.461810030936176
21.0,27201.979439367362,694.4372964417797,16.12623172516246,Male,1,2.1363116656191092
22.0,49169.09711776496,844.2557589035392,4.167765661204536,Male,1,1.108169081527085
48.0,41390.980503886996,518.2229955453756,5.120023307871131,Female,1,0.4658446918603883
42.0,50139.351024600415,736.4982185066224,7.616383214714921,Female,1,0.3465662723084666
25.0,60888.85417472603,736.8723256173968,4.198992373490329,Male,1,1.181298773933534
41.0,72389.14921196052,586.1785227220727,4.562547065183885,Male,0,1.2374884041595489
50.0,63633.33554553931,709.9503848051982,1.4073589633335937,Female,1,1.021212190965143
35.0,39178.38875254692,814.3436151291892,0.30335196698896505,Female,1,0.27580639614915214
61.0,55533.726932437916,573.5028790787558,6.3896376687077066,Male,1,1.852450818461309
18.0,50946.60682238036,674.1469797135155,9.441947611105586,Female,1,0.36937745266541094
42.0,30018.065680536485,690.4801363939786,2.655143214304731,Male,1,1.420056780157894
47.0,55973.491770384084,703.417885495355,3.9804913754520554,Female,1,1.373518590041005
44.0,77850.08506876571,726.9291760716013,1.8356847398647835,Female,1,0.21916160171179855
33.0,50486.39906280506,666.6304828252174,2.9911908011896777,Male,1,1.3090055237521527
32.0,26087.259804118992,701.3436186348002,1.171589551978869,Male,1,1.698424895133762
39.0,50454.03006662929,558.8526349876277,7.133224169639934,Male,1,1.986291025533812
43.0,31794.317015401248,666.4003493639558,3.385501001831894,Male,1,1.8175280880096523
41.0,62954.082603294315,602.3658734319486,3.96104402653622,Male,0,1.9069741146122678
45.0,57872.974875876935,527.0171094845913,0.18896666867910217,Male,1,1.4581867780533915
25.0,47436.34919787885,599.0855450563099,4.869577935110762,Male,0,1.1752095345985154
33.0,45032.53601216268,676.9456392198058,1.1323441948489241,Male,1,0.8999177567014117
26.0,46816.4854757668,693.5797276370193,2.417630389075434,Male,1,0.8784087071616993
31.0,50124.1174151348,523.1540879077229,2.6612312473943045,Female,0,0.5385513725663217
45.0,38416.47467987687,556.232328327513,2.9776764176838775,Male,1,1.652047867269042
36.0,29183.703784978446,722.4656279693221,1.2902046470616217,Female,1,0.29304364443470693
61.0,67080.48420041971,700.8148092615863,9.489275432222215,Female,0,0.18843857484882515
37.0,44218.98535254563,738.7102662046352,2.7917717380949707,Male,1,1.2835166008845904
36.0,52505.646562537164,786.783042717656,4.7354827020937265,Male,1,1.6963498929144576
36.0,54279.22926751241,703.7887109590599,4.758780619422561,Female,1,0.29151582783587926
29.0,54830.30719482821,608.5192372829127,4.669533357449603,Male,1,1.168876052729885
34.0,32392.73004352364,661.4849458081917,4.097158861942477,Female,1,0.6210205793686959
46.0,24862.397531722283,815.9897100927383,8.64746681028955,Male,1,1.1300460665259817
36.0,41169.612129620116,926.4448997785387,8.373024855224896,Female,1,0.37643987482063923
27.0,55935.6729862543,696.3096365742359,2.699080519190926,Female,1,0.4908922759630289
26.0,39080.751987885305,703.5554138811307,5.050892780325996,Male,1,1.550740754029083
30.0,44676.1796945115,722.5708366997417,0.5425453609677269,Male,1,1.676461653719572
36.0,81909.46120624352,652.3792845819363,0.4758006857823554,Male,1,1.684186743851855
47.0,22318.641727931965,766.3853902342624,3.2688286085699363,Male,1,1.325905922876857
22.0,38674.49006134252,750.8045292732851,11.523137065855295,Male,1,1.4496467608337165
32.0,78449.06102860892,685.4376447148817,5.249106372833702,Male,1,1.7205208565160932
36.0,49331.019920071645,618.1980093994384,5.5314548115581195,Female,0,0.45475380027176626
17.0,39410.22251751634,497.9303612622863,0.8579367479211564,Male,0,1.2261258347088448
27.0,67531.5337551668,723.241354761425,3.0193160118930518,Female,1,0.6726439235954841
28.0,50828.45654721667,671.2858315226104,2.5607236752583864,Male,1,1.3176408823927264
27.0,44775.37407433991,576.2232269345899,7.638790729384675,Male,0,1.5092092149411838
37.0,52885.53390556267,537.0079735005373,0.741479825336947,Female,0,0.26039320620371925
33.0,40128.367859258506,716.1432849383252,3.873858272248705,Male,1,1.4497753309412418
29.0,34737.63405667883,489.8763678383035,12.115380979155931,Male,0,1.2599708689840197
39.0,48296.046085478774,679.9641187443805,11.149456907468089,Male,1,1.220321959508038
52.0,34835.04559885989,734.3550409168894,9.564116859222283,Male,1,1.694758362182308
51.0,50160.39967694721,704.9892886416624,2.349900651100266,Male,1,1.6029449187752443
16.0,55316.09851211508,610.926022564156,14.159629571428344,Male,1,1.3695550998923227
41.0,62795.906840774165,525.0625515525086,8.18148989568135,Male,0,1.4829349092148532
33.0,66918.8747827524,708.701923979519,9.523789371912116,Male,0,1.8636408302297525
37.0,43913.95247551623,770.0523091953421,13.467320067606334,Female,1,0.5162423003275095
31.0,57491.21911908604,592.7266645256959,13.823203209523944,Female,1,0.5400291935756693
36.0,57387.85169309535,700.6908200292859,1.372611636644413,Male,1,1.9582189730552297
37.0,54917.28073723976,808.1515118731809,0.6830389524501134,Male,1,1.821103319804518
29.0,42808.10883574312,683.884709644161,5.870046852986576,Male,1,1.3077514712361842
26.0,34578.98281303834,610.3119855122212,4.141559035350139,Male,1,1.8211179264919248
31.0,57530.028335998395,754.0853540063158,1.9832194408583483,Female,1,0.49602316659567436
37.0,24397.06156710425,576.2439025842187,5.767182839475037,Female,1,0.24064013530686668
41.0,45982.40851147533,520.1807984946977,0.32001000446975153,Male,1,1.8912502252523824
44.0,11695.534765271026,731.2321191145979,0.24179494729643217,Male,1,1.2871481535669855
30.0,29953.96364962605,609.3837736516437,2.187183356548085,Male,1,1.3470119342735338
38.0,36842.990923288635,618.3478985996315,1.0774063053526826,Female,1,1.196014132825606
45.0,66450.86311443927,587.3059364448928,6.339109828745107,Female,0,0.4437372540670058
47.0,60321.62036606403,602.7182604445916,14.784658041907178,Male,0,1.2144109991806284
34.0,41690.97974236637,790.3033427526866,5.418038321189362,Male,1,1.3192093876411501
33.0,60940.54692694626,816.2498765783668,5.317930171887664,Male,1,1.3973107359970154
37.0,63314.34445070595,829.4978636144609,0.033087101644321534,Female,0,0.12928187571079436
24.0,47590.02727437918,759.0120621177513,3.5900379963223354,Male,1,1.479151260493856
33.0,29234.327836794648,696.6271259773238,8.494114708137738,Male,1,1.2998059530192658
42.0,46881.315349008284,506.7714408066887,5.308322205735108,Male,0,1.6871378100175636
41.0,48531.61392241796,631.2475297099651,1.2924444175480867,Male,1,1.9069498871989459
32.0,31513.18413754661,865.6754488623687,9.435031453295446,Male,1,1.0130544331933014
37.0,55505.70189394952,606.4378421247346,16.673780202936268,Female,1,0.09634263114570246
27.0,54197.17781453533,801.4144474772274,1.6355311074855758,Male,1,1.6535810953411942
42.0,56675.6404984128,655.5035819030545,1.1602551655393043,Female,1,1.0972015280331562
34.0,54183.84645751165,382.1857614146854,2.0664298422136853,Female,0,0.34996525290670033
32.0,60947.645526724744,714.0485563668963,0.32620468621764714,Male,0,1.8812198259581963
31.0,47310.07958190453,776.6254696178312,10.334904419178503,Female,1,0.6893819944560593
34.0,53026.7766105643,645.1004031359456,13.246511793084718,Male,1,1.6563017374303983
31.0,44033.89573631702,773.3051004485413,5.016097465470947,Male,1,1.7242018293823047
42.0,41232.511765670744,483.2172485582913,7.226715898968303,Female,0,0.6870229640822092
31.0,70073.74446143114,511.443573610063,5.522910524600281,Male,0,1.3988291972001972
51.0,19343.469477102553,670.4864308085688,2.3688875412063735,Male,1,1.7894600138616832
50.0,63151.39983731396,697.7114727817532,4.998937308586297,Male,0,1.3572502767684362
26.0,40691.886868315094,785.6578868592278,9.049215103688889,Male,1,1.451545910134165
36.0,38749.42733535319,713.892446674856,8.301220054861151,Male,1,1.0032303939293763
28.0,53923.6622609811,530.6370910634957,0.42265877669717455,Male,1,1.356670675432528
32.0,27655.855814734958,671.3045622074386,3.1050718509592157,Male,1,1.5235879695589938
55.0,37759.65392080695,710.072744528815,2.5318566606543196,Female,1,0.2672929216629887
32.0,37262.905302305124,462.5766001302871,6.971808993401889,Female,0,0.5858861707563817
39.0,46679.02612722358,645.6366530261985,3.479514265158299,Male,1,1.3686379804790323
40.0,37937.93467758967,616.4417456061775,2.1516159440655596,Male,1,1.3807327897594237
25.0,74016.78028458904,584.5306926254254,6.126829408672659,Male,1,1.3376507556476431
26.0,76955.24774746932,699.8777051752672,3.2082654748525252,Male,1,1.572408233466827
23.0,19670.097158779052,535.0318473442076,1.4827667153695367,Male,1,1.9638910053591059
26.0,58164.84057148604,691.687951200365,11.05536159883811,Female,0,0.4685684072754648
6.0,62879.95158616362,705.9491129208894,0.5998212096517043,Male,1,1.3536983096538886
40.0,58144.77803586658,758.3763310260973,0.09126644581895751,Male,1,1.394705072441601
56.0,40128.29760362458,537.6580737207395,0.7769048720937828,Female,1,-0.14132025942599635
36.0,46338.56656762188,499.47657816454523,0.8935001332728341,Female,0,0.48120065494529723
21.0,38775.88017833457,677.8903607339012,3.861408670833196,Male,1,1.3940062234491135
29.0,43696.03953261757,621.3728766132298,4.902353261743651,Male,1,1.3683402147670296
30.0,31850.524569992358,940.2650262493721,2.976574864704424,Female,1,1.1015562531856489
25.0,48278.167675481745,695.8498476242931,1.14185624271019,Male,1,1.4737861424332401
44.0,27457.974330423953,655.8161711704181,0.7089175899795588,Male,1,1.1500659724119529
43.0,46997.981686577936,632.7172044323585,3.3878651398842274,Male,1,1.2473838019825823
23.0,31271.274663503533,528.1938154560551,4.167602056296574,Male,0,1.4401674347467863
42.0,53102.24542687106,706.3881552954597,1.81175059880883,Male,1,1.8064795906749473
50.0,39808.70658585664,642.0854973729203,1.2451277673931969,Female,0,0.6167197254832568
54.0,54358.70521811806,642.1686316570565,0.42013042440742787,Male,0,1.6841587874828123
64.0,66223.71092547174,659.4443325498655,0.132975100938855,Female,1,0.618454180373831
26.0,73841.70404157063,672.1212529917245,0.5587736358288417,Male,0,1.632146275294937
63.0,12079.931164692644,476.07443540824784,6.775517704953406,Male,1,1.185952719230075
31.0,37487.08859189326,733.7023006370932,2.108114602774138,Female,1,0.8536913437736209
29.0,45453.70884331979,565.3555625184077,0.1390091474324035,Female,0,0.3842420894256197
38.0,56904.91727572225,636.1967802531373,3.548062686630967,Female,0,0.3487835987132929
29.0,25244.68243768206,778.5904920665289,3.8400785450401376,Male,1,1.3765819035862301
39.0,35268.613897996765,827.9448592270114,2.7991058667362556,Male,1,1.2172090522009056
22.0,51955.35803985665,479.9505561373609,0.5865065762110848,Female,0,0.564104875800042
33.0,51273.32362290001,653.0244827674649,7.031820031472512,Male,0,1.7986649032449857
48.0,55664.27609630139,677.2913185166036,5.841123714086627,Female,1,0.6147368612753745
34.0,56655.135903321745,499.24699738085536,2.5103960790260453,Female,0,0.23110377362581785
36.0,55078.91649673794,730.2591364418165,2.3967587898194527,Male,1,1.5364685069088337
40.0,52904.82974947239,661.6262677414173,0.8476295465750511,Female,0,0.43767257636038603
47.0,50836.096599895514,669.4159595694997,7.002967482828215,Male,1,1.8857352892475225
18.0,59971.446345865435,558.2447081658065,4.576130298440975,Female,1,0.3477521374895038
41.0,16410.16000153662,691.2886643381348,0.4484937173391258,Female,1,0.6400072871727785
32.0,73165.00230456852,733.8223956389937,2.374586073290756,Male,1,1.6909474821778612
37.0,16932.76923679514,662.7297883725934,11.694219996715224,Female,1,-0.1589566757799522
46.0,33812.57274643262,598.6064099036946,3.0108190272293807,Female,0,0.4379247526760066
23.0,46598.58805024783,606.3930681953635,1.9646759271694587,Male,0,1.4009691341543218
25.0,60089.19336634764,672.0395707125965,5.161091011780434,Female,0,0.47114449187053437
16.0,5070.996638005759,654.879737838063,1.1343297146529128,Male,1,1.236881981965644
30.0,49578.13514087249,740.4822119119395,3.709622405235958,Female,0,0.3795263502225514
48.0,61885.92559123602,601.9741712475834,5.536087339706535,Male,0,1.5055296262798255
34.0,64917.77174042715,528.1619397259175,9.650916886992027,Male,1,1.6028681500594757
22.0,39540.05512253812,685.9386077320503,5.896470923035126,Male,1,1.601262164688525
30.0,45487.470695674514,602.2470147001296,2.425868959863911,Male,1,1.1752530972468227
20.0,40757.77806661058,728.3681949036367,7.300784781330224,Female,1,-0.18629359517744926
24.0,44109.88019710874,650.7538630457601,11.433555179369252,Male,1,1.1168414793293788
39.0,34522.60173907348,715.4813204364823,3.2481748363622103,Female,1,0.8114482628274273
23.0,36661.21756293623,548.5682953269212,0.022554722560662155,Male,0,1.574465602534057
46.0,56515.65383042552,664.3386263229821,10.639715827382679,Male,1,1.2937924034763795
34.0,51974.230599091126,580.0736792616084,0.9042651277225005,Female,0,0.6080485490414672
36.0,57373.7976138571,527.962634692378,0.6752370201201547,Female,0,0.49557865805977175
32.0,53210.215845512554,563.8892121928984,1.838524654178473,Female,1,0.5759740507560595
43.0,60565.07901721394,595.5522908224141,2.390047920874934,Male,0,1.6439282211933297
43.0,63173.20997232492,774.4694527023852,8.031631248077177,Female,1,-0.05192951077317998
38.0,23874.250702008438,592.905960050734,2.464792520813563,Male,1,1.8652719665334818
41.0,37185.355243784565,522.8459749721777,0.25026593058925506,Female,0,0.7750902039889234
33.0,46529.36063764941,663.1477422496669,5.052480710676638,Female,0,0.19225644528544322
40.0,49659.83711768989,652.9180660677674,5.561847788583205,Female,1,0.04114716624089004
32.0,39948.6413927295,600.7946987989802,8.415985288039469,Female,0,0.03503754526067987
35.0,63680.35506482459,633.8776534153874,2.5446877087518907,Male,0,1.7432533032776272
32.0,79699.22552435898,747.6227085996571,0.45001237227561364,Female,0,0.9547630790420578
30.0,52792.42933372601,717.0705765399176,4.026680088882383,Male,1,1.3112750390738257
28.0,51265.11548297317,708.4230206873731,0.6448370178693484,Male,1,1.199191408794293
40.0,62741.84382656497,531.632121547977,0.08611393715702743,Male,0,1.1707292178175943
48.0,22012.40367194846,938.6548061715323,7.538548043046852,Male,1,1.3242275722985557
47.0,50427.03410657615,755.1252210274222,2.582630874874174,Female,1,0.3960450614879598
22.0,64685.53738201275,701.7028563190872,3.7222568177963673,Male,1,1.456874557312404
48.0,40352.690041983326,533.568822560279,5.436124895924186,Female,1,0.5035022368699729
32.0,31601.59130147052,744.7730112734107,2.562699350495336,Female,1,0.2847947108958976
41.0,47212.915848503326,599.8871489700672,0.2624257717337148,Male,1,0.9237060872979935
26.0,49089.71850197119,630.5729195364034,1.4567349517192585,Male,1,1.2163725250900337
36.0,36370.21577126812,481.92207239407173,1.080474702066878,Male,0,1.697125942815365
38.0,81442.41914076426,525.851691405949,18.94770421198569,Male,1,1.4133383484371977
20.0,42819.55428488082,693.8546498827135,6.725866773829479,Male,1,1.7669036462910357
41.0,32695.10972860147,750.623467527049,3.0032957897901884,Male,1,1.879143048537757
48.0,48595.680213940825,718.4904419795035,0.3273208615423725,Female,1,0.45051977026563716
33.0,63617.90956556737,715.0818996742948,0.6156456920991028,Male,1,1.7502989419183677
49.0,50261.21373497346,643.5233543040293,8.38054871787205,Male,1,1.9164112184063784
33.0,57283.908800660036,609.3292984633788,14.543104776185032,Female,1,0.08501235062524548
43.0,36927.34108500264,678.8895143565394,0.15926059947502347,Female,1,0.7495256695864994
13.0,72315.32669605271,732.1408323100273,12.061839233313975,Female,1,0.6256051113356323
59.0,58425.66541877665,650.4862254933591,2.3947271483424633,Male,0,1.3654121317967742
50.0,65715.52353316415,771.0252019913405,1.2016562143517096,Female,1,0.6306380955252849
32.0,55477.40948712754,628.4930736183992,0.539219970323997,Male,1,1.7528593652830915
15.0,62373.26056593176,551.9721064703949,7.38654562022198,Male,0,1.209707410680668
38.0,36904.21160484159,648.9637757958999,3.1641234706790695,Male,1,1.6247227159104212
21.0,42628.84374965656,660.5972278259568,8.931584989954452,Male,1,1.1750393082317303
39.0,70197.20893334044,641.796993272359,1.2819323330433476,Female,0,0.6468296145641894
39.0,73396.12920925945,778.0655560882261,5.67484690408878,Female,1,0.8145929592561145
26.0,32794.016004213845,730.5301980724039,0.6285060993652104,Male,1,1.6075511138630239
46.0,53746.041017957185,506.905901137829,0.4701837175842308,Male,1,1.3908521337643893
43.0,43535.84299272159,803.4367014198285,0.7158879850177146,Male,1,0.8377759937774819
45.0,39544.52795952708,375.85829391708273,8.274826167060835,Female,0,0.603477636422363
35.0,54272.59543033175,865.1024372852497,5.330044059409347,Male,1,1.8510113295360215
21.0,67114.44398548112,621.2694486443123,0.907392912585092,Male,0,1.24924854256172
45.0,56774.937099262905,631.04322633485,2.4288134531148007,Male,1,1.7428589436370672
32.0,45207.31325121447,643.998376102636,7.212969455550048,Male,1,1.3159922991351838
21.0,57722.9176990274,688.520543284018,1.6820819168023873,Female,0,0.6665722536118844
49.0,44600.35739628648,649.9736798733157,12.708255705242923,Female,1,0.48047670685054056
56.0,56181.71451095903,636.6604811162733,12.302209321609997,Male,1,1.4448560596670157
35.0,70946.985506836,780.8918309356186,4.024874212612665,Male,1,1.1038741236327336
57.0,18842.605110487584,706.559607975085,4.9980121123762675,Male,1,1.9048896893608431
36.0,61958.784478100504,554.1196145629239,5.295299787932053,Female,0,0.2243518926449785
31.0,26914.176176442972,724.0673914335724,1.495187899400626,Male,1,1.3375723875929504
29.0,68424.91565816692,702.410700318334,2.2731826609409995,Male,1,1.2233235657642272
51.0,40444.61585190709,595.4726274418781,0.7305717667279252,Male,0,1.9061401634435648
27.0,31734.92933590274,729.2138426362161,12.942765952626567,Male,1,1.0477880392206105
42.0,60429.03840633121,634.2427398776961,6.43404525014958,Female,0,0.5262397231263944
29.0,55462.55094713616,627.8326527874899,0.23732561037427044,Male,0,1.5591454204400168
30.0,35012.196455575126,625.1086882567066,3.9857369991796237,Male,1,1.1256799738323648
45.0,31205.003642474094,407.1881943047601,2.1009174811472437,Female,0,0.542086589361346
31.0,47187.77768763077,597.3300667065398,8.444783790483017,Female,0,0.172586029130276
31.0,31938.69574743205,721.3173242125602,2.1064489615344315,Male,1,1.6754855837547686
46.0,34077.90540614558,647.7588757096237,5.166231676934836,Male,1,1.3065110728506435
51.0,51734.3118563215,521.481357014425,0.9060528715574384,Female,1,0.42995331778747087
41.0,35511.92548617355,746.4631255192037,4.090780559715167,Male,1,1.5146323843330578
28.0,56398.08935039814,620.1399840456604,1.7398910133917385,Female,0,0.9026559574376174
30.0,72352.15393825216,527.8424509338477,0.9009496857263515,Male,1,1.2356334460261549
36.0,47771.668776491264,870.6012461671015,4.828181554830499,Male,1,1.4276623542063034
38.0,51952.26592978377,544.6827405512245,5.089419542359927,Male,0,1.5330692007756588
25.0,80271.45099253231,737.949151128571,20.477860917340017,Male,0,1.5244940382602212
42.0,32185.983239339796,573.0685899145395,5.529786884440285,Male,1,1.4881332637298987
36.0,67868.52792771113,663.5826834573821,3.625356256052936,Female,0,0.7301039886060616
18.0,66062.86396868723,559.7819036631824,12.18749251995943,Male,0,1.6722883491861749
26.0,62814.760087606744,526.0695818726341,8.809474016074594,Female,0,0.4404730554361942
30.0,69376.21776098947,702.2202544671409,3.978627610725369,Female,1,0.6764861771448031
34.0,54208.62448937928,690.5290545134401,3.5805345241879105,Male,0,1.6599785136896625
54.0,41256.05756601099,764.4649444219065,14.233905643773152,Female,1,0.5227679227887686
37.0,66418.59936830851,646.5618069704137,4.800260261465762,Female,1,0.5051658381627689
27.0,66992.63317569342,872.0351794126492,6.254958151673976,Male,1,1.481976099709816
37.0,66579.70852239932,676.8346667437036,0.45333959078068975,Male,1,1.7494027594631678
31.0,50667.53123478855,706.6774681237213,6.334662795176815,Female,1,0.3776094921733934
38.0,39257.0822958001,514.1570754892772,1.5372600284175328,Female,1,1.0563252586818481
41.0,52870.43381167417,588.5915684877469,0.6138782080268019,Female,0,0.17460758273328797
47.0,64133.45026351754,701.9679700515977,9.474482586625143,Female,0,0.35704865192453056
35.0,65365.276847899484,641.5772237586417,5.875162983907952,Female,0,0.757411663021715
51.0,43554.85809388108,668.7683135034636,2.617564778629928,Male,1,1.617512932309309
44.0,54730.59344191085,568.3506244285807,2.8230374833679077,Female,0,0.5334303213984125
28.0,30368.32543271066,662.1946973471621,1.097735893918312,Female,1,0.34025151917530216
57.0,64774.25154508777,661.8545891591737,0.047984493692973286,Female,0,0.38261038033100414
38.0,38250.36864912405,531.9564980114761,2.148987313435817,Male,1,1.4085224438388468
27.0,61778.83039357321,714.2549844680591,0.8032760405447668,Female,1,0.7282279237486853
52.0,32760.431339147573,479.9935053082031,2.738544250813212,Female,0,0.7348989721266164
56.0,65471.23859651011,668.4238080597684,8.973571790976733,Female,0,0.7338639086966577
35.0,54827.527850341554,826.55926938255,0.6094505850422514,Male,1,1.3495337994365066
30.0,38279.63456574581,718.0550537819082,0.48119786953509236,Female,1,0.5996455618530349
33.0,60370.34571620788,717.4299246037104,11.61915702775605,Male,1,1.7780623155988224
42.0,41144.57462292004,560.2573325051316,6.835195936643689,Female,0,0.5870512485173883
48.0,61243.325561676924,826.9062053152861,0.2726498212448683,Male,1,1.0292382577845234
41.0,45888.327869289176,787.6718094602288,0.4145742701780924,Male,1,1.1081962321949768
36.0,24184.293115555058,565.6409977104433,5.77471061761994,Male,1,1.9240883413956191
50.0,35263.756392785945,602.5236758185123,2.3129098075845413,Male,1,1.0952880444381883
32.0,43543.77936969073,775.4656044926688,6.439912464365477,Female,1,0.618291713496847
45.0,70522.83535622866,829.6147378316757,2.591383817614816,Male,1,1.5719200299489176
32.0,63517.15445793838,523.5313964909711,17.1768773732129,Male,0,1.4262062905101345
39.0,74357.92118483213,549.6289230275423,5.927662913294808,Female,0,0.669999565197581
34.0,74804.52824044786,635.621324357783,0.23868635871604388,Female,0,0.5523237771045629
34.0,41978.737931136275,432.89059705574846,2.0061338245175726,Female,0,0.9551787474647838
31.0,47172.69710361756,651.9045160209423,4.146051002520725,Male,1,1.7700310001774802
48.0,43830.801135041926,768.5743514029984,0.7650195775664439,Female,0,0.9085813950899393
28.0,39927.34092048385,506.1362983764251,0.012617406889396802,Male,0,1.6999938815351585
28.0,22377.579359953124,662.7106964975087,0.4131493074344721,Female,1,0.28010284155021886
56.0,49778.78422974736,591.8229295004687,3.714455512868896,Female,1,0.7375355276186325
45.0,30716.516094333343,813.9945948753917,5.001828814645149,Female,1,1.003461076384839
11.0,49487.42177698509,593.0208137866949,0.4875315139084621,Male,1,1.6559779318316352
29.0,81736.56214344477,801.8993087748584,5.470460459423757,Female,1,0.37457518809015244
17.0,42359.82355503937,590.2544929188773,4.800222563669049,Female,1,0.5498629058438376
25.0,52921.61008442101,727.117580533413,14.058476112915017,Male,1,1.6754957975145623
4.0,63599.72578713925,675.1945618362699,9.184061115333762,Male,1,1.8304547385328407
34.0,54204.369379488606,636.1727333485699,14.344781313293279,Female,0,0.9747365806954669
24.0,54387.26281913444,570.9471430946024,16.92282580882106,Male,1,1.0935088461345082
36.0,44563.9634946788,682.3095421317893,2.9063167640320313,Male,1,1.7488153810254312
19.0,46521.83037408151,605.9464737515088,3.3462810926424273,Female,1,0.5818964791936929
36.0,35599.84216718258,581.0233775191862,1.6537967096436004,Female,0,0.6396325112867156
31.0,62690.675133341116,797.272274137572,3.5507790799129646,Male,1,1.068218442731344
50.0,23877.62515078856,704.7530227493228,0.8168005229860404,Male,1,1.1603561351539278
49.0,64566.32507573303,714.3638951907203,5.56504149009713,Male,1,1.717619265654166
43.0,28944.524228821363,610.8401481387738,0.12624307581407018,Female,1,0.5910895732652488
32.0,64439.10911114978,631.4021652916696,1.3435018924043631,Female,0,0.14715002143853856
55.0,44692.73710681728,625.1423332648889,1.1664220964247844,Female,1,0.8814244898110793
19.0,31521.969678003796,683.7238912500977,13.894166609920939,Male,1,1.5621445769060103
21.0,58689.47967619455,714.1803451842505,0.7826945318192016,Female,1,0.8201329227830538
34.0,63931.51302613662,646.9748629688428,11.071747156293084,Male,1,1.7962612268771267
58.0,43428.82027844695,570.7355005819359,0.6639910009113837,Female,0,0.13394061269878454
33.0,60809.158230183995,726.0570457026549,5.259091810857733,Male,1,1.710100001043994
33.0,15723.732579959746,653.3403868208336,1.9274740050414536,Male,1,1.1030225160879776
21.0,30191.055653800995,505.9163621229019,1.8990041207679074,Male,0,2.0155601062290387
44.0,69386.13395703094,436.4705249920312,31.8013499055464,Female,0,0.01404991445753756
45.0,46644.96088703126,679.7897175460473,1.281193893754847,Female,0,0.5541484080765045
43.0,22066.800103267287,567.0526201122296,1.1317438372691255,Male,1,2.1760326771528797
29.0,39517.007293370094,693.1062129396453,4.449884355207658,Male,1,1.5303061886692673
28.0,36148.99291212379,572.4381691136066,6.749858389635492,Male,1,1.3020589150357091
22.0,47510.57402790613,663.3185772495008,20.22906459260178,Male,1,1.1168684489832823
36.0,44438.73524288529,612.1598472037908,6.043482621682107,Female,0,0.3356006376868269
24.0,52683.97593407241,825.1920810273305,4.126210213162637,Male,1,1.5869292672959083
23.0,48958.00922581138,745.0315657818644,2.630810795514833,Female,0,0.32919486213010185
31.0,70396.08882555529,784.729690018783,4.520733956742533,Female,0,0.749754183566178
30.0,56368.228995795034,652.4047769119065,4.591902028019923,Male,1,0.9641268413474194
30.0,56865.07416790379,732.2360939114881,1.2276583639939282,Female,1,0.22828731230332588
40.0,67477.35685841783,659.1650077601141,5.561658274336191,Female,0,0.34186604502358103
36.0,44168.468743556274,796.9591367433726,1.1434431762264994,Female,1,0.21099586519879682
32.0,31071.83834962272,642.7437934743726,3.366279878045773,Male,1,1.5088390368480817
37.0,68104.55486948373,510.2510659639206,1.5046438702254088,Male,1,1.131306114304374
25.0,52037.626221621686,450.13784747460613,1.8756569901235653,Female,0,0.41375219374247574
36.0,52090.268118483924,816.8311119564514,4.757996796066436,Male,1,1.8639287165116705
37.0,40500.05117704645,697.8504474150859,0.3332911091845542,Female,0,-0.1963389443585979
20.0,40747.17000344634,704.4256850041742,0.06053910018782513,Male,1,1.283392250405416
45.0,62700.835081562655,798.9647842291581,0.6998748802250493,Male,1,1.4111221065199484
26.0,64769.83697206416,484.82650562740446,0.9238646632575029,Female,0,0.5294786987749703
36.0,61757.35108619988,614.1398784768193,1.1024414485027931,Male,1,1.6901418419928245
47.0,61894.424081682126,626.3930170384966,7.4345766358081615,Male,1,1.1194629443507251
44.0,58535.44305889639,724.2275233207015,2.960702348191288,Male,1,1.825201680226208
35.0,51972.84095117235,580.7359774899118,3.1737888875757774,Male,0,1.0965608682944994
31.0,47369.30473518529,529.862625648521,5.168818243267923,Male,1,1.4161258810806892
44.0,68154.8577491233,528.9651349002893,6.530189490628517,Male,0,1.6031337215121026
42.0,44394.18694264349,764.941807627202,0.017572591219524952,Female,1,0.9128216853460158
29.0,55549.688208211206,575.7467906196882,9.714958811638555,Male,1,1.4324978519547233
27.0,37939.8050306863,594.7982515678189,22.29879388757745,Female,1,0.5078351035498486
14.0,40110.514447243244,713.4498150727904,0.6494469196328343,Female,1,0.6576650114452436
37.0,46457.681482141605,580.1054591765101,5.264571410856544,Female,1,-0.34011204583703225
34.0,37940.924349092544,479.50515772443583,0.012083361011567201,Female,0,0.29589070250778765
46.0,61967.77738217451,491.8298826275101,0.251361111793133,Male,0,0.954407830192935
39.0,29779.48622682456,644.3192603284542,1.677370814914654,Male,1,1.5574712523507006
48.0,51488.44435071609,699.7328430365221,9.367150249478895,Male,1,1.4985049588751007
28.0,51987.62145263272,629.7754756149579,5.284966040230431,Female,0,0.4830335552526947
46.0,22838.006325204788,693.0442703809069,2.9513370848741447,Female,0,0.6263564873844545
30.0,43384.64269214587,488.7162473992364,2.886594480726601,Female,0,0.5268344359051486
43.0,53835.49307072214,495.4696459031892,3.1372988577948253,Female,0,1.2404341467371491
20.0,56430.91989941102,875.3935916294241,1.862810305419146,Male,1,1.1944804540253293
37.0,46935.39187099751,773.278427213668,10.506984741839169,Female,1,0.4947291919725926
15.0,60153.32306721073,726.8971891898518,4.1951339978834,Male,0,1.5346962781674536
32.0,48360.25614145939,584.0275329265561,3.307757741453572,Female,0,0.29103829485136457
39.0,50204.79368112585,626.199380926955,3.128158629045422,Male,0,1.439794156089405
30.0,53774.808034798305,649.83226828664,13.730822051323951,Male,1,2.0325955179542303
24.0,63904.99443101253,781.4346113716524,6.430651325427132,Male,1,1.4872020475995036
43.0,39864.22996376702,690.2782766445092,0.7821846924769535,Female,0,0.23149867891151232
34.0,42697.67191222554,702.5913801287801,2.8721133406553663,Female,1,0.6926102881644922
30.0,39966.55262406178,633.23450648825,1.70100135848413,Male,1,1.2696454216252988
35.0,45017.034257871,729.2665066840085,21.663766833294346,Male,1,1.2632820229610915
61.0,71393.51387119647,680.2322747431273,2.6841004083719344,Male,1,1.1688190183101215
47.0,58590.87978994733,654.4022732745681,0.351415497883478,Male,1,0.969475878958171
47.0,33033.65382246737,575.6915827813729,2.6484454734718503,Male,0,1.5579200955102186
39.0,40993.29551616988,638.6428257898367,1.938250808574542,Female,0,0.3900513835662529
37.0,55591.50836414603,542.0467296220045,4.576239467573812,Female,0,0.3625463041971999
11.0,36402.383286008444,645.9860994013045,1.2814220604065383,Female,0,0.7865030683489574
28.0,39119.89938777865,658.89113579649,0.18318325204213298,Male,1,1.5233907712284491
30.0,70174.39499261223,409.5481615393686,0.5039679949026399,Female,0,0.30400772446500746
16.0,40799.3655729022,626.9660460899496,1.6644265135764404,Male,1,1.809926917453784
23.0,64320.0022404408,532.4119795395408,2.1410283658289426,Male,0,1.8401123762105023
15.0,68829.84784296408,699.8639325516694,8.992426385594174,Male,1,1.2995061179660763
35.0,38998.06863246553,713.7159743550994,1.5740310347500714,Female,1,0.43638142151798365
43.0,36650.56165164288,607.3660182334683,0.15999811852240114,Female,0,1.0144932001233526
46.0,45858.01870278252,704.9022087121916,7.587336586994816,Female,0,0.25374457129654565
39.0,33670.58418989563,709.1066936335061,10.159644588524046,Male,1,1.5798924109486485
25.0,51815.50817754114,627.0284160588232,3.3893842135351497,Female,0,0.36123796755022203
16.0,46915.221322199206,803.4286975303658,1.6768548315054752,Female,1,1.0097163966015863
17.0,55408.70023829452,577.4925062993499,7.395116737964144,Male,1,1.8062275630704363
22.0,70954.15184349232,797.1365703253166,0.04469116972443333,Male,1,1.7233065125919782
26.0,62262.27471155479,627.4800570816794,12.886967216626493,Female,0,0.4911503870776605
33.0,57338.59663118534,565.6673646774033,10.032131927603276,Female,0,1.0440470666194688
25.0,20509.27380548123,614.8451524195618,3.935456778371404,Female,0,0.6066887299180581
38.0,56650.63973153563,540.0610772270677,1.625751180595091,Male,0,1.8292622113277321
33.0,75839.41491056824,728.4557867389203,0.16698192792812833,Male,0,1.219299148580713
35.0,4842.162255297248,489.72310219247237,43.21804116610599,Female,1,0.4291971871518563
46.0,60340.73814463438,788.9608553768826,7.178972069815732,Female,0,-0.11220601546864917
23.0,47609.621378653035,556.4132798253539,2.0678130917170483,Male,1,1.7103142580373052
39.0,37253.07495465583,733.6653371845955,0.09730048518963737,Female,1,0.5108307817236747
35.0,62016.92875867931,652.4225861060468,5.098428797137695,Male,1,1.685280990217628
32.0,75645.58850910996,677.0815283049596,21.677244390541134,Male,0,1.6298241080892866
44.0,61628.460932566304,590.9956628722637,6.139154265449381,Male,0,1.8554738171010348
44.0,44432.120731077106,685.2808000333132,0.437135909321419,Male,1,1.2846901382425422
26.0,35847.952633877656,663.4974288550864,2.5731506935984343,Male,1,1.6021238915329112
33.0,52169.41450684315,504.20889318306723,0.5780838962672954,Female,0,0.9072010257676753
38.0,63097.53938572382,553.7499997066742,12.161222790409399,Female,0,0.40083349405993735
32.0,44194.20460649409,595.9087888990193,2.0054818568968975,Female,0,0.1348393061448941
41.0,45644.25512523805,574.500348187355,6.609589190654138,Male,1,1.6573101265319863
38.0,92330.00374757597,775.2810945383651,0.4424643220288612,Female,0,0.6158622577318786
53.0,66179.7791893959,650.7014183847499,0.6872076838225403,Female,1,0.6265759068297495
20.0,67251.93017590448,572.1328652360119,5.689172537103303,Male,0,1.5286605811868796
34.0,28095.71140911782,600.9230175996961,9.272855758639754,Male,1,1.6091552786539554
26.0,39392.16981059809,599.5536916452934,1.124788205974011,Female,1,0.6000569556718692
41.0,51120.22459181359,621.1950527994934,2.7093222983942953,Male,0,2.158121077314279
19.0,34982.936631722754,542.4670595280401,4.830255413090631,Male,0,1.222611489561218
38.0,74005.95948333942,568.6068889402682,7.954954038303113,Female,0,0.16465399059464053
29.0,71154.68459885968,726.660691116421,4.946950434756003,Female,0,0.90738893246555
28.0,41996.81993923919,668.5343103366913,0.501455383039043,Male,1,0.8434889691195004
21.0,76758.77909911227,634.76624534598,3.9133831170074562,Male,0,1.24730461245618
30.0,49936.218549200865,650.26228173151,10.797044124974008,Male,0,1.094343925943804
46.0,88840.84576083574,645.4439243424589,10.125665386358737,Male,1,1.7160826993517257
35.0,52170.291957875546,629.0868895268356,4.397571842485687,Male,1,0.9920393294848969
41.0,58642.89125492633,701.7104838707479,27.2412924941424,Male,1,1.7825637724731447
52.0,70998.55161754337,694.3159985847926,0.5553490378194689,Male,1,1.1460694388006263
38.0,69164.50024711713,492.82370267727845,3.2561443670101675,Female,0,0.37664302328634536
29.0,57660.9809920384,636.8437814090757,7.461022680235506,Male,1,1.0810633614899043
40.0,47882.89520834247,499.4180600659235,0.7601536648493017,Male,1,1.6272107513886596
30.0,57711.99049989679,713.5577203455706,18.013465024942125,Female,0,0.6170488651602799
30.0,37757.23742185828,726.7666556850284,2.185139145816156,Male,1,1.6719332296036011
20.0,52282.005782961736,588.9221102358304,2.1549897266524645,Female,1,0.30061260838108916
44.0,33360.387012530075,638.3241044665284,1.1988697470453973,Female,1,1.2818894395906002
31.0,23286.77539879548,438.85597028777545,1.6985094802720055,Female,1,0.5849901937242498
37.0,50756.40146209164,747.2789814092026,4.3088813434965685,Male,1,0.7926442369552236
25.0,68934.16836007508,720.9673740251402,2.8049336654530155,Male,1,1.5332080767449678
39.0,63887.069623940886,765.0085261737527,1.0745017150594092,Male,1,2.350113349845583
27.0,48771.315564115874,798.6544140337099,8.281073956423247,Male,1,1.8349444834126498
34.0,76204.84547263244,527.5890707023225,0.32130243695766253,Female,0,0.2715963704606333
44.0,41464.07913730139,738.8044201638442,8.998537189094593,Female,1,0.3364735103574048
43.0,21232.51007302965,797.930444441846,1.6074955498593344,Female,1,0.6681939006619144
35.0,17268.48058698557,500.5422128970764,3.4249361494458492,Male,0,1.8043719095788897
17.0,32282.135891064245,632.8788788154286,2.3987713719813093,Female,1,0.6856188280142876
65.0,62249.37114893343,613.6598016770575,4.226856576384474,Male,1,1.8625721040726944
52.0,40477.9597479892,735.5461864191498,7.947931214549989,Female,1,0.3067111247366998
42.0,56914.37962785953,410.605893365592,22.696815540308414,Male,1,1.6927858234729818
27.0,74694.25075375965,831.5957696232194,1.8268427319614453,Female,1,-0.6451130158530196
34.0,33498.54556133291,638.7462935805406,4.034989428949792,Male,1,1.8017534102642345
30.0,57177.49597693835,741.6094402017146,3.1368678820231355,Male,1,1.806475256569156
48.0,58084.44608983583,643.9762762308409,34.19188920181645,Female,0,0.6371351692292537
38.0,37088.93017290345,699.2125050979674,8.275148784037482,Female,0,0.7197848280755161
27.0,70313.16387867625,417.85817413838504,2.529885804407395,Female,0,0.07992184963742532
30.0,45684.394166757855,611.511762719929,3.239712952117242,Male,0,1.2968195366317379
46.0,44243.70528630486,734.7761211343678,1.4115267277880885,Male,1,1.300939797740844
51.0,81674.1982762696,678.8732346713695,7.037535233281531,Male,0,1.6296151490410835
50.0,57841.501135500774,486.31589072732424,9.328487300604413,Female,0,0.2938902150204997
43.0,63879.35824528247,656.1424893876613,16.760154102112136,Male,1,1.5053473578615375
32.0,70323.39397282759,568.1257674138495,4.171582878065225,Female,0,0.43496187439627715
3.0,40242.890008111746,559.4580748826562,5.553672365340702,Female,0,0.5857748626531655
38.0,68747.31645580518,497.93057266832824,2.953483961115385,Male,0,1.4841496697357892
35.0,42471.58827503495,711.870262190713,4.696882219805839,Female,1,0.6179606396007011
36.0,41830.64915992554,761.3014443935635,2.1443009842050693,Female,0,0.7156308186534561
36.0,45920.00041537796,862.0143134162845,6.691124502415098,Male,1,1.8497125927809055
22.0,40669.02747582568,502.5951608257071,0.1148099294363299,Male,0,1.4667916952932551
41.0,62332.346489857446,726.7372161226476,0.14434797491091542,Male,1,1.307004614574793
41.0,54008.159827175834,733.3171370420908,6.2960340055755175,Male,1,1.475760873320398
42.0,42631.63378074331,591.9495322781992,13.345311262093393,Male,0,1.1695836612906423
44.0,60117.57549732232,558.2421614590669,5.00174510991614,Female,0,0.08507484721880504
41.0,45872.263439204806,541.4257679033069,6.482785661612292,Male,1,1.6966546128430664
31.0,45078.94444452985,597.2646756539784,8.684490041343496,Female,0,0.18473393932551507
34.0,50730.258273523155,670.262159585595,2.2445328433012333,Female,0,0.4661278684226187
36.0,56951.90533499326,786.0112010506813,0.5720828665458279,Female,1,0.9428975702509064
36.0,55847.71474066129,760.5338338010116,13.522205153758073,Male,1,1.4899613479906935
45.0,44551.262266207545,488.45830557313377,13.949330806744227,Female,0,0.17237404761144376
41.0,62706.66811159103,571.1156751399488,2.915553073575648,Female,1,-0.25304507861413994
56.0,46664.08773380516,779.9640374309471,1.2241964103432263,Male,1,1.5632475833361845
57.0,40175.23267086921,576.8907167404932,11.144553845724577,Female,1,0.5930572204232496
36.0,27979.67526848973,644.3085836589823,6.16231918414622,Male,1,1.2365197541698207
-3.0,64747.67721498532,479.47110653859147,0.04131195139579666,Male,0,1.4282181822070483
47.0,50185.85114291011,765.3033415512948,0.5698747986575521,Male,1,1.4389319372169247
30.0,53163.08537765772,458.7251794148612,20.431775646061784,Male,0,1.7314645335889565
27.0,65687.04373549273,485.7189419213381,0.19437039599121697,Female,0,0.5125172341814159
31.0,42838.90652603276,755.0817060836704,1.6602950189197716,Male,1,1.725937315038355
31.0,29384.01127288807,842.0061679566556,3.975859051344563,Male,1,1.7146257575384993
41.0,51046.71053322828,620.9388915275085,1.018884115908653,Female,0,0.7816075777588263
19.0,54619.42328120443,645.3137188137175,1.320179866330939,Female,1,0.4128505274713851
24.0,46057.26400759441,740.8279559782989,2.1767936656744773,Male,1,1.5241441698848741
38.0,72106.06367114253,678.9447814697382,1.5705016991816296,Female,1,0.7085718512373801
41.0,12707.501484179651,612.6781820623336,8.131807253397987,Male,1,1.2315447628809209
41.0,66800.84956849675,601.4546378614307,3.468481390358022,Female,0,0.5677374482290178
27.0,61867.30475546339,493.32020425150165,1.6329471967204157,Female,0,0.00983353094356021
25.0,56851.56166550689,673.294177212022,1.8778039163857567,Male,1,1.5698432758276482
30.0,-38.523242036440934,640.8083177930524,0.20340668658571348,Male,1,1.9093599477958576
37.0,69258.33174905402,606.2153820887319,0.25326789619660334,Male,0,1.2582883523849604
50.0,34603.48834046172,549.8185204437611,6.327602414412878,Male,0,1.5079052855591144
15.0,42384.6203242492,559.946914670657,0.599048899102514,Male,1,1.7708357212078893
33.0,47441.11002814897,711.83769205067,3.2293791763636612,Male,1,0.5872597339086079
22.0,56111.27051977963,738.1663648409047,9.237385615666753,Male,1,1.4848824723778404
18.0,59591.42063288825,617.2883843709383,2.2979185738335755,Male,0,1.028313362194517
45.0,63392.608314789446,606.7520426753621,2.1213457074581576,Male,0,1.7890023072153092
40.0,62237.80265117774,564.6351953385797,10.319741945479846,Male,0,1.2622707900937287
39.0,53793.90806319689,743.6820043574257,10.006864705743634,Female,0,-0.210565534409611
44.0,56238.83988586386,653.0995769655907,10.607020993386406,Female,1,0.37156853994774847
30.0,33638.69426266631,686.7900979327264,4.242155379370857,Male,1,1.634895189300042
31.0,38734.597897714666,685.8470130093463,15.21456738916167,Male,1,1.237084333654173
57.0,63431.903355122486,619.2298379466063,8.545295421106347,Male,0,1.4288107362494604
33.0,62558.142300930216,533.4639900156578,2.6861425537625023,Female,0,0.5790205865597021
42.0,60856.991246666315,550.3866844314081,4.9652533823482585,Female,0,0.2988986357218889
35.0,42283.74857515209,762.7885532647451,0.6493424477374561,Female,0,0.5647066829260599
17.0,63657.38197915544,577.4315685149428,4.0073625006638105,Male,0,1.9282015798008878
15.0,32581.33321279463,608.963768025165,1.5268484579459305,Female,0,0.5106258957199817
29.0,66160.3971479341,536.560946462879,1.667214733362663,Female,0,0.06101204608910621
46.0,46086.93798131165,528.3933481073593,0.671762836640562,Male,1,1.1508862391499073
43.0,75262.55609510948,573.0835002971278,2.2173867027191587,Female,0,0.6859198878179882
44.0,27178.368619017725,818.8407184244459,3.283018801363435,Male,1,1.2999269037245313
25.0,76451.06068877783,715.8037391192429,4.585886138313088,Male,1,2.004999434487658
51.0,44578.03506254807,597.3211128576377,1.8182772286011972,Male,1,0.9937220740744535
25.0,44307.81115982384,758.2876794551995,7.85705673086815,Male,1,1.6728913572623794
37.0,52922.58228478395,634.7701126703554,3.679855487991588,Female,0,0.33513956085647534
35.0,39543.816307989546,785.4340046991838,5.081275124546537,Female,1,0.4765244124699971
33.0,48915.064980465395,871.1730350396213,1.6296453213790751,Male,1,1.6934957264536588
48.0,38935.60602093718,752.8161739266192,8.413697022808526,Male,1,1.6921287485022665
28.0,39484.04703531219,659.4550955222577,4.894481619163597,Male,1,1.4887586475018169
22.0,57303.28925450858,719.930987351636,9.915159812152407,Female,1,0.34355475928413814
35.0,36476.51757044726,651.5071219282212,0.8714787234252913,Male,0,1.4263453853252743
31.0,38477.08647491777,466.40016360249575,2.395530794721898,Female,0,0.49966132411765785
69.0,29408.131253803866,584.5374585787956,0.5996427133791762,Female,1,0.6809085662922882
42.0,42441.03980057991,554.8408404346783,1.2137176027501093,Male,0,1.3484662443159232
31.0,69674.03044585884,582.3208958169128,2.5088958701881294,Male,1,1.5484573780437298
24.0,37310.995398455474,829.3671432639444,11.24910501760059,Male,1,1.3169825447112598
16.0,39025.50102219138,762.2149742854658,4.071386584626377,Male,1,1.302816604146929
25.0,52908.829197223036,694.0884801441647,2.0052119939632433,Male,1,1.3365783959294273
36.0,44438.0534930071,731.2342950451358,6.869836519837568,Female,1,0.49707323605633597
49.0,83422.31650024475,460.7886514094144,0.0993949526498236,Male,0,1.0867833357100993
46.0,47562.080529856146,722.8183713089529,2.310909186805574,Male,1,2.031775072779804
37.0,55028.275193260575,743.9624316202168,4.591860689906058,Male,1,1.7304244621799438
32.0,64156.53177198983,426.0252812312717,4.376191465887419,Female,0,0.8816759962981635
38.0,63868.66798794276,726.5236753779399,4.676831119128436,Male,1,1.3265106352489606
30.0,53499.31372336069,507.59263573329144,1.1881192127039513,Female,0,0.4817670005163301
52.0,47583.087699709984,452.9994643553968,2.055498410186041,Male,0,1.69405649604653
33.0,80360.42804568885,782.6318216859579,13.409387479115919,Female,1,0.8729137729453039
34.0,48503.595870286,549.2950952387657,18.24359039581964,Female,0,0.46703814977820024
13.0,43374.64843357279,578.4053260615623,1.8701109290873368,Male,0,1.8657159546587616
33.0,40312.265175589724,748.9604542757345,5.17120223628977,Male,1,1.5551019260119134
43.0,24097.951959398662,619.4761727747599,1.380722957038849,Female,1,-0.21975110482982263
24.0,62324.236283557446,631.9834626270917,2.298513666357034,Female,0,0.6992059965716246
27.0,14778.9740434876,629.7913093562071,7.859138073056503,Male,1,1.5042130367433422
43.0,49914.15738642619,684.7598770974786,3.477537118783281,Male,1,1.732099485251717
20.0,46927.09048592923,627.3665583609323,9.47195056660882,Male,1,1.453103691232443
46.0,83599.47788347171,661.4126074359101,4.954266574456765,Female,0,0.9564785158972259
30.0,22525.231569295604,599.6441874587294,4.95670399988747,Female,1,0.4562430731816919
31.0,36483.45069523464,685.1819589879362,0.17233629008581916,Male,1,1.6701483600579745
24.0,47958.55311977526,681.3843031904568,6.924883333141819,Male,1,1.2880001178612586
39.0,47037.05993796248,839.7885837684182,19.0533212194534,Male,1,1.0280402964982693
60.0,41756.83113784932,611.8749050326297,3.203044629692586,Female,1,0.6452337989474479
43.0,48785.181358967486,631.583448219502,0.8633217798970165,Female,0,0.5534759073816701
26.0,31106.55906695388,673.8824325937042,18.85645362221017,Female,0,0.5209340676700084
46.0,55357.89318492408,746.4435644314719,1.713338065700518,Female,0,0.9962317395412289
32.0,15177.719868836328,540.8414846822799,2.631371340851941,Male,1,1.4766694293729912
49.0,49613.459661841145,660.3576521775068,0.40261552494588626,Female,0,0.7591450618326664
43.0,40994.6495860464,399.21739639449333,0.5873727857237161,Female,0,0.591179143986136
6.0,65244.31914134954,622.8468083277604,1.2203401881109857,Male,1,1.6020556399274242
25.0,76329.66605949958,757.2727030099361,3.975523742867095,Female,0,0.4164810454475818
44.0,45034.21746874463,577.3857563652682,4.0798429586764335,Male,0,0.7337660090771018
37.0,70860.88893712146,667.6837615285312,4.660117004736361,Female,0,0.29416344266917216
25.0,45258.25579054384,597.1094425616398,4.38315054151187,Female,0,0.34759188457304124
29.0,35508.10215306365,564.0597802266317,3.4183311664125893,Male,0,1.5840668151773833
16.0,76188.5544827843,747.1485998268101,8.099933140121806,Female,1,0.28892124628083704
34.0,57811.6466710101,545.4741310154346,13.582909769137249,Male,1,1.7259676141310085
57.0,50066.57783914721,679.2965293863093,1.5719192877989239,Female,1,0.3897112390590567
43.0,60307.66212647973,680.8351620766159,0.6974235772924589,Male,1,1.2321728497789133
57.0,54113.22552695251,564.8200482961377,2.7676853259927348,Female,1,0.5683264188190753
44.0,48961.70888087723,665.5685256957629,0.13388859693383728,Male,0,1.957234162693198
45.0,30103.477590380055,556.5052162532023,10.741552406162327,Male,1,2.316153818242658
55.0,45941.948942581,702.1791874909159,1.3702521034881545,Male,1,1.0954652568993866
39.0,59348.83135187709,518.5054285357106,3.984729357487091,Male,0,1.8274869731389465
33.0,48158.42861469784,616.0394496808159,0.6113748647559307,Female,0,0.9066667455235755
45.0,63534.886416955786,624.72283403421,4.028862765771417,Male,1,1.6668548363834932
50.0,55754.825358001835,761.295533821067,0.19887028618912045,Male,1,1.1026812081540587
30.0,36827.9552287189,664.0043071711892,7.322505513817781,Male,1,1.906515680685697
28.0,30212.420632518144,745.5013490112059,15.552513804910033,Male,1,0.8336713872369543
36.0,47642.32250104748,705.4691048489879,1.8334537103386888,Male,1,1.1055896727968542
43.0,42136.573278431184,704.8303000895759,1.4934765503435181,Female,0,0.7165280258017559
43.0,55044.82714432529,616.8066809769932,2.970990616512012,Male,0,1.322028567390457
21.0,39227.93511855905,752.0905883524887,4.8375735676664915,Female,1,0.6428958219401253
54.0,40769.115113676846,614.3829590697998,1.0472046993060298,Female,0,0.3885104855540753
29.0,65796.04576392368,477.01745200698923,8.130581057855672,Female,0,0.5508686165534299
32.0,52223.04452941847,628.5212831533107,1.1065687156139628,Female,1,0.3253529061532676
26.0,39459.09401859061,695.3476404644068,0.027446292167773716,Female,1,0.4476861450013412
62.0,50264.62713102529,489.33742812871867,3.714319997355008,Male,0,1.5445747034500632
37.0,70683.66864502523,561.4897641279614,0.6116840672173465,Female,0,0.07211320280314149
26.0,54406.80032412084,526.9411559822645,5.990595278082823,Male,0,1.2739286135079357
44.0,58894.262141376945,728.6717104708964,0.916430083891034,Male,1,1.9043086935004045
43.0,38716.48195208836,817.2862637012496,8.501749768026327,Female,1,0.11787273973542173
33.0,65396.29065701901,629.0300845786784,3.177865520538336,Male,0,1.8783127392801355
43.0,84771.53390695702,703.1530363068259,4.176756416003618,Male,0,1.3972476601178734
27.0,38127.9853623072,700.5519365899723,1.0325702389415905,Female,0,0.20268128988400247
30.0,32271.59038442016,805.3796946439961,0.7931506067371528,Male,1,1.5240693109569776
15.0,52633.13365752722,584.7447096047393,4.9887577070228435,Male,0,2.2691705907309987
22.0,63132.57574766615,628.0121035241675,1.4749476372009696,Female,1,0.569415439238935
53.0,48629.15491924608,615.9231350575942,2.4381956697193967,Male,0,1.7031973388566801
51.0,34201.90405936006,657.5367240040263,3.2643385436876606,Male,1,1.5532359251235894
36.0,48371.23757329415,900.4316802116809,1.3044452020050907,Female,1,-0.013288640979316702
52.0,58971.38409166182,653.0811115197313,7.934074041919869,Female,1,0.439149463578695
33.0,43894.52259580911,564.528934739294,14.019316271615605,Male,0,1.6371401989137455
33.0,59108.82526632382,534.5502773106881,2.8272289149211893,Male,0,1.5886317832685455
36.0,67470.66177859865,775.2645007313047,12.477718181695288,Female,1,0.39571925301349076
34.0,53603.459386556715,564.0745496021921,10.71437024665335,Male,1,1.5393741178981626
33.0,49580.78343082561,716.3586959199096,0.9078925369385202,Male,1,1.4271106081536777
46.0,62440.15887839423,582.0308670741372,0.9520626782563473,Male,1,1.3938461832234543
37.0,37158.487588441545,523.3307263416827,3.244743055567815,Female,1,0.4163089593308538
42.0,35679.35249460616,710.5199600301821,3.7312334651723216,Male,1,1.8263019608834452
45.0,46001.41572606522,586.9255133236468,2.08614308068694,Male,0,1.6374430460474727
39.0,42621.808177782994,692.5425639238894,1.8765298565267405,Male,1,1.1869818547398034
25.0,37949.87037064287,699.9282940846044,2.8226027690546376,Male,1,1.6491323023490294
21.0,77457.02712498161,704.6265245012469,5.863651234653247,Male,1,1.4867072469780838
36.0,82579.89814241437,623.1851316056814,0.4408436851543778,Male,1,1.3151262147340022
33.0,44694.42436616627,718.6183556504708,6.199416406022551,Female,0,0.9404621280423869
36.0,51375.784246225485,557.7453671551917,13.034711234067501,Female,1,0.5800466014045292
35.0,47182.35769904313,404.59097489358663,7.209177193225099,Female,0,0.24223677130053167
61.0,66612.48860177235,720.6892173120108,1.0639668507358977,Male,1,1.7724217622409237
22.0,69584.68342760071,666.559050483747,0.45773289349614465,Male,1,1.1770407659122863
15.0,23341.0430196553,588.9921755986029,3.370453657825261,Male,1,2.0984316648376105
38.0,57140.16200098438,502.8847238024955,15.664188992245172,Male,0,2.2901189480786854
31.0,30397.679882582772,446.3421701164657,8.547929280042087,Female,1,0.0571628139454734
38.0,76374.08236812917,655.1743348208972,4.136063739300288,Male,0,1.8889284969813454
41.0,56603.72045315597,814.8785965729952,0.7714784216354713,Female,1,0.8423245914433977
48.0,37649.75692456045,636.144258356902,6.255964695137445,Female,1,0.8098287131932955
20.0,46380.1791809322,613.8664613308455,8.383186214805136,Female,1,0.10119769132662348
29.0,45665.341126007625,647.5632157504157,13.672161062353831,Male,1,1.5454208907736404
39.0,57876.69414328723,867.920511190877,4.735247784083964,Male,1,1.0883912476100308
43.0,65628.68906266218,725.1904226653133,3.612527905264016,Male,1,1.5231862159618224
57.0,32776.890620424354,556.6424748299611,4.827169113400123,Female,1,0.4765842716351384
45.0,77581.31751368172,652.8103903902103,14.345718792734644,Female,0,-0.16083194804355772
34.0,74085.35161731266,683.2436911154941,4.9460155628785865,Male,1,1.8146476808253296
26.0,36870.14648613432,544.3661133421156,1.4892805942213192,Male,1,1.937824211475938
29.0,51092.02691543464,725.913662234256,5.055087268823046,Male,1,1.5828825846962535
29.0,75662.12816171473,568.2191202855646,10.590686191936546,Female,0,0.465269162793527
42.0,68493.77880016225,498.9054232659929,4.185111179849378,Male,0,1.3620176372872952
38.0,44948.85454928157,657.6133553839778,3.492797282787097,Female,0,0.20954249007981968
22.0,62215.0972185181,641.7844140509645,6.609452673438371,Male,0,1.2831156449841217
31.0,94957.97437578707,649.8978097797306,5.4086091225114306,Female,0,1.0049451349316252
44.0,51577.399727768185,573.5355382337212,0.2917888348135785,Male,0,1.3617319426263275
39.0,40510.276228399714,587.4887382128959,6.460581216506025,Male,0,1.275767199259329
41.0,52586.29778137099,762.8446660369111,2.6174391787932327,Female,0,0.27782745784925833
39.0,53698.28143245977,694.1085615000749,14.142476261493776,Female,0,0.3930474241761198
51.0,42131.94891499853,554.3253923422715,17.668444590230234,Male,1,1.5046525074156973
37.0,56624.37601721325,454.9303105579893,2.9777328392274787,Female,0,0.06631064270549486
31.0,31183.98410408748,558.558359788779,17.335860132927692,Male,1,1.0852694027826966
26.0,40016.99199486981,665.729907216019,1.8612677055168112,Female,1,0.6663245271349486
37.0,61373.67164232196,586.8068281645558,5.738662174246739,Male,0,2.0312216665797234
11.0,23676.93722686623,579.0349794823179,0.390103451821448,Male,1,1.9238076990022688
33.0,63547.51387992165,591.0839561069337,0.783206761231528,Male,0,1.1715672104164483
33.0,19820.279514414455,642.7292437263712,9.994874091979884,Male,1,1.3685566790211336
21.0,24030.131316855277,728.4627912958349,11.211404461803848,Male,1,2.5219602253302655
26.0,42515.31885416172,649.9580796054307,3.802969011641322,Male,1,1.6254301293236455
43.0,54302.957642290254,656.193702151765,2.0758610518419083,Male,1,1.9545920865054605
37.0,69878.95404691083,627.5139636117179,2.9985021498910562,Male,1,1.9781321076579554
36.0,50864.341447393934,600.0643167845261,10.186682236576639,Male,0,1.1652789958276768
38.0,46301.695886360154,739.424087131993,1.1849031091118174,Female,0,0.30588404161215677
36.0,58693.71871977206,724.2402067844196,1.746867120163762,Female,0,0.8667119335237785
47.0,36936.51769298098,854.527991766605,7.695897676085002,Male,1,2.0225005989254052
36.0,52091.227390196094,711.0564298389253,13.68760973270966,Male,1,2.0886461963220455
20.0,32008.3061306696,600.1585678192537,0.4876636091958244,Male,1,1.2504682214958773
51.0,51238.8577531312,559.534869088981,8.142397831203862,Female,0,0.7605431556688376
39.0,48052.45511225895,745.2945260711616,5.179149609565561,Female,0,0.4165774927342568
29.0,37935.98117825874,568.501311568989,1.3118363613763904,Male,1,1.6896888416172813
22.0,52475.60954806609,730.9736686522072,7.049190700989058,Female,1,0.3089913049214568
39.0,52378.24479739464,574.0086006107387,6.508223378636339,Male,1,1.8024927637149561
34.0,67631.81018508703,684.915838378728,0.765929627466972,Male,0,0.8537558362877472
51.0,25915.498954058185,544.0248785133638,3.488297302112932,Male,1,1.4568219284831756
32.0,48859.26638454436,727.9885354332081,7.100105492465154,Male,1,1.3341335682661033
27.0,38596.064004447806,526.6328344490751,1.0631459003322759,Female,0,0.35517350536910786
44.0,63046.43087264438,677.2957329506702,3.106607834376158,Female,1,0.463432590015636
44.0,61308.680977881995,630.2160065772988,0.6433795675124498,Female,0,0.7019074944672495
37.0,57618.19767602932,660.180643722626,1.8324355165565427,Male,0,1.873779749070345
42.0,39442.50112895806,610.4196165838366,1.2291504085687996,Male,1,1.198810053634373
35.0,63282.05874410143,608.0740052629009,3.516706085455694,Male,1,1.4386782472654058
37.0,27048.036068850022,665.4781204009772,0.7611853461967317,Male,1,1.246369270231036
47.0,23970.339446108428,549.7861621910148,2.415653105310878,Female,0,0.23888103115366105
41.0,30861.93500147114,549.1977938333323,1.609041729537271,Female,1,0.2658662940233768
33.0,49497.87784509641,614.1450500361589,6.8530680306334215,Male,1,1.119323073763348
49.0,60127.46601482441,610.2529860280993,6.014363267491615,Female,0,0.7049530336226277
11.0,5359.512889857135,549.4603536195625,0.4987178771395355,Female,1,0.4468380135872445
56.0,69841.1424781968,742.4214692914665,15.339782645780327,Female,0,0.6205809821606421
18.0,51966.68294267651,616.5526581568395,6.826245238842553,Female,1,0.6389562004498581
29.0,26483.414786153375,627.3337797003888,4.785025845110294,Male,1,1.6201566669505336
35.0,51514.20455434371,517.2471674030453,3.247580027356932,Male,0,1.138519409155604
34.0,66387.88122017629,857.1635854612119,0.9796025487424354,Female,0,0.38202524180623443
45.0,58991.61522959388,892.7067395554913,16.352948273446355,Female,0,0.29210276420311065
24.0,66486.09593830949,571.9601421595652,0.039447082331588196,Male,0,1.8126665080721103
38.0,29506.300559043335,772.6086381169098,5.896094207597842,Male,1,1.7014699685325614
29.0,43789.92147292393,640.818661626241,3.540738890682686,Male,1,1.3109260870449595
38.0,36129.61654214702,810.3769592813106,11.643715757889787,Male,1,1.4599469669294534
34.0,75763.70307566477,683.6233086400387,2.395805389751823,Female,1,0.5286804702702077
36.0,59590.44265229945,659.9762168767398,3.6557451414246005,Male,1,0.7845433552067239
30.0,92705.14383436462,400.0730460381418,6.780560162932797,Female,0,0.5676863013049938
30.0,42985.85699874159,562.1394026573316,0.24367518088828044,Female,1,0.30771936799217237
38.0,39129.88682476543,652.0520669574943,0.28007602554021116,Female,1,0.3093743061921706
44.0,47857.60042107274,669.8666252703979,1.1892099099089626,Male,1,1.6950376912253307
29.0,70675.35832133824,528.5166286062615,0.791606896163432,Female,0,0.8205708633537983
26.0,44508.20465936979,577.122847132372,0.03232158541534815,Female,0,0.37496095418462344
41.0,51866.56396860416,705.3447017250819,4.877415474163932,Male,1,1.3430811747578906
35.0,51450.3605433023,511.67892702666427,7.946656251316027,Male,0,1.6772679490501161
43.0,50592.45141803284,663.372972372354,15.746163063645199,Female,0,0.3984868290596366
26.0,40214.02309306283,773.7953531489055,2.9071374956706753,Female,1,0.34668753124239116
17.0,47940.6339813445,688.546962911182,1.6405808377512845,Female,1,0.3571449344683829
30.0,47298.46097972963,683.5486743165977,9.971916809905274,Female,1,0.4567799609209078
27.0,49886.530104880265,447.98485508222365,9.302192362578673,Female,0,0.33234622706604433
34.0,64152.75227229062,567.8087223582104,4.902056181080655,Male,1,1.7760584188364792
29.0,76409.42051936738,855.420183359104,1.5951691373727785,Male,1,1.5431467403766739
42.0,37393.4785599544,590.0838082454068,11.958043096227309,Male,0,1.418620005650887
32.0,44120.095628184274,776.4476209547067,0.9825162365326284,Male,1,0.5748068380591231
37.0,37624.8215239072,588.9159110643717,0.22313834107134226,Male,0,1.3054127654431307
37.0,52806.52305833409,622.2179498490536,7.963353474116413,Male,0,1.8302423291341972
37.0,41924.758137335346,701.5586845353519,4.146656848664541,Female,0,0.33789594868023687
35.0,53596.95250612983,660.069301599401,1.4149177531896808,Male,1,1.6355648285972304
40.0,66554.4036566718,688.151245100108,5.556902213444353,Male,1,1.3608007007514062
27.0,12112.524712930877,568.1609745273013,7.277504644607764,Female,1,0.7949031537601696
49.0,57376.698344010365,536.3729810531244,9.307025490290243,Female,0,0.28054470284434
33.0,43097.19426653182,561.4128385609499,1.6573061752157903,Female,0,-0.0896782309258155
22.0,56906.33401976583,596.7681858537634,0.12960251836709144,Male,1,1.4213238813149593
37.0,36552.95843374699,627.0718617942589,3.567145577802461,Female,0,0.9008201911865668
26.0,67943.91482460313,753.727538063982,9.692439743851219,Male,1,1.2965254212142507
42.0,63699.20927060426,658.7341456025048,1.1648416417139305,Female,0,0.2989615070430779
57.0,58525.282228139644,698.4597102508585,2.7333476574423328,Female,1,0.5514792918697193
27.0,61898.38576715148,664.1601012580132,1.4813995412658907,Male,1,1.2571328797658952
38.0,38815.6929924174,538.4565746471224,0.06726367527304114,Female,1,0.20851812636155276
17.0,40705.64367966065,651.7269526005649,11.43966956033834,Female,0,0.440715487012413
40.0,61286.54301226219,663.0782110191536,0.7254365385557898,Female,0,0.4829062393652027
26.0,38484.06285847082,725.9923221341307,7.278589106916716,Male,1,1.6457800931116577
29.0,71684.5256998713,543.1411930356535,2.127853629712911,Female,0,1.0014985662185654
24.0,45146.13393078453,445.958913485164,1.6264483386507749,Male,1,1.8945977537915628
42.0,57528.41584790933,667.6263815170497,14.153537783782074,Male,1,1.22833222024483
45.0,81488.74278882635,685.385000158838,5.353032975018155,Female,0,1.1695647563404694
35.0,39406.649688978854,632.0615193682952,5.8065251622498595,Female,1,0.3579371014706608
26.0,51031.42626267174,652.8020900726791,7.128356136162022,Male,0,1.6290286439455097
51.0,65812.74746955962,737.8772378582805,2.084652951489783,Male,1,1.8447429794109946
27.0,64269.16083314797,604.1194423472491,4.146718959441789,Female,1,0.5366185370493434
13.0,45082.77034640963,622.1359157841421,1.5750837120066876,Male,1,1.2909755500048667
40.0,42249.04343717219,657.9036444613832,8.995174822178386,Male,1,1.184669561638631
24.0,46502.96101182423,528.0185320830657,4.572803387641162,Male,1,2.0262554480546253
45.0,71717.86649227046,634.8102774952246,1.3946479440925548,Female,0,-0.1305060461208637
31.0,45813.4121546008,643.6256682665794,11.500860349475946,Male,1,1.089645122084935
41.0,51171.735387251974,813.7042214320275,4.347512857648664,Female,0,0.9801017865503548
49.0,43598.20293614862,620.188434237154,3.4162862701050396,Male,1,0.9870204827806249
23.0,60583.2284719398,670.0011239944467,0.17548160028440069,Female,1,0.7251989502732954
29.0,52332.875563754846,741.8617605389742,12.02874041161327,Female,0,0.9652858199815584
34.0,34948.49283862657,566.2515274689572,15.211385984115946,Male,1,1.3359479871803583
50.0,35467.638289475086,787.5740386876166,4.134520168283038,Male,1,1.593579734048114
28.0,20020.916501667398,826.3870232057278,2.921583643032924,Female,1,0.5402450902729562
29.0,37530.178863115754,647.1103712351324,2.2280387453681962,Male,1,1.5978220582528782
40.0,61909.18705448258,596.057393854062,1.5602015854096598,Male,0,1.8835225075930004
29.0,69856.40807018401,812.7119424390388,4.272796411784306,Male,1,1.2054259927715596
37.0,60283.375448257764,729.5630872768148,0.685374333826822,Female,1,0.7265161576554098
19.0,58319.48300961022,658.1969204663836,12.577258680789026,Male,1,1.259534288712001
57.0,48102.10925707025,792.6843819615702,0.9676733757691869,Male,1,1.5961148281189044
22.0,61623.71832370981,782.0992188549319,6.84253277859412,Female,1,0.1609942972147247
32.0,54294.173346228265,616.3743046041777,1.83281674134935,Female,0,0.39134229332436143
35.0,77066.73457980687,674.872985329915,1.281376206176956,Male,1,1.4546681271079613
54.0,48523.320287348775,707.6792487925957,4.080747331928707,Male,1,1.6011095327927463
22.0,70145.12125604197,652.8730029887852,7.243508705167622,Female,0,0.4926466089595992
55.0,63111.7112272679,510.91294090957194,6.486596830359295,Female,0,0.5863268127442189
43.0,61031.64929306238,556.1740496301753,1.3312754002476603,Male,0,1.7004988251835818
39.0,19827.6301180727,514.1737214539774,2.0061381217095624,Male,1,1.56910956612915
25.0,63937.84342321566,699.2924303024004,10.156388649107031,Male,0,1.1492414096772698
41.0,48087.3803163627,531.5647682876256,6.423090521377153,Female,0,0.7465950600239456
28.0,43341.102583476626,669.241807081743,6.236035498454804,Female,0,0.8306080226607133
48.0,27756.304382331302,833.1903826275158,1.5660598656179627,Male,1,1.4230271163469577
25.0,49916.192990477255,792.7770184912147,7.8511895473426065,Male,1,1.1670154992635184
34.0,50503.27395227364,466.25833530660213,2.219089794188046,Male,0,1.987608876300426
29.0,30454.971172777932,522.1298529228993,2.5657292350109246,Female,0,-0.009192068253640384
25.0,27900.797406594622,572.3483575820142,1.6953055473175636,Female,1,0.5881118153050273
42.0,57299.292201921664,533.0976310780633,0.6470722346605938,Male,0,1.5678561353819889
40.0,63075.576965920656,484.61856226782663,2.7270298132745148,Male,1,0.5506924709165978
47.0,52854.243648836324,648.915966027476,0.0854230819874114,Female,0,0.7773938702050879
17.0,67262.51974526544,720.5100549416563,3.0432052234226976,Male,1,1.2238337981443388
46.0,48704.22523472752,745.4034038722888,6.4550379643690325,Male,1,1.3322523971632032
60.0,49184.73088399696,602.5523829256191,16.188386444948186,Female,0,0.9400847938560006
30.0,36244.57956888815,622.8096299684408,0.40937646222466273,Male,1,2.1095441879761188
54.0,26596.37033669424,685.5677245124756,1.6514916018528212,Female,0,0.37981385905280396
32.0,77819.93200789377,639.1514438160851,3.407388192598906,Female,0,0.9317205396575636
21.0,66969.4857537462,731.0606776095802,0.9339854776764787,Female,1,0.5166682527488584
32.0,29112.311492922825,693.0364862834514,0.6211794899916215,Male,1,1.168282567853148
45.0,52336.27861746921,612.369557648597,3.0103032248961688,Male,1,1.013222156716366
27.0,48499.305333445,464.3363688346557,4.346207183216853,Male,0,1.8239919088570828
29.0,45890.11290255435,799.9031605481994,8.579765654366673,Male,1,1.596776731760997
41.0,43864.732282775905,581.3917710555678,30.604272452188837,Female,0,0.41641940702865515
35.0,55719.037204519685,685.7558645730261,7.442095697957405,Male,1,1.4856005792995282
41.0,62272.63288207212,458.34083312809025,1.2509068291197634,Female,0,0.47293032387946815
37.0,56035.86753542308,648.8683416614195,6.891195832661427,Male,1,1.7720354635510323
40.0,48192.224384312096,660.0261960862199,3.8518004096970997,Male,0,1.6884511926904504
31.0,47641.5992466332,664.8602072547662,2.996550204856387,Male,1,1.3910456888652118
37.0,64052.21475384,951.3793282717996,13.7231944301805,Female,1,0.6494903636611733
26.0,56951.674071740934,586.8881626206567,6.054862675567526,Female,0,0.6616169819305586
48.0,51090.341945531494,732.0664226956693,5.723695920757904,Male,1,1.74064226370716
29.0,49461.48053599838,702.3232452209377,0.059128062350013486,Female,0,0.9885245615285896
46.0,55179.05764418433,582.1361007332414,10.015051032946786,Male,1,1.9740974972290877
33.0,42974.76967160826,730.566940318093,7.882445609872227,Male,1,1.5105012915253597
37.0,62323.08225962316,633.5679063069198,1.7758224115198271,Male,0,1.1669154403224633
30.0,33862.121572432,737.5243217576718,1.7273569263798856,Male,1,1.825949484029275
25.0,43828.15235350277,846.0962623421715,0.2748077555940338,Female,1,0.42177260238056663
18.0,59166.59143169036,665.07988906341,0.2609759982180786,Male,0,1.1151901330762226
24.0,33006.7577996859,621.8874770931549,5.522063092445315,Female,1,0.7072085106254856
32.0,26404.871860257495,755.1556183810413,1.0304343167103576,Male,1,1.923562216171372
37.0,50946.1651314386,789.6653165934341,12.855451109672785,Female,1,0.2583375298838212
45.0,24553.12768330294,561.6742460607951,9.23861599279052,Male,1,1.9272225572475206
31.0,30517.946689222077,604.7042910461925,2.145346234253342,Male,1,1.3546451510617987
26.0,61348.911777596484,717.5423271841262,2.3907318724772093,Female,0,0.6518471570345421
21.0,46928.22113591396,636.796798958528,1.9821048558620027,Male,0,1.7563570285378796
40.0,69282.30424563478,554.5667987013213,0.4847296070570768,Female,0,0.6987633890048186
49.0,31927.784885938174,704.0694827895395,0.1596734239815778,Male,1,1.8615611248115416
48.0,48590.714515515734,717.1489715706773,3.0086150561612017,Female,1,0.6634301343517001
42.0,55993.76829811639,616.5614244103025,14.327040109568474,Male,1,1.8656126339447958
41.0,32442.276048066367,656.1348765331237,12.45961528567452,Female,1,-0.2693368894513116
52.0,65476.42856749437,592.3426931053881,8.299414179249524,Male,1,1.2299835893795776
38.0,57660.18324749058,540.4762574088028,4.9523098611098595,Female,0,0.4500340072636926
41.0,25860.69369968849,600.2935393371813,9.697438321372967,Male,1,1.7345814946384404
32.0,49433.873056870994,657.3932350175907,3.6187383584902366,Male,0,1.6695451297645933
21.0,55789.35104387949,502.49107785307035,0.9932312098288849,Male,0,1.194610553459451
28.0,41149.149897079136,607.598706874784,5.762761430154621,Female,1,0.39417878615871144
35.0,27802.026417367793,658.7830130592739,12.669184335067223,Female,1,0.6954230399403212
36.0,54176.881841711154,769.4659910124867,0.09899913326981619,Male,1,1.2878047198526463
54.0,83168.64425423843,618.7407645199469,1.448046656833237,Female,0,0.5265751559619908
36.0,44195.23851263464,525.4097649890778,1.5424056807739805,Male,0,1.7911862514586911
47.0,73538.61771927064,629.033998730227,0.5214695268680166,Female,0,0.36082626072396917
31.0,38715.66767357798,593.343069590991,1.2776507903975762,Male,1,1.2798344061506395
32.0,53233.18452514928,705.2178555057363,2.422396107861017,Male,1,1.7322012602241603
22.0,61572.83796314179,616.2094673637771,14.053357762517653,Male,1,1.5994850196290857
28.0,49873.79501042952,378.94333784207294,9.840065057151195,Female,0,0.4370005463479344
40.0,45533.96526678153,1019.1624501197805,14.594432515919081,Male,1,1.6741693276236398
35.0,60891.9128202556,664.236329159093,0.6424166448093032,Male,1,1.3493819703782288
44.0,78371.82672903831,658.919151030858,0.14224666698805594,Female,0,0.9337101559081238
37.0,54508.80386958697,495.8590028002968,0.5820127446465271,Male,0,1.6217520186408654
31.0,42259.09735204479,503.5430734038388,12.284257597335024,Male,0,1.5804373839780836
56.0,47153.72664110475,640.8051042326967,0.856840657144018,Female,1,0.6753620029096976
34.0,87795.61468468062,683.617133231164,4.250604116012568,Female,0,1.1710502129928133
47.0,52023.60674507192,720.2114139176753,1.2911495177342025,Female,1,0.6260694374309855
31.0,41083.794521330405,673.743765731826,0.10425655193632935,Male,1,1.6574769169998995
42.0,32823.9812527619,531.4057796831866,0.442087327941078,Male,1,1.0432202045713406
44.0,22611.483588310915,399.5533390919951,6.1858734001323885,Female,0,0.12341338885896957
37.0,55453.76410769285,639.9777650621795,1.0067051405059229,Male,0,2.081300342654627
11.0,59819.62989236756,596.6025329390872,1.3012373675732056,Male,0,1.5200384904966333
35.0,44049.5573005219,523.7428275887715,2.3681028189613134,Male,1,1.5387271197923107
47.0,49775.44372953569,732.8058224105625,5.353646684391975,Female,1,0.8220797175041663
40.0,32443.074360670642,492.44232508200116,3.16847404389189,Male,0,1.794616273563804
39.0,51993.92697241252,711.6968839456582,14.466800532265587,Female,0,0.716537712200942
18.0,57222.429808506866,508.9862024982518,2.847415721817093,Male,0,1.4340300122083587
28.0,41972.535992485435,663.4088685583331,1.110288956059682,Female,1,0.5416066912390374
39.0,75356.7900437876,743.3974322018622,3.840893088516661,Male,1,1.89772566405028
39.0,37443.40509879633,616.2066684397726,2.9972789614128716,Male,0,1.620618083101618
47.0,54252.14906028473,818.9919834506821,7.735564004821718,Female,1,0.2184786300382846
34.0,62724.75829556908,841.7886325593504,13.676174178731861,Female,0,0.18487399882911354
39.0,48840.65749775926,673.7175000019655,9.048453221835835,Male,1,1.34334753738202
35.0,47172.847716582626,704.1385370590273,2.46361669084797,Male,1,0.5393825286791728
25.0,28567.007743255068,756.0708866316519,1.2174719238470724,Female,1,0.7173379194703019
12.0,70360.12243574426,704.442637248549,12.295547598799141,Male,1,1.6308245972366329
39.0,47451.601974986064,693.7243217598543,2.4383103405164244,Female,1,0.266626105046704
37.0,58060.481374022376,597.5930597223912,7.352873683245692,Female,0,0.6805270974846873
29.0,60090.807317902116,481.26438248222877,22.79493671482711,Female,0,0.903977860840044
19.0,40575.5226197337,510.9904586750523,4.307150881669894,Male,1,1.6361807187454414
41.0,47037.070935631775,888.2367358761519,3.268483126505053,Male,1,1.9423993779254725
32.0,70017.23526115256,682.2458957805001,6.017710859993661,Male,0,1.5805676195971172
41.0,33242.03501389333,625.4316518608669,1.0779295418415067,Male,1,1.453900033240441
54.0,81918.77112135885,776.3327259117909,3.3494950172112476,Male,1,1.7123388532780393
14.0,38826.90822085589,575.0542027138171,1.8722365413037345,Male,1,1.6104372013290238
28.0,32307.238150392324,708.3108267413188,0.8969963781532846,Male,1,1.6316284697360093
33.0,51984.63531032802,657.7192033560038,4.709793634435789,Male,1,1.430912472637213
50.0,83125.22396509806,696.0027501103602,4.286644346122259,Male,0,1.3284071860554727
19.0,21335.510966116923,616.3590130706143,7.160719859380257,Female,1,0.8446188738661817
54.0,47884.764222654616,553.5305692709619,10.31666488997323,Female,0,0.565721400914463
36.0,57143.97525884834,567.7128926860358,1.244717544370211,Female,0,0.16290751875352016
34.0,50504.74937803297,571.6115797739702,7.563885318101688,Male,0,0.7114093881201695
33.0,55728.82505004514,649.7029687677845,2.289467554171126,Female,1,0.7067701742544065
31.0,39229.50376741589,494.38648195260566,4.955146846111418,Male,0,1.0228318923893274
45.0,41004.17231102928,525.2571384977907,9.493607252598869,Female,0,0.7129199634085777
24.0,47773.660292612,663.5524297529203,1.4798154298782036,Male,1,1.3190121075065704
38.0,33051.67868145873,637.2324955586085,4.593484170662817,Female,0,0.20211418760990646
31.0,49329.703978397156,669.0231534256699,3.2726994044560795,Male,0,1.5557770181999009
27.0,44168.82059492748,645.4956465666891,7.817002750907502,Male,1,2.1391135623111217
61.0,42949.32222267697,901.8950206888213,5.974095784414989,Male,1,1.6118616851484149
39.0,54807.596188979565,662.6738433990873,7.340382681855254,Male,1,1.691558069781113
41.0,22690.10760201044,612.0920350512724,1.69798748303567,Male,1,1.073429509490617
46.0,46563.648449252694,660.1131785361509,6.093001229646071,Female,0,0.5855150343668297
21.0,84760.3064842229,751.995504251033,4.654558930492971,Female,1,0.5220019618132828
53.0,33708.35470511563,645.0371610622535,3.0502882669840785,Male,1,1.6795670372359917
10.0,69282.5074472662,718.4728358636246,2.3768394791036855,Female,1,-0.1968916480624776
27.0,50819.84181369048,689.6045964402216,2.0143426416712753,Male,1,1.397534261556288
30.0,40955.63286677873,620.9584423157356,0.048607309807546455,Male,1,1.786933180252037
41.0,30190.375107052903,661.0875798881951,0.928989268432953,Female,1,0.5965710109286668
37.0,52095.22947927848,809.8922114192076,0.3039449290541276,Female,1,0.3451220392774048
33.0,71800.95658722015,674.3078295037965,9.43114891587142,Female,0,0.566316487570649
35.0,44161.83282204854,551.3978975828929,9.833739233078143,Male,0,1.3093043493388472
25.0,48785.578628948395,618.0489572867125,9.36029449165979,Female,0,0.5470116133955255
20.0,65155.56275285498,438.5752750267195,8.516539169272235,Female,0,0.17415062779400936
42.0,55113.061870194215,663.739870675288,1.2508426266440067,Male,1,1.381785094728077
42.0,26415.863304131322,781.2062343782814,3.3842650182325364,Female,1,0.7072129262963553
51.0,51483.308237827754,515.8594231866145,11.921350056743393,Male,0,1.0238842091933946
27.0,72683.52365998397,664.9732734508049,7.131037886168973,Male,0,1.338626822589411
42.0,49445.88220298752,748.5431805869287,0.009109723440287295,Female,0,0.4913826375618268
32.0,8877.65855783935,759.1138633196484,3.0756240364377154,Male,1,1.4117026399402572
47.0,55823.22487386609,777.9801172275832,0.05363767024797231,Male,1,1.8234407790452587
45.0,47023.15340683946,463.17461686544965,1.6471130475479483,Male,0,1.3805797395280406
37.0,22563.583791181747,700.493095461181,2.861399563334699,Male,1,1.5364420759216777
32.0,24811.878649193237,499.4434814905395,11.16992848488843,Male,0,1.4639086110022974
45.0,64626.60714933213,550.1667863427529,5.312138844877038,Male,1,1.041617422727934
41.0,39014.2588160738,732.1122259608507,2.2508839562320695,Male,1,1.617714005256152
28.0,36387.55428896012,665.8047121851617,3.3731475045611123,Male,1,1.5951482511369341
22.0,49465.42158602497,722.6336074239374,8.501998736458695,Male,1,0.9201851008734349
32.0,40336.95502520092,557.0883395198301,1.7809153183277358,Female,1,0.07351313786255881
50.0,51500.729416666174,797.3603110162876,4.7730113733331105,Female,0,0.9783158015115083
46.0,46959.199558449945,718.8333933841051,1.520730206814969,Female,1,0.9010577501999535
24.0,32000.066298595353,738.929811929346,3.2692807842354554,Male,1,2.315501582326146
23.0,42332.03302157923,541.9833223884864,0.12483808275804857,Male,1,0.9537401210402207
48.0,56641.299819636566,767.1401240212618,9.562025022495009,Female,1,0.8538079766422251
24.0,50628.77060357938,618.3838423359597,0.24778365497254193,Male,1,1.84845975956696
40.0,48770.86276412253,588.877372985461,1.2703371419428793,Female,0,-0.005434458659836827
29.0,79060.76361769077,712.5463540045662,2.028664812080713,Male,1,2.064955738090476
51.0,60965.562880783036,708.3211774787939,4.906294950239725,Male,0,1.639962000584587
27.0,62786.61897232014,565.3181152242662,6.365426014334371,Male,1,1.4317591966162346
46.0,47510.47388307613,855.630101019252,0.4193599625558292,Male,1,0.9658656291376181
37.0,53302.177855269125,831.4350576389775,0.22219203497059492,Male,1,1.530625273389364
38.0,43533.500157114606,710.503514081177,8.022000284559802,Male,1,1.5124222989141494
15.0,61663.24648286193,693.0403422731688,6.226866044078255,Female,0,0.8033902188372715
13.0,48344.00143851435,682.9786226260296,8.90559206078676,Female,1,0.4399242971743393
33.0,53335.66623395835,495.00033739813284,5.643372284970864,Female,0,0.15263229240072562
37.0,52409.16953232752,661.2807387921463,6.951758311362154,Female,0,0.29534010614871364
24.0,49727.49677891818,659.9541581895749,2.3824300370419387,Female,1,0.37244108376496526
24.0,94072.82100733655,592.3988313761619,4.460238911529998,Male,0,1.1548503107147279
41.0,40000.710837579165,619.0650827998415,8.183848809789014,Female,0,0.18658293652259772
41.0,39864.32704761962,411.8707605284527,0.9444204221951198,Male,0,1.0326633431067207
34.0,60411.45120217635,540.2727069875009,2.74803116272405,Female,0,1.2108583834646436
43.0,41072.46501387231,742.182629150729,6.744795746650896,Male,1,1.5294641815919414
23.0,45628.904579766604,823.1196901639361,3.8032405252516917,Female,1,0.37656961016376284
31.0,33703.835699665724,555.6619314704229,5.7231364195047885,Male,0,1.7153541091092477
51.0,57373.3687910388,668.2848654975938,1.7326980864642234,Male,0,1.2598704803860654
36.0,57563.85866726228,759.8382329397317,0.16438513160023052,Female,1,0.22800316271426085
36.0,45272.11910114833,597.9784974105246,0.1478947779581462,Female,0,-0.07463234901398741
58.0,60722.25032720109,717.6248177234615,14.30436176547296,Female,1,0.3407358596435872
21.0,22128.124793996125,646.621030441984,14.460470160349994,Female,1,0.4452435039002088
43.0,39397.19897728485,769.0401988425349,1.1867343374727548,Female,1,0.4671327710767933
52.0,47450.31220683604,521.7549260331377,0.7977089336539445,Male,1,1.9692073475901517
32.0,32415.762546455706,539.5423371232347,0.09153188903414156,Male,1,1.404244758840209
44.0,23769.30443871917,677.9539168942811,1.3149918934262905,Male,1,1.5827221808715162
25.0,45381.560524423294,659.6206099900437,2.0349671857004554,Male,0,1.1513441599978131
28.0,60410.301305911125,644.367610350667,1.3803661405290593,Male,1,1.3720121229510809
39.0,69231.62587139769,707.5834160204483,7.982217047064912,Male,1,1.2265107086175469
43.0,41790.68175191941,556.9350435442263,6.920094744682714,Male,1,1.8554347932363946
46.0,60998.23756432391,513.0564388378572,0.42242274066613617,Male,1,1.2727285450439725
51.0,59548.130571135014,599.9891891971274,5.975422250242614,Female,0,0.8756685347649178
34.0,68279.12261501745,611.1721441301901,3.6759445921562817,Male,1,1.589650066684633
47.0,44747.13454468998,621.6252818942089,0.7087747471303034,Male,1,1.2858875692465879
32.0,23022.492572229887,776.9045711353876,6.726442183044229,Male,1,1.9228957835359608
44.0,51052.78778634117,727.0417246799209,0.44987280629425136,Male,1,2.087321658581766
37.0,34793.09388545415,703.323986915543,0.974910820408529,Female,0,0.7083912926346474
39.0,39147.42336406989,672.1999594629311,0.8080466080716303,Female,0,0.1660323343680397
39.0,45481.712839202264,606.5811544284445,13.98714587044088,Male,1,1.2465002641572773
19.0,44916.08552976286,564.6054843216555,5.989224809883627,Male,0,1.3930277978678574
24.0,52123.38900343692,530.2842579307979,2.649073308479327,Male,0,1.7070519503165191
36.0,60547.344746294264,580.5493149529325,8.635596508905783,Female,0,0.47843476121027634
18.0,44483.9662508605,645.7078011639012,1.2164724320169689,Female,1,0.7697718031554492
43.0,55935.462599120074,534.5015799817334,13.375007796023093,Male,0,1.8294915047969706
44.0,50222.24014895758,666.9519757736609,5.97006815764349,Female,0,0.5242253991310838
38.0,64032.41593817668,630.5561872764355,4.100139586762618,Male,0,1.515332623933078
24.0,47171.12223340525,610.2701588456797,7.915159421025132,Female,1,0.5502666640450502
49.0,48816.09986338166,766.1532901211638,5.175103630062427,Male,1,1.5002766919327597
55.0,44383.993280016395,403.93813777772687,10.906674818206366,Male,0,1.1973728642513566
36.0,47566.27190062257,611.627045471507,8.834924350952017,Male,0,1.735813559903614
40.0,38247.67807481189,414.75625543705223,1.1021767654834593,Male,0,1.4435250808242384
37.0,36761.0407078473,673.8562672929443,1.3699728790636454,Female,1,1.0339167594606344
40.0,61636.480779240876,726.2181583198926,0.3365647048873829,Female,1,0.5733506465606711
34.0,33751.97475223098,514.8893795786198,1.2435820691927855,Male,1,1.495813200570908
35.0,45213.22865453145,527.6942416108609,2.1040781206561867,Male,0,1.2755926909462867
44.0,65230.14179406494,480.17001682895443,0.14625512718676204,Male,1,1.842891106476633
58.0,44709.4880749459,656.3641992713168,1.891408825749254,Male,1,1.877249207612366
21.0,62431.10680528362,615.9211723795972,7.382098542939277,Male,0,0.9339065175609697
34.0,41134.31418909738,622.1345269608406,9.17315525150837,Male,0,1.8322116598691647
23.0,34232.545904747094,613.2028360514119,0.044564460331139345,Female,1,0.9712373137234569
51.0,26077.612176487688,552.6400935632062,0.03586350346950553,Female,0,0.34798945579253915
29.0,69690.86103908991,763.1874023896037,0.7909188070221564,Male,1,1.4796147790976995
21.0,32946.93227548376,677.2340680131628,10.301217475088894,Female,1,0.7583371409941044
41.0,61207.7988518764,531.5336463222395,3.1675851583495556,Female,0,0.9062557981826971
52.0,35000.794598099266,579.9453184167498,20.34399118088466,Male,1,1.7976842923516902
42.0,69760.75876909732,562.7931225532525,10.916525481351506,Male,0,1.2985912701301592
37.0,83101.74086922652,790.5927903473062,11.042201299396071,Female,0,0.16516795859309624
39.0,24702.04910464495,721.1219272682865,0.6875618563836368,Female,0,0.729478096559815
49.0,33728.65348761779,637.3510543077447,3.2239698374149666,Male,1,1.7270147690338125
26.0,61596.97795704837,820.722118495386,25.24994598864964,Female,1,0.20484291606211547
34.0,57695.64385048722,795.2043595199184,0.8069756310677916,Male,1,1.6268340099281475
30.0,61653.827821402876,626.928910585823,4.26932048057563,Male,1,1.6599619776147336
23.0,41393.66674393436,608.943467787619,2.1101069907600225,Female,0,0.9891109903592923
32.0,79813.01241535052,613.7636044102651,2.453956129891529,Female,0,0.367857297126684
46.0,51770.74200034662,554.7253404031069,11.072527868547454,Female,0,0.2759561289529564
41.0,31745.561347347204,823.3974448467163,4.432477375235987,Female,1,0.4806939595516017
41.0,46202.77249935583,549.3587496941122,7.110154654068603,Male,1,1.7283334059507047
36.0,31946.496556567512,736.830431542744,5.592560885147155,Male,1,1.338008753633549
40.0,73864.12037831158,719.0543130908829,3.7646524941632853,Male,1,1.3441589081078293
27.0,40095.031057998254,619.5134021776435,7.844148474301567,Male,1,1.2422555981359085
32.0,57387.25227116933,831.0045103664451,17.656457313435126,Female,1,0.4470421475822314
37.0,42939.902825267294,494.09036789184717,17.028972755726127,Male,1,1.5657766975825567
38.0,40769.1903535623,642.0308699021109,7.790208140343543,Male,1,1.4021532279330293
38.0,21346.187280784237,601.0959835059496,3.34061219613244,Female,1,0.37592602663453867
34.0,58972.61904485851,746.0593150270853,0.890605709652747,Male,1,1.6713268097072778
31.0,69487.71878943776,685.3565864375169,0.22744825639914576,Male,1,2.027477666275344
67.0,36260.48627952272,477.27048213335075,1.3162155470716574,Female,1,0.4383703336174029
44.0,26821.563275019933,773.9479443746453,2.0795321443371497,Female,1,0.5547248101148439
39.0,62049.74064106744,698.5461722924567,0.6954461350232588,Female,1,0.1137162699386855
33.0,25306.379763406232,546.450813803707,1.2729474748177374,Female,1,0.3931958196899944
30.0,68292.99403922388,615.0320895213607,0.4362140982750907,Male,0,1.7259784252741104
34.0,36434.07315568069,520.0115085027918,3.708295123981094,Male,0,1.41085871171888
38.0,33450.60885763061,632.916197438352,0.6751951637064958,Male,1,1.757069444965189
16.0,53726.936316969375,665.0117967359823,6.788896632079878,Female,0,0.4878069409463911
19.0,34427.91072482844,616.5352841366051,2.0222015030945504,Male,1,1.2579949802847212
29.0,39393.33378060186,604.9535500127146,5.574664453714549,Female,0,0.10337323101280543
37.0,55309.7289900651,488.7259630948821,10.707411820091359,Male,0,1.7844504842118583
33.0,13563.314942500307,683.7241461503208,0.44971403373793506,Female,0,0.6224239759482998
50.0,74636.28868892483,457.5545403137047,22.549657958598143,Male,0,1.597639236912148
20.0,50654.60198698607,653.1079518237262,5.181615980026443,Female,0,0.594209281721001
27.0,30605.50981394708,470.0844175967539,0.27421337964781733,Female,0,0.4104061029454767
50.0,34741.31946069738,655.0504890486286,1.8844045239911555,Female,1,0.045977577656184654
36.0,64874.695673912036,649.3880995412252,10.868547876959525,Female,0,0.23776057733874612
44.0,59015.79402611155,690.334496767854,4.534593984527142,Male,1,1.6385688596989356
56.0,70801.70985927817,736.2285716801592,1.6929289136496988,Male,1,1.2135657233125163
28.0,39758.85732793648,754.7588422250938,14.108439760300591,Male,1,1.5241975546369755
34.0,54448.75755726204,488.995740062407,7.738247967122696,Male,0,1.3549090828917754
32.0,56398.518676755164,644.1793946866919,6.650297906880997,Female,0,0.9346751736313766
15.0,60429.01250378355,851.0940884560054,10.965386346897937,Female,0,0.679364098926212
32.0,66909.21685148103,661.9100568497707,7.343598326638263,Male,1,1.319985215846742
44.0,39241.041412334795,566.8651859698687,1.689534799114586,Female,0,0.42959777344450345
40.0,48287.44598359279,642.0298873560664,4.38398099651618,Female,1,0.3736317116903235
41.0,40847.75381629782,611.6334059685939,9.234865382534235,Female,1,0.5868989561735732
31.0,49210.821899654366,532.3541842867846,0.9974287522405749,Female,0,0.3477767078481169
28.0,60476.49173094463,736.9104188207008,0.8897951095179435,Female,1,0.15541990407996842
48.0,25189.467496089466,708.4352558275363,0.8656768816469822,Male,1,1.1961154043933087
30.0,66640.57354188929,516.5490927887872,1.0799415229240168,Male,0,1.4622161608363988
38.0,32912.26813604376,640.6725416183098,0.544783847799508,Male,1,1.290674548248146
37.0,45389.44520454153,593.3536350817877,9.089357807914645,Female,0,0.5225222751664758
50.0,68659.12887449187,489.84074854750327,8.527492929872864,Male,0,1.6423266301885266
45.0,54920.14576975108,508.5180542524015,0.8206540326580933,Male,1,1.8276142788885106
22.0,55092.9492239549,523.4040176199668,6.113012602832381,Female,0,0.3777310968501326
23.0,32290.609320573338,644.1570246557203,4.930556682893416,Female,1,0.6177023793690506
41.0,34338.71096264239,604.2046999796644,1.6161612263519811,Female,1,0.8561696787445044
34.0,64118.845950033785,554.0812037904086,1.2897648617031723,Male,0,1.4317574008888052
30.0,41162.84681773416,610.8116970379049,1.4423175903405905,Male,1,1.9349765961641148
45.0,42576.32190050226,724.7534971845478,6.5583581864952585,Male,1,2.399729597939581
37.0,64459.26876582068,685.6696097272056,1.9232933529643237,Female,0,0.5156649736995472
36.0,34251.296819457086,750.1868807621903,1.6283686974399478,Male,1,1.8627718496608519
43.0,54038.52699329387,627.1687135280752,0.1136882606840027,Male,0,1.8632407932831083
31.0,50643.60989251537,810.2557190681644,11.94270298042955,Female,0,0.5193405984427722
51.0,49959.71411205137,684.8079883698492,6.985849317536525,Male,1,1.885920662921887
27.0,42223.46552183744,601.108257665861,3.200721661627069,Male,1,1.6064425107907914
42.0,41302.17227805007,659.2951809690369,14.31711366611033,Female,1,0.2926568666005776
49.0,33824.53754307702,525.1924047410182,1.737388356756052,Female,0,0.5719768433632269
21.0,57239.9753906196,619.3814863752231,5.615114743994962,Female,0,0.4080799838120169
32.0,39977.762127248956,692.9974230226608,1.8202991379481475,Male,1,1.690831944138251
46.0,64531.16931750877,711.1669508098589,1.888562195633521,Male,1,1.6263950278835366
47.0,46631.6743761402,608.9837777168804,9.312277882122576,Male,1,1.1859061962797066
33.0,34123.24265868443,923.3890427522635,7.732830932261598,Male,1,1.652731707925196
28.0,46432.79176777369,632.7792256844712,1.7414611056876474,Female,0,0.6274009488175858
45.0,43837.142012952885,482.1605957856847,0.4244654688640651,Female,0,0.4877483798382249
47.0,65136.55117592079,771.3267192008498,2.212597136752491,Female,1,0.23030230339817792
23.0,44464.99716122702,710.7127303849677,7.1367805778453715,Male,1,1.2198387671489086
23.0,45856.844281995116,673.168882095525,0.5298277220596705,Female,0,0.7521106120971027
37.0,71173.20058238653,603.5079108908222,5.57524616145201,Male,0,1.1801828397415168
41.0,57624.00982195023,689.3346516026442,11.025625216081462,Male,1,1.3793572590091325
32.0,74940.59024005245,811.9016245997631,0.9875444471353557,Male,1,2.217854200079586
42.0,68885.67506095857,670.1632937340146,9.909916508908948,Male,1,1.270550014372672
28.0,36692.56117455718,502.9966413189074,0.2636499584357078,Male,0,1.4546024799291792
14.0,64849.26281600162,304.6645916812233,5.496266341616872,Male,0,1.91760800790434
31.0,72879.54938111888,688.4559560638386,7.82803633126452,Female,1,0.48356225524956686
36.0,72992.1969848513,551.4086458739893,2.9418292219048765,Female,0,-0.22465829392702164
32.0,64821.43975365031,640.0287282604196,1.1390765777380905,Female,0,0.5054621666844676
23.0,64512.84492363763,569.09223769866,12.933334863188088,Male,1,1.7020692401093724
17.0,45460.08434486675,561.9091015803402,0.10085470545305494,Female,1,0.6090427037492506
30.0,37439.26873475638,573.4725866713733,4.049205376560591,Female,0,0.5401885307936118
44.0,44716.74021653815,582.5124640083434,2.332842948416399,Male,1,1.4152219795236642
48.0,25028.164978508557,727.6235988482836,3.090729138843278,Female,1,0.7274558187569273
47.0,70141.92973132558,707.3643793136584,3.8454463128685354,Female,0,1.0158939143720591
27.0,45750.60560873432,529.2011177188826,3.82588711094261,Female,1,-0.09494019748235871
23.0,69369.9609359744,542.8265273632992,1.1384171031970713,Male,1,1.4525329594558125
40.0,31527.506341676006,687.9121904469373,5.6925223732848025,Male,1,1.362172166561116
41.0,66239.37381503316,755.2502365435522,0.09666997068921307,Male,1,1.4220233274497687
39.0,42576.7901273102,753.7141359914126,0.10705848626146237,Female,1,0.449890935086383
15.0,30734.458875362387,549.7091159219768,3.255108655802852,Female,0,0.358771675365425
26.0,74406.77078239637,748.9311431900225,3.903370327680675,Male,1,0.9402106285030721
35.0,66609.67504011162,472.373036568115,1.607155983554938,Female,0,0.18414338657422602
40.0,53176.88630278676,629.7115582989961,4.011190267081034,Male,1,1.4594471207070634
43.0,50509.068277024446,698.7026442608653,3.6294804286181392,Male,1,1.6608756526068724
36.0,56592.65028228678,442.11949869583486,2.1479224399537205,Female,0,0.5229599809716072
38.0,52919.42866876117,859.2856924085462,5.274527063364156,Male,1,1.349179501635447
36.0,38115.860687427936,782.6695182976616,15.842959663707564,Male,1,1.2047433916272348
42.0,43819.21595322617,714.700397236059,3.374598518998986,Male,1,1.7739040095535712
38.0,79410.76748058054,553.4971792435078,7.7100824248435185,Male,0,1.5298548744262102
36.0,90082.3511394202,643.1896375422867,1.422413071391654,Female,0,0.3444306000759629
32.0,73440.02757846024,729.0420169763022,7.176385182749239,Female,1,0.34705000648394635
36.0,57173.35910243935,537.7338433000186,5.2335057775646385,Female,0,0.7638178919488452
40.0,44933.76450947097,631.9525768761982,5.10406049758013,Male,0,1.6643029019590507
38.0,38027.21159154551,741.0383849810983,11.176283917914855,Female,1,0.6841345462443733
39.0,39015.76384354696,500.540499822695,1.3286261882671937,Male,0,1.7480000445472554
48.0,41700.98511969859,683.2424711020456,2.2978917458232964,Male,1,1.3478876667525284
38.0,82267.46062138655,474.523037037882,0.4336068607399635,Male,0,1.4458062852860083
29.0,77094.23444573898,555.6153244421347,6.475325699541167,Male,1,1.549923307951843
44.0,61194.17584903091,599.5407394323905,9.285244490719162,Male,0,1.199152795372915
21.0,35590.80235380761,701.3555612718778,2.6029785098958858,Male,1,1.8094928456492982
24.0,63395.83890066555,579.9210897493797,2.206706286832068,Female,0,0.2129738838612556
38.0,46420.744572340926,662.554839132915,5.374261859734142,Male,0,1.1513212782989433
40.0,17704.85842033818,581.2771862191767,0.3930004064067219,Male,1,0.9965705556197186
23.0,54306.50956101889,596.9383227884848,1.7395806170536092,Male,1,1.8299281459914132
31.0,37371.304387489174,775.0661507786149,2.28021012631677,Male,1,1.5646828065654352
29.0,37879.19856364944,534.9771821757762,3.6551828555027424,Male,0,1.340121018454128
30.0,46243.88009647989,725.9153973947184,3.2367524090278703,Female,1,0.36668350116712617
44.0,42525.15540586381,649.8936114525018,1.1702668804372398,Male,1,1.579274045480866
42.0,49486.14771343988,592.4446311092009,3.891215136166978,Female,1,0.781747868666701
35.0,48765.04174974192,528.2477167589882,13.0095865538695,Male,0,1.5437858281746994
30.0,21862.86360728553,535.3763692900909,0.13730765030593434,Male,1,1.9166369981535254
22.0,72804.1698332425,576.1354975242053,5.701963905827113,Female,0,0.15374899763784727
49.0,35249.3491557698,634.9945592778857,4.900268132935879,Female,1,0.4959983256090593
41.0,35714.02422304291,710.3509636156401,12.913278015892804,Male,1,1.5774889352248886
28.0,45071.70122314554,619.9760740077637,5.183048124979422,Male,1,1.777364601489938
42.0,48374.977289460585,626.6689148117781,4.9020495378271765,Female,0,0.29762630029084114
34.0,71884.69725247758,641.6009776677695,7.344156853693881,Female,0,-0.18248792354306387
32.0,54041.35178082352,697.6777691438729,1.558548514559945,Female,1,0.05375561165193099
39.0,58496.98226164302,714.480281919651,4.5283895188443655,Female,1,-0.03473764864044826
28.0,54118.04281374923,511.3034524428152,3.663819397889605,Female,0,0.6250518655535924
32.0,53471.92373748159,621.7925290256688,2.885472709486095,Female,0,0.5292583439082794
36.0,54645.94254630513,772.7404017347922,0.4141216873565892,Female,1,0.5651571574543546
30.0,21008.98786146592,518.3880046280045,1.7309989875980383,Female,0,0.8377791373958139
42.0,46251.22272740707,657.431289044896,1.6423933502933232,Female,0,0.9886816701751288
54.0,67433.91665856735,632.9155996203219,6.441320459920998,Female,0,0.7528867405301514
27.0,109134.96516210028,593.3324410063389,12.669820766704502,Male,0,1.365392825828529
18.0,31935.36601190735,809.0782651043357,1.3119382724046924,Male,1,1.3969716281535152
15.0,56346.19940486529,653.6835808867875,0.38777535769944826,Female,0,0.34742168921950484
33.0,41434.301331884875,801.1145071944314,50.26624906772668,Male,1,1.135360371762405
28.0,80714.77855845274,650.562720524441,5.875393608886474,Male,1,2.0243725663419023
37.0,29693.258588127777,696.0255889317732,10.878478101654078,Male,1,1.9228205611140885
36.0,59374.0923547382,592.2778491073019,0.776720217217753,Female,0,0.5370142298773706
19.0,28891.83350743715,593.3906324702247,8.06642755271178,Female,1,0.7349557799266406
17.0,45221.499979087515,690.934753024886,8.391897122309684,Male,0,0.9823839900850657
38.0,49485.30003875287,692.7697457633591,0.82136071557507,Male,1,1.3645293785724388
36.0,66045.37522609413,709.7987066591854,0.8801321443403827,Female,0,0.3081567557948055
31.0,33842.49760762208,687.6678286954575,1.7509885196986978,Male,1,1.3641621207800168
18.0,59950.745732710784,516.3579072995915,1.221755804357318,Male,1,0.8935759054856914
40.0,50281.665850819205,569.3631323287584,18.52705841852125,Female,0,0.8576114309048142
48.0,54091.90079428969,734.9942886148694,2.2544872702090086,Female,1,0.7496217885280395
38.0,64374.990720277114,454.1534634596662,7.162873035964776,Female,0,-0.029713181046262638
27.0,30761.649604920687,679.2607241505603,8.175081425213879,Female,0,0.2568799589210791
35.0,62158.924597228885,638.8119900930819,2.4383204023837375,Male,0,1.4381111427118347
21.0,41466.42720365863,734.9581867472359,5.737734796337248,Male,1,2.019083831401948
46.0,66438.10182465239,691.6621186070755,0.5703255710371409,Male,1,1.5888758887910948
36.0,55018.3645180682,583.6019720291538,2.5288757568468174,Female,0,0.1731904346907695
17.0,46857.074277244166,579.0649961698336,17.103531255066805,Male,1,0.9733173403815715
32.0,41149.61046363768,597.7216527003081,0.922804234149009,Female,0,0.7182060766124324
40.0,62349.42491532996,708.0063047370628,2.4364513677732282,Male,1,1.4139081136210818
32.0,68914.27528221392,419.77863204447556,7.815671087033983,Female,0,0.8165411390861944
32.0,42007.22688709723,665.7379444357061,5.474444967368423,Female,1,0.11392643182113499
23.0,33004.901513279045,561.6965412772632,4.99182523898775,Male,1,1.2959450074945038
41.0,60413.165644178385,669.0835297807257,9.595378259189383,Male,1,1.6820095360035587
29.0,28272.035869494495,684.4497786503368,0.14762730555887263,Male,1,1.7717734281709725
13.0,30417.313436255426,483.76734170713127,7.373756490656892,Male,0,1.269861924649152
31.0,34059.49586708151,627.3133572999369,10.708671937715069,Female,1,0.4589811191543365
45.0,43768.24275441876,665.5570356800247,0.08153356090309252,Male,1,2.0084802957534658
31.0,29955.021661768325,658.7950095275147,4.093131979847401,Male,1,1.8746456660737925
52.0,20918.001359276335,637.7799046884035,2.143068546545911,Female,0,0.5309700351920611
39.0,32968.33708494315,527.9112480185988,0.26048234114000207,Female,0,0.6403855414294637
38.0,59637.11669858928,543.1371969353459,2.70426070099123,Female,0,-0.11272553960109744
34.0,30926.838918098492,512.195267724615,5.164546089638278,Female,0,0.35634818747817354
34.0,44895.95483068745,705.4045570839753,12.567372148496613,Male,0,1.1815628003477925
32.0,79200.47693548343,638.4429158193399,4.844905093481639,Male,1,1.7927477729515573
32.0,49262.38804959365,644.8246760707287,9.715578141301165,Male,1,1.33695428509836
40.0,55137.9648459439,479.4506556155106,0.6481038549816042,Male,0,0.9864903393296303
26.0,35809.3997262267,646.6397202738794,1.1819112847406479,Male,1,1.5341022880704027
24.0,82452.12280550213,713.3637071982682,17.581839999480223,Male,0,1.837564265445225
24.0,41880.58266292357,465.81604254257206,10.919598467295682,Male,1,1.0868757217440188
55.0,46578.42973322725,596.4593741255029,1.3408807989272298,Male,0,1.462489715798639
40.0,69755.88016951046,492.96508684551947,4.850750814056417,Male,0,1.3336410414605973
38.0,47273.986327195715,607.9717925270113,2.2520463615426465,Female,1,0.7319016467912167
24.0,50718.331740128226,559.9008102429077,3.1611871967703378,Female,1,0.5407902126352302
41.0,45774.675188163055,688.0908833641603,9.862025523138087,Male,1,1.8404945003333821
34.0,45877.51432914159,666.9239563426391,6.653590849740025,Male,1,1.2884710120102267
37.0,55557.530162421375,779.1504405634045,1.3619484083902718,Female,1,0.025939464894902065
25.0,58294.147837971585,644.5922150699506,1.8989361834934047,Male,0,1.7575810705488362
37.0,40351.273531811494,683.8487802104273,1.7104129450200756,Female,1,0.2462589901013552
31.0,38508.793157796055,594.2292518351522,7.585724542761652,Male,1,1.5153970204548162
27.0,40862.958667136554,539.6935348771422,3.367589715365052,Male,1,1.2825006860938049
42.0,28981.189787003477,733.4762434690086,15.051621813050993,Female,1,0.5865176640035015
20.0,26143.54612221054,774.325505354708,8.482805857385586,Male,1,1.8498275920317921
41.0,54457.507208373616,720.5655699238253,1.1861770772150142,Male,1,1.234741595358263
42.0,64078.93704762668,663.1228123129532,7.707559941271408,Female,0,0.8001357148476995
26.0,63065.67939717826,552.5906445514723,3.526901982929161,Female,0,0.19312356508699258
27.0,14270.13090295012,764.1628173426947,1.4632059172455778,Female,1,0.9301039603092276
33.0,46324.02369435109,707.9509315637013,2.2575327421044795,Female,0,0.19618066234894233
38.0,33468.620666111616,852.4878609329446,17.900325562727932,Female,1,0.12396849073297378
33.0,52156.061567312856,534.5576049760093,3.3078689630903617,Male,1,1.3487727041940198
39.0,43732.64721785928,736.256650124738,6.357794928517928,Male,1,1.34316163246174
53.0,58878.678593668825,704.9106504874798,3.2416845824144502,Male,1,1.0861606048168246
30.0,49712.703643979876,615.7972799751944,2.322551914710636,Male,1,1.6518143947537247
18.0,21559.971576231663,786.3834880203103,7.958481603246326,Female,1,-0.5782772619774754
43.0,35493.711908006895,690.2345148424548,9.430054656935784,Male,1,1.0601631300158758
52.0,50086.7767223998,556.3106971538347,0.3730205988892318,Male,0,1.3783124448326478
39.0,51351.65643846629,638.1660983725591,1.6354252957255926,Male,1,1.4173495907990714
24.0,28914.847884439972,555.1141192896887,3.5450724926018635,Male,1,1.3243750811102564
34.0,26953.10444680817,603.1484284614486,1.9026266360229604,Male,1,1.46403500975897
24.0,50843.68006359768,720.3826153539733,7.652740998960184,Male,1,1.4679198599053869
41.0,28944.99040924209,748.9274045234216,0.6093319603134733,Female,1,-0.037725749257058294
21.0,24970.558602488214,672.1212333789365,7.992447485466351,Female,1,0.47969010905901965
32.0,43322.892310529875,574.9925123410468,4.81018688692654,Female,0,1.1106327104530658
25.0,42673.30862992023,688.1608420395357,1.7080008398434128,Female,1,0.3477970678657803
36.0,36823.99283991048,722.3399637957637,2.1114392649116827,Female,1,0.2516660256200923
31.0,39443.945649125555,452.78882547602825,1.0099637928046306,Male,0,1.087864667579421
37.0,50207.535848335916,661.6478775030918,1.4555958645872944,Female,0,0.33298429034787447
35.0,39197.556444802714,630.9810201600669,6.316294500073195,Male,0,1.5166790673528303
25.0,51060.45532497259,745.3711255409572,2.3570962781901708,Male,1,2.000314004226962
41.0,44292.971958239985,688.5689164861499,5.815500274461449,Female,1,0.44285280394355275
35.0,52514.752330799834,698.4351701472785,3.608839787771826,Male,1,1.75479309195105
25.0,63173.08348154968,601.8089033619037,0.7850105794719553,Male,1,1.2503120424053047
57.0,62588.71768085893,650.1651717132436,3.456451007064303,Male,1,1.507168785734398
40.0,69323.15706599125,744.3684969803888,7.062572538756796,Male,1,1.454312280022009
33.0,62572.203453457405,643.5120267029723,1.7667986888786031,Female,0,0.3831389499544138
49.0,53578.36297312706,667.4669555731574,5.221780661260781,Male,1,1.2463223331430853
53.0,43498.52543539783,496.40427015579337,1.1096754998144815,Female,0,0.5209955872633835
34.0,44183.58615775664,643.1459963672785,0.7291707126402223,Male,1,1.340037579018975
38.0,36833.34040346285,448.80000318938903,2.2332024708189278,Male,0,1.7995917457465727
25.0,50067.93936577337,598.3855130641743,2.464957946248566,Male,1,1.7036027849510829
34.0,60460.81218067902,656.35155577269,7.156660111427454,Female,0,0.5488652260379642
33.0,39114.985956754696,726.7030794484571,3.0816599287001587,Female,0,0.7606205719575022
37.0,49441.732120043394,550.0840056548025,0.42362394066991405,Male,1,1.5362113172067597
38.0,39839.56656917346,687.3684143470102,5.025602874840182,Female,1,0.18179602964338248
41.0,53140.314952814224,796.8493404362129,3.1673516020839036,Female,1,0.25201452587977685
37.0,41759.249240750745,585.9256134284378,2.0146655857618763,Male,1,1.0479614190870774
23.0,38907.34143058921,495.29470782773427,8.102969766745412,Male,1,1.289867376678393
26.0,39800.49957601962,678.9839957057088,0.838454288145042,Female,1,0.9239988096136365
30.0,57549.9316076835,530.8002993463707,12.221454395782832,Male,1,1.4905816397016172
32.0,48548.758920044675,568.1001426526481,2.03278970253846,Male,0,1.3737619620430932
46.0,43573.67404999946,742.3336941702486,3.0896553865903336,Male,1,1.057470576917517
23.0,53921.06753820816,837.6899275376682,13.241812129490697,Male,1,1.8711226210952387
31.0,43782.25673798524,549.9309883658515,7.161478554739627,Male,0,1.4378165481432883
45.0,66897.76840528555,576.2580259984586,0.38603850031572823,Female,0,0.8179888371630535
32.0,35392.007694601154,606.013103759118,4.317268346271071,Female,0,0.546275957059835
40.0,47195.42730774078,595.2191946474574,1.8579486035044863,Female,0,0.33554581804380046
34.0,28928.521674994987,843.3292513812034,3.5513471647382797,Female,1,1.4015380412277674
38.0,44796.88412164859,596.9432170312214,6.792793703871216,Male,1,1.5362716871150843
33.0,24805.46753440055,611.224808547387,3.427610764745945,Male,1,1.459954437178875
42.0,61194.747838386895,811.6177473174826,0.3683504468190943,Female,1,0.6964426590009095
20.0,61497.55650508368,707.6676311539301,3.774905676852102,Male,0,1.7501919466846048
31.0,61762.552605867146,748.5899232949245,0.12212778238588584,Female,0,0.6398035556809928
38.0,50433.08720261702,559.3887126977609,2.1416938147329487,Male,0,1.813008293204689
40.0,36801.94392934862,596.9820316824264,3.250730829212535,Male,0,1.954497039581889
50.0,37994.89051946076,546.028164232104,5.17359186120143,Male,1,0.8100036035844221
31.0,72952.58082830782,730.1261546035815,3.5281922392772316,Female,1,0.4119012643096559
50.0,71535.15655699695,772.5243207783444,0.8240596087295371,Female,0,0.47927776124882676
28.0,51838.32735426157,590.0225630818487,13.457260865345228,Female,0,0.7597267976965971
48.0,42265.489488795094,613.5758677095723,5.253393495571971,Female,1,0.6302728972407663
43.0,70529.35134047766,617.9509934961342,1.9060662689792736,Male,1,1.6558615670074106
26.0,39582.45257922785,495.2776006721824,16.89811326424677,Male,0,1.762918518388739
38.0,53432.73812143861,582.6177922240346,10.709888333406985,Male,0,1.1675409258886098
34.0,70279.35958097687,727.3266214763601,0.7744469469859584,Male,1,1.1381862014251067
41.0,37454.92250503058,562.4581495554905,5.327276949933485,Female,0,0.47349927686884785
33.0,62438.35378455668,659.2981862204988,4.105692050900064,Female,1,0.7686383313167395
32.0,57808.41193765805,519.1981025535844,1.0709743206224598,Male,0,1.8626019160838942
49.0,49407.25186652658,635.5999088871132,1.3294407434827715,Female,0,0.6785093274287476
34.0,35098.49601300326,593.6678845413992,4.14797151098098,Female,1,0.8474453420069374
43.0,39133.40359845087,527.8328516216233,1.9377940675002783,Female,0,0.1753783025897055
33.0,54341.76609275988,729.0386096155112,9.003943484318556,Male,1,1.7403028730258194
52.0,28649.9480767792,734.6627361201018,0.5142585229348219,Female,1,0.5536267167343587
28.0,51961.157885273744,553.0461287764025,12.2688293734793,Female,1,1.1115186680631173
29.0,58115.76476092495,628.3816535806272,9.180204361423561,Female,1,0.42083199740334515
50.0,64778.30259213651,654.4318683072449,6.708966588818984,Male,1,1.6911414913089577
31.0,29024.64388309666,468.52382128721507,1.5229019131735524,Male,0,1.6829103861585082
51.0,69743.70945741911,510.2907273605968,6.275591180546377,Male,0,0.8924293476695971
44.0,75430.45241269903,778.6284436366781,2.888120413144427,Male,1,1.394877953018667
33.0,56152.27351570391,543.487310349743,5.022303406418929,Male,0,1.5838334175460695
17.0,34429.27127863009,775.8183108251696,1.8738630243495369,Male,1,1.832416032125533
35.0,45078.360674596384,515.458632561667,9.03511240745774,Male,1,1.474460422534941
36.0,49286.041323222395,715.8827777140402,0.2071113905578456,Male,1,1.544712593187897
47.0,54056.95263095835,618.8696892489664,5.879514817111002,Female,1,0.3097805160964514
51.0,50329.72328965404,632.9233730845633,8.81968777688953,Male,1,1.5795852466897713
28.0,54217.47714341925,835.5935913533964,5.198342312949773,Male,1,1.08936295701439
43.0,48638.798639913155,524.5813365681319,1.0659152494036157,Male,0,1.3183645501874144
43.0,53976.606417683644,709.4798196261071,1.6772292761161145,Male,1,0.8305662387915462
46.0,43092.14868258029,705.3489663557822,3.6170556902034128,Female,1,-0.1713627272085354
40.0,44927.19924526297,985.4573389166378,1.9982780990982687,Male,1,1.648701726064708
16.0,41359.622442849985,542.2869179768114,0.024642735334899024,Female,1,0.5341244526039158
33.0,78758.89301756107,587.4015206496563,0.20764305622398616,Male,0,1.4245419550652323
23.0,71958.51179261484,731.5922285832554,7.300101314651406,Male,0,1.617211104882843
33.0,58329.41285020424,629.9736140798137,0.4370964736912566,Female,0,0.61129504714705
45.0,69879.63495901608,603.694904326825,13.156963782889335,Female,0,0.7551540157556922
38.0,61976.920084668236,745.7511488323165,2.9235849190556062,Male,1,1.7157624327714631
46.0,52719.06739271083,623.343156369628,7.097945416445789,Female,0,0.26632261131596113
38.0,27416.429884704747,560.8140929618583,0.6705412009517914,Female,1,0.3291724598104213
22.0,46067.5411981229,722.6210154761981,13.05285415644289,Male,1,1.491487439352893
10.0,44974.431619724724,687.528800802786,0.17196782817430462,Female,1,0.3723478785200014
36.0,33003.87240361764,618.7153404394023,0.21525342650430188,Female,0,0.7716669189045617
33.0,27707.56588090076,613.9698481239978,0.2806605985453122,Male,1,1.8741334772372331
25.0,57390.790198505376,558.5093395059437,0.5457727471261169,Female,0,0.6747682932717923
18.0,54867.564835562196,722.5096855115341,3.3357565404543643,Male,1,1.140906424246357
28.0,32489.04529898582,613.9892182745625,7.762369137310669,Male,1,1.3727285661290964
33.0,38811.82240345716,573.015409642633,1.6769988797583055,Male,0,1.2324291038112487
42.0,67418.33409731246,521.4444832808146,6.847713715025465,Female,0,0.37769823752893716
37.0,36834.55229725159,689.2154357908836,7.4374505798655175,Female,0,0.4893140012838833
51.0,52561.983559007036,599.1417021087003,11.944928547320588,Male,1,1.7585485408941859
25.0,47153.32550648029,448.7324686010928,0.8087838656388175,Male,0,1.7929743925024217
44.0,57595.45206593094,529.6731210355954,0.7282194628343037,Male,0,1.543293723427439
35.0,37158.385210153545,626.6403064341017,0.6510847745712156,Male,1,1.6633286225137687
42.0,51351.252163101606,629.4462335082832,2.2260525450521222,Female,0,0.6159071054719552
31.0,52530.83866018816,625.645774962935,3.3609678852591434,Female,0,0.22938888304957822
46.0,53452.7120934383,611.7243888432439,3.0958543819439437,Male,1,1.1280718464908353
38.0,51186.1078694392,502.41462772635884,1.4856241188181618,Male,0,1.3611948012099089
28.0,55169.13980891165,562.5451475850949,4.864035919624689,Male,0,1.4077032598568118
35.0,82876.55498076216,768.3776986484102,2.0645157396011014,Male,1,1.795947849709487
33.0,88419.46665156659,753.6228126853066,2.279186145685114,Female,1,0.3215933709415808
40.0,40411.75788819917,707.7951782344052,0.5576199254870331,Male,1,1.3635140747091548
23.0,15226.355294712514,698.9502604040669,4.485276315771214,Male,1,1.4709786361278558
35.0,58932.42951082961,740.4755908065491,5.325119370884019,Male,1,1.1456498609008832
39.0,52793.78689851899,537.92052625079,7.0930593670349,Female,0,0.08547975143700576
35.0,65915.62788775371,653.2928366756948,11.717515310972422,Male,1,1.830449287774926
48.0,54273.28849572976,537.9732849353039,7.262266025375116,Male,1,0.9612693001486657
43.0,50879.059092885786,539.7085530234726,1.3442601528898865,Female,0,0.8846272161294048
35.0,66933.59893815833,686.8064937746941,1.3436811484557625,Male,1,1.715407150972218
37.0,69031.70882620763,744.6750439135875,12.330651895778178,Female,0,1.0663430736452177
38.0,29201.599118285027,630.6150865577462,7.806419977305761,Female,0,-0.06178294397120665
39.0,37750.90719290625,814.9000432209501,7.621956349316843,Male,1,1.7629473913218021
17.0,48416.10561066982,671.1784327045536,6.359717779465498,Male,1,1.2573751011262
32.0,51476.56435886875,572.3214467583489,1.5544259147410413,Male,1,1.266169424697844
20.0,46610.25194971627,541.3271448126328,9.400014685244017,Female,0,0.28566430844562773
48.0,56513.107667928285,751.8131484184717,0.7709140238503625,Female,1,0.6528051497587839
34.0,64941.57183975651,662.8459115739815,2.15405003843486,Female,1,0.7400729787229914
33.0,75840.64566081093,717.6047378169482,2.1268689356518338,Male,1,1.3279606389997127
44.0,58683.6953565935,384.2036739546758,4.106404596196238,Male,0,1.2319034409267045
39.0,37214.99482320335,674.4672034346938,3.1129175730428944,Male,1,1.4857743461481823
24.0,47789.35662203273,598.8225811503763,3.079154467284122,Female,0,0.2990365430858859
34.0,48869.71638110664,510.6240464083136,4.032390559678781,Female,0,0.3816564251493524
32.0,57719.60359971739,643.7317657051575,2.684294976234429,Male,1,0.9162034479613985
18.0,55822.520501509134,759.1813533654456,1.4382985722935173,Male,1,0.9823859116561773
28.0,80755.94976667265,876.6228286419719,5.455017313222884,Female,1,0.5735347614767018
33.0,43077.302971176374,674.215240732251,7.818341977681147,Male,0,1.1383250385354986
34.0,55771.258006502045,579.0853410038478,3.2599866358644713,Male,0,1.474797424159137
20.0,85320.67096616139,573.0497443481534,5.24173302113598,Male,0,1.5254665607506661
47.0,41221.89654644598,746.31323620652,3.8324971498145,Male,1,1.449606114959119
34.0,52177.23044255533,550.3125880847108,0.3040417731997387,Male,0,1.607620998510161
35.0,35826.79248313977,712.2427379527762,2.7502987519353406,Male,1,1.6202406457282628
39.0,51231.30349441147,679.3681189959617,0.04950678284691274,Male,1,1.5989806662980324
27.0,38296.742777935375,668.310139188288,5.421761410371993,Male,1,1.5267347985914264
40.0,65702.01355237019,493.1881410119208,3.548024035892917,Male,1,1.1830862349181475
31.0,52209.78288547093,614.3041797773675,0.6781338472827101,Male,1,1.0994832039938838
26.0,35969.0411002656,504.18422086423874,3.906521873233084,Male,0,1.3313810053598307
41.0,62608.51546687508,591.1752598683235,11.434838559548217,Male,0,1.8406247718638549
50.0,52694.99058307381,741.7138661520512,2.0812965177650797,Male,1,2.2032635055233794
42.0,64292.28165835182,773.1057903355565,20.190416519536384,Female,1,0.6380125747386016
44.0,32785.06058078377,671.3948649490885,16.017462134862747,Male,1,1.6073771920516111
30.0,55532.36618372992,592.9659487566015,7.6927970899117515,Male,0,1.8200912980880908
19.0,61600.12541967063,808.8099332360418,8.404668975071704,Male,1,1.9539289903195032
50.0,43649.33764646395,591.640936624382,2.6427875443458246,Female,1,0.39539291197519827
56.0,31114.95909547773,536.4313508190995,2.5753488814086856,Male,1,2.3709101229547245
50.0,49375.887569444094,719.6482967916784,15.438948156992222,Male,1,1.9763742394244987
32.0,68421.72940671393,695.7734042569707,2.280079571728023,Female,1,0.7884353675894735
23.0,66888.95495951085,595.7424089074159,0.5094598516275183,Male,0,1.2004550378278616
24.0,43573.57347866635,660.0225229569568,0.8285087004155839,Female,1,0.545219412612657
18.0,30753.718454353362,694.2159988851773,6.196255226240498,Female,1,0.14479495862674152
34.0,43532.30419475641,670.3678841051816,2.414276780928196,Female,1,0.3832115270400318
51.0,42972.83523902131,695.8938954964581,1.1116121908007242,Male,1,1.5237581096279782
34.0,56696.70174957166,599.4285138440026,8.404297100226543,Male,1,1.7262308260203838
38.0,48424.97745643818,702.6245044239599,3.3537346566350528,Female,1,0.3599739379778504
49.0,38701.03682394287,651.7557837583282,4.192497454674408,Male,1,1.9104793471327817
31.0,66563.94600891002,602.8189478463646,0.8358802834397028,Male,1,1.5726728872025977
55.0,52106.38801167251,625.4115237766725,1.0706353698025197,Male,1,1.584133926960847
55.0,56531.23479096411,640.2098164075583,0.6725509973487582,Male,1,1.3908548514652717
34.0,24125.218488030994,505.4621662938721,3.6133207504970875,Male,1,1.2213123490613744
29.0,13636.026939540716,586.3340753430072,7.472896002843674,Male,1,1.2074732185932542
42.0,28436.813278333877,656.4905515592786,6.589166040638352,Male,1,1.4568685013318299
32.0,42791.848615898365,514.9008964611148,1.5138487426538294,Male,0,1.603258600010444
23.0,58645.34026420713,588.007633818542,9.537541717785935,Female,0,0.5617261395607811
48.0,14866.296943890527,888.4644978371872,0.5583510562647884,Male,1,2.1138966813382036
47.0,73892.7809655798,537.0741635178806,0.6054736480495674,Male,1,1.2913073399051194
37.0,52558.49040155189,611.6186087349571,9.462462959151756,Female,0,0.6928528197164792
22.0,70404.42489424866,566.6282721471268,1.4013451597933926,Female,0,0.3363754353960945
23.0,36710.448762888074,638.3129996046663,6.156991418254094,Male,1,0.7890165993350455
36.0,57557.89901258736,568.508165686502,0.04560531316008903,Female,0,0.2329031671177169
30.0,51277.93894956181,625.6756876707567,0.4913788515259853,Male,0,1.2029273301205752
32.0,62265.29469581832,578.1452964850107,4.698931886082905,Male,0,0.9233957208553413
45.0,46493.12948600425,755.5127816369825,1.0070078700312726,Female,1,0.41781406206148786
42.0,57098.22813511383,658.1637037719547,0.14309670288012705,Male,1,1.5426513077425716
49.0,66532.929781568,549.702734303678,3.145669830765146,Female,0,0.4867027600292856
25.0,40232.35559162337,734.0796523832693,2.006273665538019,Male,1,1.5538880542843565
32.0,53633.66348734475,554.1733383969887,8.10393353751278,Female,0,0.7277124116162601
43.0,21682.066441664774,493.5919811088349,8.541569466125896,Male,1,1.5123913499108792
39.0,60537.545285950364,649.6957512567193,4.765073398428152,Male,1,0.7264748911898333
50.0,79319.93815193734,840.7264424339979,1.7338617298681624,Female,0,0.7118620995044889
39.0,31333.45928376957,467.23358710841126,3.0960150136788087,Female,0,-0.2507633610988991
53.0,48629.28109358085,516.9012078430903,6.057606565582691,Female,0,0.2004611729089127
40.0,63207.2195137117,725.2525663160844,0.35913738928331546,Male,1,1.249852428170434
46.0,50471.262101998254,585.767860038804,2.0210576333100145,Male,1,1.6695145296271896
32.0,52476.49327239839,711.1948567246543,8.640254299931025,Female,0,0.8431731751907248
35.0,44135.00837714542,566.2511093058054,2.6046200584744,Male,1,1.711619124132829
44.0,43577.71620368128,664.1962177409176,4.899721707513373,Male,1,1.616452793097678
51.0,48699.587696219336,824.4473925385489,0.506479321867445,Male,1,1.920710633630289
42.0,50625.07133209034,530.5410352978129,7.503948477609658,Female,0,0.3922138086661122
34.0,32278.381076340353,752.3760810137304,0.52938930249487,Male,1,1.901157140831295
49.0,49009.67021080957,717.9706796632087,9.88533656480721,Female,1,0.5840079878210437
13.0,73528.0090806399,501.0755748901091,0.5636101981507884,Male,0,1.4774367869887188
21.0,43712.99309616643,705.8900523741773,11.07712028129682,Male,1,1.2440606962890595
42.0,31441.175256880582,657.2806128862607,2.2609747405579905,Female,1,0.4455086234771599
35.0,47728.7589802036,659.1094009913729,4.897893267011662,Male,1,1.3571734479654807
41.0,39280.80781813555,683.6517566451703,9.37192046414857,Male,1,1.4916371100230605
36.0,29924.872620170907,614.9634155584195,0.05147112589258031,Male,1,1.7332251345977836
41.0,52087.52692598931,657.0098958942398,1.5441415074461529,Male,1,1.4907804514236715
27.0,39345.76944273383,674.1452425040288,11.948254427822283,Female,1,0.5450050799333046
41.0,40629.28749720087,724.6057938885529,2.456553592759885,Male,1,1.9540928066609502
45.0,52301.410705780836,497.28389666219186,6.127274945006089,Male,0,1.668847069750936
47.0,27002.38106956498,779.0885896491104,0.7541845430799503,Male,1,1.2962557238566301
55.0,23876.455246233127,534.4709656940787,5.671792207532222,Female,0,0.8359463806117822
37.0,60063.08291752898,726.1628464146387,0.37987701102966753,Female,1,0.31161145128300394
38.0,21037.495989138755,657.944509927278,6.317289727984235,Female,1,0.47372321566978853
20.0,35349.83457038968,521.8843657201303,1.956368577710115,Male,0,1.0995920833749855
30.0,23002.406969173437,702.8145469704004,3.135370961159662,Male,1,1.5570457965841824
33.0,42707.952997267515,555.4593360804829,0.9091694644089927,Male,1,1.9093314102763088
46.0,56420.88121476748,756.879555515764,4.942278203722775,Male,1,1.6843870273856696
29.0,51685.06923098565,578.9165161498756,2.05918403755613,Male,0,1.460356867562291
43.0,85878.10084185927,500.50139023946224,2.4174711461933245,Female,0,0.5656473056364824
35.0,66303.734266835,803.3845105036295,5.280536674931632,Female,1,0.34695918157154343
33.0,36032.63224765098,668.1323671236909,0.9853184169317776,Female,1,0.7419382195751463
37.0,32044.174927603843,736.7191125761316,9.553015493639748,Male,1,1.2141045038575498
31.0,90600.31911463253,564.8528121246633,6.72166406774802,Male,0,1.5752763176218694
31.0,65938.58008600044,460.81894632917994,4.310551832713317,Male,0,1.928142543485669
18.0,58840.54410904358,817.5202424087777,0.6867394285046224,Female,0,0.3626074391947879
33.0,51122.77718323427,649.3573187821052,5.809513056052755,Female,1,0.6963187093989703
30.0,54102.82351212526,699.1351894163547,0.09132584660970876,Female,1,0.380794661418032
30.0,27768.90086776361,715.6595780598269,8.158310285306955,Female,1,1.0070429120707551
39.0,52355.58755295152,616.460894698431,1.8105749768713186,Female,1,0.568500120336649
42.0,51068.47096188522,672.6229547615517,0.6233484432849916,Male,1,1.5201773884149008
37.0,36437.917353477795,809.3952592505444,0.898558551377453,Male,1,1.2527144191345587
45.0,41922.10319647282,646.755877112067,16.502381858061707,Female,1,0.7968501911474986
41.0,72727.64590165333,744.2101316419576,7.432350987999432,Female,0,0.027443321084080596
32.0,48122.37619557706,450.8753019969379,1.3582036170701786,Female,0,0.8801173281676584
30.0,81067.56953799666,762.3760630319215,16.547593045799683,Male,1,1.492294974087032
38.0,23889.80845268925,497.79957019940264,0.7547986272397884,Male,1,1.2684362115288452
41.0,42168.04720661378,750.9408824033501,6.612415745189227,Male,1,1.329909868493906
49.0,26790.821731296215,689.0631220451271,5.3463300720211056,Male,1,1.3549632242606908
47.0,31858.663191622483,640.4079323926122,8.6151827976837,Female,1,0.23490443887846169
30.0,37576.91441511054,640.041177879207,2.403897166580464,Male,1,1.377042348787234
34.0,54729.644401558864,624.7268906642665,2.5694470477638927,Female,0,0.28609378699082855
42.0,54002.39256620581,567.9330480556437,4.898376507919781,Male,0,1.9169831451636123
46.0,39810.64520558592,629.4023721369954,2.5391984053762755,Male,1,1.7282727414415795
44.0,16583.006639951273,870.8059077509089,0.2111508271290911,Male,1,1.3996283912573482
34.0,72165.39309548229,780.2306710784729,6.541262702880348,Male,1,1.3102270363082387
22.0,45713.529259454655,562.8996821477566,5.1214132979640485,Female,0,0.30166843167531365
25.0,33255.647445482915,676.7687402327288,2.7557457678755695,Male,1,1.2980565589243545
38.0,54123.96171605131,659.5979163236432,1.8036268283080008,Male,1,1.1704792466977623
38.0,53066.67755784761,635.7706556990329,1.9336523010198192,Female,1,0.7439554082589743
24.0,45159.85302500052,549.7222443362521,6.755188698258671,Male,1,2.000572402085586
35.0,52227.96523462257,694.5897984806652,6.531151418764996,Male,1,1.38144335035188
41.0,32674.552393879723,734.6071629914636,8.544038164558646,Male,1,1.064181369285464
23.0,61398.69264764726,566.610131493322,7.181214973237807,Female,0,0.23808027925108455
46.0,35046.99357864694,845.5541417289207,7.09293504796468,Female,1,1.040065917628163
31.0,40916.45517044852,802.2003249235554,1.450245919623935,Female,0,0.3516535020019201
48.0,59732.02724227363,704.8165558951232,0.5357692502655096,Female,0,0.8059881631546473
30.0,68059.3844751535,526.8280297331187,7.172221238310347,Male,0,1.2025089664787147
25.0,73786.61852069508,690.1408625984562,0.5191307983421041,Male,0,1.728298615141722
30.0,65836.97357699857,678.1978001564465,20.117959682650508,Female,1,0.5048527003364349
34.0,45138.91724297327,701.3155276218497,10.400779681995216,Female,0,0.9092413617201514
31.0,26884.503963493058,809.0464272289736,3.812074755439314,Female,1,0.3389365619081026
33.0,71075.83378404341,632.402594538338,2.1707395111985854,Male,1,1.807879091439053
38.0,70560.43983357464,854.7826579655743,3.741640488241333,Male,1,1.4853114542697752
33.0,39920.35769969756,690.650434599375,6.626971626936084,Male,1,1.4520999550947244
34.0,63817.835567368405,620.9536824338735,7.059701700590747,Male,0,1.6796413433046866
18.0,45017.33309103892,889.9377206706412,0.3826020838360802,Male,1,1.5057173292400023
39.0,72519.15325267593,732.989190002009,8.17003884447626,Female,1,0.24668739888552754
34.0,42277.03006394327,604.5266113042527,5.1290923934157036,Male,1,1.3437476741195484
51.0,79679.76931322756,658.4216588946442,0.20712970672007394,Male,1,1.011855118510046
26.0,61791.80821397369,713.5233021854534,1.8782783306720818,Female,0,-0.29137481669465837
17.0,76963.1726702898,634.9138973214658,3.573298304792738,Male,0,0.8583574845944327
41.0,43043.04095525181,663.390786904495,1.0440555917160468,Male,1,2.201464680740652
38.0,56075.444066662894,568.2796396337278,0.8435167085051183,Female,0,0.1710683769659636
25.0,35460.81202483452,481.4805469192092,0.07192060918426606,Female,0,0.30663192251235716
20.0,62659.83878178795,660.6419322744712,12.12662510044739,Male,0,1.2494270630155866
50.0,63485.62299255687,664.0027822225887,0.2887173925914459,Female,1,0.6669447862777758
49.0,85955.3587730178,702.7119591557854,2.278621698173362,Male,1,1.7321369493718475
10.0,57230.59695829474,592.3810292893803,1.1519212429883106,Female,1,0.5887289242242351
30.0,60861.413037591396,515.9445705459335,6.755275166005678,Male,0,1.4752122877545772
52.0,42937.54435244328,553.4675530252651,6.141065494780385,Male,1,1.804630318524869
30.0,58120.690589528574,755.5633756839825,8.205221155057552,Male,1,1.3177041004955312
30.0,44301.63186968624,583.3388687792428,4.796099480383588,Female,0,1.0126422107993056
32.0,51737.91138263,605.7919014196239,4.478191842418764,Female,0,0.527574030860389
24.0,52617.73492318693,618.7586436168888,2.6137380070778917,Female,1,0.11784941592482412
18.0,44715.426899762446,588.0723830713209,5.057936685350014,Male,1,0.9510549671437856
46.0,50944.1764481299,580.6789172467167,0.6119998017867644,Female,0,0.8765336795995997
17.0,44370.57245429869,562.887643536619,5.768186621515331,Male,1,1.4114033151982046
37.0,44304.03312449241,790.06565745682,0.5485038149469996,Male,1,1.4191096277174458
44.0,66149.96977253407,718.010068334293,9.893093017542098,Male,1,1.814995413574566
20.0,52631.20462739617,774.7820773150238,3.5228893719026324,Male,1,1.9128578348207514
26.0,55205.99408300416,794.9339756460838,3.7789112204946527,Male,1,1.697164306922136
47.0,28140.428465216963,415.01202025670193,4.395668451949101,Female,0,0.675626326571507
40.0,56351.874977455846,684.3454642028076,7.481718125187337,Male,1,1.4760240560334352
29.0,57956.35195962857,591.3821366101681,3.2549483515625885,Male,1,1.5529750356653402
47.0,44024.92065966871,761.6809644353349,2.7894819791019945,Female,1,0.15567626932161688
47.0,81275.44514391037,575.8528796757439,1.7007290771946089,Male,1,1.54201814456499
38.0,15661.59103723902,544.585024363629,0.6850549153056229,Male,1,1.6777646905661638
26.0,61765.50703655819,506.59541393468976,1.0557200548813137,Male,1,1.5137393952181348
31.0,60692.07207432293,619.7325089021198,0.0026399152217626703,Male,0,1.3514326383655568
38.0,58123.74397999118,741.4945262528311,10.178909161387972,Female,1,0.2990435413222162
33.0,52643.190584579344,675.6167216861312,7.2399636876237805,Female,0,0.6909352574077826
44.0,58260.18983937556,529.7351734863856,1.2338679527996526,Male,0,1.935693661138815
20.0,63022.63219333841,865.2659090361891,0.011964757106818751,Male,1,1.3717831125128304
20.0,39111.68624252009,714.9538639491568,3.3875140209737067,Male,1,2.3579127899816505
37.0,54487.93433270134,727.7410115757687,2.660018176526079,Male,1,1.991903141551706
30.0,47250.24736965044,778.5028827347658,7.480693935633758,Male,1,1.1602186010434534
29.0,33593.47399661737,485.978441137422,2.578315751240946,Male,0,1.8754982472403283
17.0,60757.549619199344,558.8565861412118,9.979651022653574,Female,0,1.0205478225802613
35.0,41534.5936297395,732.3011356924272,0.5037349222528599,Male,1,1.6696636249968377
34.0,27532.119878307993,568.9261671978524,2.277412554373404,Male,1,1.97300507837192
42.0,41913.34008947526,622.4986527744952,13.586027314689002,Male,1,1.2674961460505487
36.0,38016.51652860304,642.22593471687,0.058994785301536436,Male,0,1.3609820188535744
34.0,65427.18513785166,522.2594611370082,2.4779564882521847,Male,1,1.7260273792152783
47.0,52297.897108371166,613.918281786636,1.5035208662640245,Female,0,0.6029229749542804
22.0,70735.74118534909,741.4503217351833,3.794947128608567,Male,1,0.832545688392221
40.0,40001.65653150431,722.9453889817842,1.633963773558569,Male,1,1.7891095197539402
18.0,63112.54807844749,761.3014661967468,10.197568679856845,Male,1,1.6108219037036313
27.0,92594.34372211869,750.9875873790796,13.834087268731261,Male,0,1.492999650924658
23.0,55340.487006907104,690.5873925702584,9.456826112499922,Male,1,1.5375416743999881
43.0,62924.73293484729,682.66784983097,2.542207716627407,Male,0,2.171493842710549
34.0,60402.764963381094,675.3330760106618,22.992842891252955,Male,1,1.8037990500545678
35.0,28668.8700886126,587.2952832746039,6.640812531260788,Male,1,1.241710591161539
24.0,58787.25946201176,547.0055276279386,2.1972474795712222,Female,0,-0.3394921283527662
32.0,54596.84480974353,581.04026538801,0.4918849047699015,Male,0,1.8557898924810943
27.0,46103.78924902536,617.3970683442531,5.498760936254489,Female,1,0.42976564936795436
39.0,36739.454386926795,584.4174055257224,6.520207919223927,Female,1,0.7229432914417302
25.0,60409.74860490556,691.3831738483916,0.6531587625984283,Female,0,0.6794837363116757
48.0,35413.94390584068,670.1895216064252,3.989609914420577,Male,1,1.159816036754108
18.0,82004.68407022845,680.9323498720219,21.74798466233089,Female,0,0.7833450606247644
27.0,51712.53625232192,685.140806591578,1.9744221755974158,Male,1,1.2278674135270118
52.0,31650.394283202448,769.5663937784533,1.7969289493385268,Male,1,1.9664019326867697
31.0,42290.055825074916,649.14271076129,11.680821384539213,Female,0,0.959878841998124
22.0,45827.98492565274,750.8369433834612,0.6245068058778782,Male,1,1.4259571557645154
37.0,86185.64980885768,701.6585357979168,13.554835007300024,Male,0,1.1205566486757224
30.0,36731.16579785755,762.9633536635085,7.558994511250539,Male,1,1.2633039267649493
27.0,48256.74105122919,811.4629834386571,2.478374956525649,Male,1,1.6353216339001766
24.0,41932.574452024666,707.664957997907,0.4362258598722011,Female,0,0.6883425110503681
63.0,57488.87728372496,660.3768249671998,0.09680378507046858,Male,0,1.4884638146434281
32.0,42171.74879442433,659.7307817443308,2.3566721433352593,Female,0,-0.2478650369422214
16.0,32914.15000790435,602.9833920438161,6.109896164872333,Female,1,0.33370752750399274
50.0,47070.58130305702,599.6227853423944,3.34255785742392,Female,0,0.38572567771564437
41.0,45509.092350016355,740.2117163311535,6.709510081426043,Female,1,0.5317020332175915
27.0,41116.334335639796,553.6329707552444,5.551969835275402,Male,1,1.7994848415028193
26.0,41917.84461654324,811.4772635562226,4.253769671312498,Male,1,1.1442080098333889
42.0,67770.43696821504,634.827674709598,17.13243452328688,Male,1,1.5751827273213312
33.0,45203.89678598744,936.2077893122814,6.516837870086908,Female,1,0.5561022676129898
16.0,32988.085062823506,580.6884573170382,12.302833375749104,Male,1,1.2584040414778064
53.0,43068.26054300216,675.0188919980335,1.386418710289207,Female,0,0.969015173810299
31.0,50815.03489198089,614.815072975158,6.252521075603709,Male,1,1.3348994243263064
50.0,29955.95545172969,570.6915908456729,4.554064605251147,Male,0,1.5142691816765534
48.0,74389.66940009598,756.3800350878719,12.904627794772598,Male,0,1.384140448790116
25.0,63013.69216259408,539.4445805602194,3.5713742063951543,Female,0,0.23454362743730006
45.0,71452.59115428169,582.3925493025765,1.6400305314665151,Female,0,0.29163197093263227
28.0,55881.92188231524,708.631970891491,2.429355962050611,Female,0,-0.11176058976249581
16.0,18594.538248048495,724.4960810949405,1.2348111704745164,Male,1,1.7557531076705857
31.0,73030.0057495777,510.8114578772479,1.24213371864317,Male,0,1.3641258095413313
39.0,37046.474604351606,708.1676885215375,3.1783701715189983,Male,1,1.1605250480123317
30.0,38267.19883996852,662.8899913416338,11.154524824094285,Female,1,0.8071571535303899
32.0,52344.877159331656,558.227664213847,1.0651576457707599,Male,0,1.3416522074447268
46.0,70673.44770005225,571.1118464664446,1.6974740849606065,Female,0,0.5204167327665885
36.0,65799.307009286,446.6548572051599,9.5862096695514,Male,1,1.7140277108381832
27.0,63594.21680264031,821.7444427797577,2.071946131009964,Male,1,1.3116684544436947
42.0,45322.5942068817,751.5420414977007,16.40553864010657,Female,0,0.25615140789156193
37.0,45085.88710861832,521.0854989821781,1.5661638212684035,Female,0,0.862564305186942
10.0,55189.155019701,729.8907672791796,2.9182668888593497,Male,1,1.633179176258312
39.0,48048.93738074701,592.5977656050334,0.5024726422909713,Male,1,1.2938737690005473
39.0,63339.76860994029,741.48105363497,24.25266591662608,Female,0,0.1877143807176374
35.0,62451.7649674284,600.3926430840918,11.042835323545612,Female,0,0.3581551558186574
44.0,58870.11981759058,613.6645904892042,8.50673137900701,Female,0,0.48629554550587123
28.0,12110.580773459318,621.1652732242335,0.8559732783562566,Male,1,1.5907689996445602
38.0,51919.82545515896,584.2644658338687,17.426927749769327,Male,1,1.4479026901137344
19.0,48367.191789009485,789.9271375233304,13.23604229757867,Male,1,1.1777458200406374
39.0,52520.384026392974,739.8526993081479,2.860593237252334,Male,1,1.0849199983088242
55.0,38685.1304218039,660.994853833328,5.722815655443309,Male,1,1.4745623913663455
25.0,30128.211344011623,752.456816398581,24.436622948975813,Male,1,1.5042606309907267
27.0,56947.0771996256,487.2928284754541,2.636005019690288,Female,0,-0.0388968692552083
28.0,44655.48023401907,527.1541221448967,0.5998090382153066,Male,0,1.4666996559499128
36.0,58620.39490561399,697.4554762357963,10.116403886462013,Female,0,0.21101854756554606
24.0,39936.284334728436,723.5536555807889,3.235949110158225,Female,1,0.3642524255007582
39.0,71238.65960739015,677.9407546255752,21.70229533357209,Male,1,1.1682161890949678
43.0,65015.97263856145,461.7305324921681,4.002469007262954,Male,0,1.5865543328441554
40.0,54452.406628188204,543.7665475662252,0.14960399725753717,Male,0,1.5155906597322795
17.0,46800.673799210796,691.6591866504168,3.3836825128546417,Female,1,0.43251385251429453
45.0,62786.133166972955,892.6472289241267,6.330342745433458,Female,1,0.6616523280259625
44.0,55888.21722856109,771.7912665058428,0.13187402796069234,Male,1,2.156399990332858
43.0,53578.762818959076,807.7304298470773,2.6674758558462477,Female,1,0.44882037209371695
39.0,65642.98114339414,683.97254221903,0.8454091529691167,Male,1,1.5120212366482277
37.0,71398.0423160996,683.2490980789377,5.1514537066430055,Male,1,1.3912307867720044
45.0,31213.83223271683,546.6514532743925,15.773153387479237,Male,0,2.2460338071960315
54.0,34244.23838975291,745.1822053051617,4.898614720056887,Female,1,0.09949455263462154
25.0,38296.08911781803,642.6818297458997,5.935213100347796,Male,1,1.7468127802876516
46.0,27463.631035346723,719.2732375463719,2.5255673496690587,Male,1,1.4207391709170236
34.0,49058.77211646273,653.0686352880934,4.1407224521749875,Male,0,1.0984108856991408
34.0,59001.746828667594,677.911842475074,3.924752389897845,Male,1,2.0146543088998303
20.0,49678.725575714954,641.2271883701378,7.1273873564741,Female,1,0.6544019446508028
32.0,41988.17537580657,672.4624697822893,9.721464932549427,Male,1,0.8553706233987428
25.0,66896.86635693737,750.0076557545231,5.436669808126586,Male,1,1.710034687664493
30.0,52108.346048101244,523.3770470930776,19.512542541754417,Female,0,0.8911193640857109
24.0,55144.74451049478,500.707757368489,8.809694550642032,Female,0,0.7659192986944459
31.0,67313.5220734964,692.5864577638899,0.6656387928609684,Male,0,1.497859343967395
31.0,48151.37091723299,794.0574297907617,3.541054335510952,Male,1,1.6801845986196382
36.0,80903.21108937022,819.2744616801082,11.67740533976633,Male,1,1.4112911239415475
19.0,43282.77494192351,527.5589782289928,14.406206028521124,Female,0,0.675425910461397
21.0,79969.2230676935,609.7126164597627,2.391840074409362,Female,0,0.8831634150614802
39.0,35378.97227131369,502.07847455550905,6.467738439946706,Male,1,1.964673689231844
27.0,57762.273543206626,594.938837361288,2.642788591436988,Female,0,0.4771427336195816
46.0,40362.017467906444,762.2848095049362,0.660004092351623,Male,1,1.4680653726981754
37.0,66793.49175471638,648.71082164416,10.79724446319693,Female,1,0.40125398803258816
41.0,42826.51088212357,612.6125920376212,13.437792197179244,Male,1,1.6252095723156346
49.0,54363.067859661285,704.508575641121,3.5134683306326444,Male,1,1.6263283725386768
32.0,40241.87005937646,570.4947910190529,0.0923854282567863,Female,0,0.3697341794752214
29.0,64058.377604999216,809.2978364881858,8.465082777183365,Male,1,1.7259658362599883
44.0,40163.73109041291,650.7284972241473,3.240490181015038,Female,1,0.3738040861431945
40.0,75251.22267114003,609.82057570401,0.38996099370668474,Female,0,0.29123046583899387
33.0,35060.043395579145,708.6849234795611,1.0498502882638494,Female,0,0.28258188890072183
49.0,29815.5812250778,743.9286160211046,0.8250769224881711,Female,1,-0.017576326470844617
33.0,64273.281171186296,809.5975240149259,5.796253984875253,Male,1,1.46947457392364
35.0,41125.345396047174,629.0031093741836,1.7791585896791875,Female,0,0.44220235455540347
35.0,49891.440298256966,758.6056522693717,0.683055033496006,Male,1,2.045314115274457
26.0,45166.38269246419,660.1211611899997,12.483812845502731,Male,1,1.1803751659854533
36.0,30310.875992709647,588.8619979026305,15.678542981352228,Male,1,0.9393023115209712
49.0,48845.09503792493,572.3188470995765,0.7458414871441593,Female,0,0.8849279635262083
39.0,68973.73842458453,540.3016556366996,1.3083555702729501,Male,0,1.526087587878956
35.0,65047.05504958348,575.8306001110886,4.483920148738919,Female,0,0.2032111684189638
33.0,53476.89143938887,761.5706621760085,0.8155828902615199,Male,1,1.555970751065136
38.0,66684.0243955266,720.6709601786038,0.8633911746445047,Male,0,1.1825863163259316
42.0,34107.22122958735,525.878834405805,2.0517051938352098,Female,1,0.3322128940884911
41.0,45118.18506642491,475.3609079785065,14.8963754809862,Male,1,1.4031646602547652
32.0,55937.07411095312,538.770684420359,16.40937051145425,Female,0,0.6407961993395913
38.0,48043.77759774333,572.3263791752852,9.219104761154286,Male,1,1.9269102130669737
40.0,46297.650042851645,619.6734289422991,5.9489183713761715,Female,0,-0.004422873764748592
25.0,31990.34401518357,767.2863523008714,6.376867251182463,Female,1,0.07648501038370914
37.0,18779.879170359327,595.2283141100334,3.1703632030279607,Male,1,1.5648923023113224
13.0,62267.99637424454,818.0499960177274,3.776758172423753,Male,1,1.8198167084636383
40.0,53648.32359878339,481.98001076786323,5.0317974349600085,Male,0,1.1262145453546963
42.0,63529.97567315139,615.1367479237693,6.570550171973501,Male,0,1.24089964140248
42.0,43441.46086762438,728.5548669136401,0.5093119423963145,Female,0,0.4010268197364376
31.0,39308.33172758609,734.7205252366434,1.2737323314691622,Male,1,1.3638040050458367
38.0,50098.219499549516,616.4286043611608,16.476515868078906,Female,0,0.5877778588838474
49.0,62812.99472919224,750.1753433784197,2.0409109711832167,Male,1,1.859922567704483
49.0,46528.21677518519,731.2196442506882,1.5631140196282045,Male,1,1.4477081917659385
35.0,62026.77776492729,581.788534068749,2.740139914245398,Male,1,1.612110696234276
36.0,34905.379916103695,681.4928468444422,1.7189399107835681,Male,1,1.4852153488170108
46.0,47578.29300245199,720.3613284076845,0.47804218042674235,Male,1,1.8362931143092887
20.0,48948.287838829536,588.9465232427175,1.1657240624668077,Male,1,1.1703067593926861
32.0,68395.8491588288,819.4325450269163,5.110476141249918,Female,1,0.9351696150848843
48.0,53114.41097023863,566.4638053382357,1.26274953690828,Female,1,0.2516083222433486
45.0,76191.16277441292,664.4092883294512,5.215895430592109,Male,0,1.0951890639346225
39.0,29784.72800078776,525.0222683580491,0.5272520146182168,Male,0,1.27813724374028
20.0,51948.78356616919,660.336019866256,0.21389218966836168,Female,0,1.0151752066438977
35.0,52690.97058770669,543.2926783929178,9.886868781296462,Female,0,0.43814012028634786
29.0,59301.39796380301,620.5870858670737,7.136127548438099,Male,1,1.25420511258417
38.0,37799.600953266636,491.3402438678903,5.483485861069881,Female,1,0.5314734563804538
27.0,75266.69509116255,729.9813400325721,0.15693340860403898,Male,1,1.5848048080833825
25.0,50194.45912207639,685.6280049741607,1.3679356074781126,Male,1,1.5988838721639873
14.0,33693.98730597623,758.74105536367,8.364933341814769,Male,1,1.4822571707686132
47.0,49759.625143795725,615.2194835360164,0.7813259486503744,Female,0,0.7764044714127687
31.0,45302.577156798296,763.3847366880998,8.379316126053965,Male,1,1.694025314164725
37.0,91748.52713370993,653.9279645394836,4.388157969724358,Male,0,1.2478667798958825
35.0,65749.1539928752,661.3167459428737,6.742457258973861,Female,1,0.7168413314212808
24.0,50744.92033562326,861.4053325351938,5.171249705960655,Female,1,0.5365252869431785
22.0,48321.24972201193,601.5324035061396,2.6977510993234946,Male,1,1.2969852600930738
25.0,64265.85293722198,772.745903115485,1.7263959635837247,Female,0,0.22941854254398952
28.0,64982.93240492322,697.9684940547613,5.584836254126478,Female,0,0.8195494838934769
39.0,6326.7512101902685,592.8095107754517,8.223069011554745,Male,1,1.5647547991111495
27.0,59644.89732100001,518.4309109536528,0.22882007774658036,Male,0,1.206820360592232
52.0,50419.4981596794,546.691494954451,2.3894446531918763,Male,0,1.5339347594753205
45.0,30332.84267319536,763.0674797854512,2.1595314586737806,Female,1,0.4155202144605854
43.0,63203.21209436265,823.4399526836957,4.098893196673546,Female,1,0.8020043687936276
34.0,83692.82020337398,659.1439903210226,0.604768727422689,Male,0,1.726344038234519
50.0,58351.93920241671,664.3881762621123,13.54671093723218,Male,1,0.9070134314627727
33.0,66506.42663385297,727.6453433156487,3.976013246578879,Female,0,1.2949931307001936
35.0,77061.78637946605,657.3302029353185,12.868873208315536,Female,0,1.203794312326239
37.0,37546.06773919922,759.9700037970322,8.489731778113967,Male,1,1.3313164954744203
42.0,22136.428322496242,679.1622250663185,1.0637318386718646,Male,1,1.101799888990967
41.0,59852.990949642524,663.5541313652443,0.7097710388539462,Female,1,0.3564784894103389
30.0,46285.82695337824,580.0787152505882,9.875416280467542,Male,1,2.029394647236492
30.0,29387.398214426856,555.4732920526718,3.840433735176652,Female,1,0.7442824927132873
41.0,48827.450957963105,334.09119864547574,0.09970119810088826,Male,0,1.8884082862900984
42.0,60913.2106068593,773.4116799941871,13.607710172677134,Female,1,0.40633004706857867
31.0,47765.4250285346,635.3392944777675,3.2030431034211073,Male,1,2.0395972383695873
19.0,38197.58553897444,609.9602655264218,1.790067066106127,Female,1,0.37108810178001717
33.0,46647.39409555234,454.8292703614567,3.634532034276792,Male,1,1.2633521014442253
41.0,49707.853020479815,585.9887234227648,8.655722908377019,Female,0,0.8512427003391743
53.0,21057.766060608767,572.8313541717105,0.5843139306557942,Male,1,1.185493701785095
23.0,47858.3757024396,570.5226912769225,2.22310576201536,Male,0,1.2760070945294764
31.0,29834.892917826623,683.2836143152628,1.919986055758332,Male,1,1.2318372894782743
31.0,59885.38928031644,662.2248553196004,9.151966797855838,Female,1,1.0918959779692712
49.0,26584.36136619833,513.8704066380294,7.535924810786519,Female,1,0.5708528492413099
35.0,65190.38306826404,520.2158900092668,2.554995148807474,Female,0,0.874323188933287
26.0,43862.52396179088,520.0321447669634,5.460492393302482,Male,0,1.4316923755871875
41.0,41855.36439841982,831.0526087567177,2.508053412719132,Male,1,0.942645677817355
31.0,54416.818959529584,799.272262869163,4.2351509280991815,Male,1,1.2224214806708962
23.0,37009.483321649124,564.7701000900403,23.673715475992463,Male,1,1.0137416281588678
26.0,54181.186311950965,452.3405680004269,3.8347702527843164,Female,0,-0.2555957845560509
52.0,39018.368379674444,662.804424301252,22.359639789184648,Male,1,2.080025959282407
39.0,41648.98231512846,654.6940116237672,6.87576540685262,Male,1,1.1756881902033436
36.0,56080.31253993703,681.6916986988398,0.6432724646387731,Female,0,0.5041218486397977
33.0,32921.28899398426,724.1373892477333,7.9473472934675335,Female,1,0.23485738228294445
38.0,31034.940473564646,695.1703953395942,0.879425425773943,Female,1,0.23714261962818428
38.0,53723.382611155124,538.3560468499746,3.7999469218139232,Female,0,0.44619556162412455
38.0,49596.50221265923,679.4041087164018,4.749822338012994,Male,1,2.1343359335544285
36.0,52530.39117214088,735.3823575335655,11.138800881859634,Female,0,0.15406237362703407
44.0,54914.58855082131,577.5998276996627,1.1812972637639385,Male,0,1.7698665272423924
35.0,50860.63330710472,679.9956468755859,10.435033320528236,Male,0,1.3214319311513887
25.0,59121.389359506036,594.7219282532192,13.628050586589966,Male,1,1.0194386203808157
29.0,51461.544304679875,849.616972094123,0.4687374391461016,Male,1,1.9279864888977931
15.0,19890.441504870454,517.317286113298,10.82652758100764,Male,1,2.062031050524187
55.0,23781.731080072168,765.5948936528602,1.4999883189393488,Male,1,1.6229966093634165
44.0,78919.23770363124,482.9187238574731,0.4223509484349046,Female,0,0.6248886862424902
27.0,50001.07800588295,829.3052685216608,15.91927583825478,Female,0,0.499521166301282
32.0,64253.624775756456,535.845093257559,2.4895756800555877,Female,0,0.4570955445576851
29.0,44814.44141559386,668.9671543989336,4.877331697694618,Female,1,0.5329031965275759
50.0,49129.773584091046,487.0806813303195,4.0245643815662815,Female,0,0.5831516269162642
21.0,43199.53018593734,515.0018882978289,1.1987910974877525,Male,0,1.3746347621529376
36.0,86988.90997192048,739.7747047624622,5.536737572034044,Male,0,1.3681833351041492
34.0,53798.636335462135,752.8162311469471,0.23606074174597452,Male,1,1.1780711754326305
43.0,41977.131417407036,673.9358932367647,1.1350985590870832,Female,1,1.215312099896527
34.0,25226.90429854714,724.1081665490241,14.471635433585616,Female,1,0.691126239713654
17.0,79606.00164103779,754.4878742653973,15.342323993196148,Male,1,1.5586536450359658
32.0,47550.82422157545,581.5823136200686,3.2952284319005445,Male,1,1.4724816747507135
25.0,61163.436793423956,510.1038565683185,0.926059081346502,Male,0,1.8284225926179545
36.0,62839.95935459819,648.6296613797206,2.7376214620473203,Male,0,1.5179703057023899
49.0,43057.54214854444,592.2798814102791,10.48073484957242,Female,0,0.7477241860306167
18.0,60086.791630792344,688.8621480200995,0.3643270922572766,Male,1,1.0593920923244085
27.0,40937.92569872574,704.8028612087926,0.6840757608369257,Female,1,0.6656147844520329
29.0,35143.604569408766,581.8349209430719,11.300159590249494,Female,0,0.3572881860644972
31.0,67466.97038768319,720.4108542966443,2.6839951620450004,Male,1,1.791509647050853
42.0,47627.15930266701,715.4138375951309,0.43574023241899584,Female,0,0.35550270806925527
33.0,57777.69250403983,722.331757888902,0.7495181733717,Female,0,0.21538265465188094
39.0,56163.814908226566,609.2207622989407,10.704380019976654,Female,0,0.5481021633886508
29.0,59568.97940082933,727.9922164828575,3.367736316339385,Female,1,1.0619374500722079
37.0,26651.94598697563,702.0002280675193,0.8896220393605576,Male,1,1.6912448842814949
43.0,41220.64203025445,714.0184644756561,11.224400347800504,Female,1,0.44567409220314513
28.0,45132.87263755363,817.7788563088526,9.330655338723693,Male,1,2.0385106430422333
43.0,37527.81990647764,682.7774189925411,0.11646263862387583,Female,0,0.10279581141931166
36.0,56435.10272024581,589.3037776002533,4.349303750744436,Male,0,1.8647741536518385
45.0,67803.39616393847,538.9545469000536,1.40079653358294,Female,0,0.8375595153108725
33.0,70177.76983019448,762.7936159993822,3.8085844077725644,Male,1,1.5323879309868198
39.0,44911.92852185175,685.7307676035448,1.6374418884435074,Male,1,1.6133374457897955
35.0,54379.48793686861,817.0021988320225,1.8980825091336337,Female,0,0.40590823636006024
34.0,56684.65256735149,447.044780879953,4.604664103988345,Female,0,0.33220452406909584
38.0,59318.84141305294,741.0667087786442,3.870259057063209,Female,0,0.5023786641331848
40.0,36827.973903910344,623.8862664579372,2.5142244219447347,Male,1,1.3573015015719532
23.0,77308.7040239745,614.6479005118829,0.5690246357032118,Female,0,-0.14450597768237927
49.0,63897.80276519667,573.5192159851409,17.43768287248258,Female,0,0.9002044282116572
16.0,64289.740155386615,739.9571013885143,0.959469431341743,Male,1,1.7427117669911871
28.0,68051.90085350595,711.3536177283224,5.013564752572676,Female,1,0.30849050685841295
34.0,58012.03913398977,535.7617974960559,0.43184752991397535,Male,0,1.4622453882214845
39.0,34590.29865423541,666.4921437925071,5.828776312981682,Female,1,0.1896531927323844
51.0,47915.4090266734,720.6114330680471,0.4982165800806584,Male,1,1.8212462652425836
16.0,25234.199074071268,667.8010525925906,1.3036322518764458,Male,1,1.192852896532766
30.0,56226.08764548626,760.7840300026938,5.206226474101287,Female,1,0.7233164583248926
14.0,47461.7951275168,620.9961456110817,1.6629452733149956,Female,0,0.8580696045177083
35.0,49392.16424709602,424.56423268955257,3.805533093414937,Female,0,0.6152250654135277
38.0,68060.01695128476,668.6717560768236,0.6648314378460962,Female,0,0.443278782300482
51.0,43145.08942165311,668.0625769405079,1.13074368222912,Male,1,1.5878793423520516
36.0,46218.152618418855,681.1186496704354,6.617084373458962,Male,1,1.4326131115933465
45.0,50329.59943944825,760.6979097967701,0.178855423313979,Male,1,1.631674756231732
41.0,22400.11625879551,454.75367467066934,0.592792861982286,Male,1,1.3870037894358618
31.0,46009.04516356995,626.151669566734,1.210077677608017,Male,1,0.8822030843107785
21.0,12713.07631570725,557.7342191998449,0.10198587145294245,Female,0,0.16334899741375403
38.0,41217.17657156391,529.1969611881515,0.5011943712273728,Male,0,1.0438220780731982
20.0,62827.83580089241,642.7701000437107,1.6521927234810698,Female,0,0.06003423825177262
48.0,56708.99837376604,720.1822030280675,0.4876091021045003,Male,1,1.1241360841006018
33.0,41077.695343188854,680.0946604859159,10.054035726635435,Male,1,1.655195846148359
47.0,50611.97327335719,581.247757750424,0.34178924352135354,Male,1,1.9064026527253115
30.0,33875.15649304392,635.4528400456281,9.865820403141418,Male,1,0.9812904819417516
38.0,49964.848952757195,742.9896444629617,8.654076922163688,Male,1,0.8874362672704333
37.0,93954.80428238766,718.3129245060022,0.5310354504119776,Female,0,0.41062557795382965
35.0,77687.01980557898,594.722998677337,0.12757023501984938,Male,1,1.8388083494980583
31.0,50789.331950258915,588.2503624336022,0.25642444524760855,Male,0,1.5467982862183298
39.0,52402.16247373062,478.3515839401002,4.462603267020195,Male,0,1.3719979294433506
26.0,35306.52028048174,607.0588666417636,5.548673942216528,Male,1,1.1772669324451597
23.0,37973.163380734244,476.4211069561484,4.846524784308304,Female,0,0.3224237895631655
47.0,55432.764831570414,856.7069687386115,3.8987225108687413,Male,1,1.9612115785818167
42.0,42126.61151545272,564.4881843133289,0.9599452274683842,Male,0,0.9391871800340506
36.0,63562.243922773734,760.8980855313217,9.192805739739885,Male,0,1.5881407339601596
52.0,73545.28521466636,831.810620789199,1.9841743029897454,Female,1,0.32469396009446705
32.0,54989.311771715584,671.6201408527988,21.407539709364794,Male,1,1.318312040715913
48.0,51526.0580875989,639.9985743613094,2.4295090748362336,Male,1,1.4427759373766902
37.0,24788.305626340225,517.7634743944918,1.5258697968560249,Male,1,1.4896194776128864
25.0,61214.15367908075,599.5399878351225,11.233425782104693,Female,0,0.8342251903040279
53.0,32844.93047691413,810.3965047869026,4.189872528458837,Male,1,1.8291203036357548
45.0,43729.8630704987,685.1252629622269,6.397981624852944,Male,1,2.0404643763083303
34.0,64393.63838577703,652.8348207458837,2.6246124578378054,Female,0,1.0908708247100396
42.0,65446.37246463548,781.2123209175662,10.898100023359339,Male,1,1.2196855435949758
31.0,43002.38708974824,719.6290548455715,12.488452864221763,Female,1,0.3975027908145932
43.0,43866.266976200204,635.2126852220238,2.870326553697909,Male,0,1.6800944229078052
11.0,39510.21690114992,671.6255835673597,1.376948572479826,Male,1,1.6310146715327138
25.0,32032.193820111337,573.1934962568693,5.215954859681605,Female,0,0.2129398765156746
45.0,40478.067768436376,593.8959353636413,15.459490817125555,Male,1,1.5288387589228283
33.0,25803.04971627967,629.3701370741342,4.870214457019904,Female,1,0.5697400997745218
37.0,60245.93872262398,705.7471062373689,15.419806147395391,Female,0,0.9534234276778659
22.0,55917.854077428135,525.2637027309954,2.1065089827736556,Male,0,1.4315964886021448
53.0,58407.939273057695,657.6240330422729,12.33017350071178,Male,0,1.4714291753940842
47.0,35683.93924137286,611.0137839936936,0.597110322997191,Male,1,1.3777939046852539
33.0,32073.941547274157,559.9070781533795,2.2223376931480856,Male,1,1.6406451012114203
31.0,50802.714114703405,611.5508450508346,3.4107516853871322,Male,0,1.5892886734412983
45.0,50961.53847425338,417.8596736949778,5.2937426363660425,Female,0,0.5713635373980022
55.0,47790.95258730582,574.241132597162,1.7416864587350482,Male,1,1.439016312890855
45.0,45657.75096218226,540.0513117924044,12.900877980838267,Female,0,0.6159692046283075
57.0,75661.6366654158,622.0083957399236,11.69086494223339,Male,0,1.9590432299531788
26.0,56390.375176894675,422.02101770360673,8.030632330785947,Male,1,1.4139835933176421
27.0,79560.17587199736,669.0892743509469,0.60723791264838,Female,1,0.18270142291306685
23.0,69034.4753814745,740.9423296406864,0.407628352263159,Male,1,1.4769708048897725
39.0,75549.06389026018,638.2703627770101,3.447085281849938,Male,1,1.8966537097437
37.0,33883.05850465997,699.8791873404376,7.248168129777154,Female,1,0.3653651863540152
33.0,58897.564864970445,598.7269443598757,0.657586499422895,Male,1,1.2645196292084586
43.0,43523.5176650994,494.53788762241265,5.128261022037243,Female,0,0.4289243041735679
47.0,25049.199329607007,650.1691321285653,3.752349827682519,Male,1,1.5042035180823774
20.0,72440.04754333288,718.0378376985219,6.472942796157209,Male,1,1.0518557600412042
29.0,45594.61211441556,517.5611874392342,2.8579694278379346,Male,0,1.9395463313891572
43.0,34173.47554599973,603.4772723678165,5.909370565538634,Female,1,0.37542492138700867
30.0,43781.5420512696,625.2883599095583,0.8694381417318607,Female,1,0.7129448460871415
27.0,38056.638158392714,935.1407645284945,1.2077742266695397,Male,1,2.130690899584236
45.0,39594.53048574999,672.3371194719891,11.68247100697438,Male,1,1.3967975271661608
22.0,46675.94914726026,459.44264211362224,1.9977263893835264,Male,0,1.7567936505455428
32.0,75962.22789567114,434.71490981577904,21.17003866598658,Male,1,1.6746850744116766
38.0,40005.24175183062,723.049883026375,0.23653046739953484,Male,1,1.961821038723025
29.0,74889.05996328786,898.5031975996529,3.4246632117951514,Male,1,1.7073729849540753
43.0,62732.55193969282,621.9025515399281,1.9651178632768451,Male,1,1.3472481724464398
29.0,55944.073453791294,615.9180407941491,27.563790798435623,Male,1,1.6272011008716905
49.0,61221.80048377813,693.0774176197597,23.043259382531854,Female,0,0.2232338120650748
34.0,50204.83495756186,570.1703591654891,1.3409876215166727,Male,1,1.3598657685389368
42.0,69290.75155795139,395.5845379571327,1.5548004414417376,Male,0,1.4959166363905523
42.0,58504.703949006514,753.7264389275687,6.924920473810379,Male,1,1.4442675456336578
29.0,25030.010224617305,588.6817871598171,11.021597849622369,Female,0,0.3179520595256634
14.0,54443.77897834947,755.0117865821371,5.448713517777958,Female,0,0.5818757721781462
39.0,61759.59714488922,573.9013209689319,10.001634663510687,Female,0,0.6092994468565764
36.0,45664.98172098174,662.1779127460538,0.32692082174233783,Male,1,1.6102892925537635
41.0,51893.83809070899,735.4831947488694,5.1156016499239945,Female,1,0.6637142694104339
33.0,40807.13007988389,757.0350951071872,6.0227129859802675,Female,0,0.8782870500370026
31.0,29335.615159046592,673.2988667481424,1.0555750696738837,Male,1,1.0391532046794478
55.0,26744.3469360314,668.3239095798999,7.524718569406614,Female,1,0.4777269026631926
20.0,26943.980193967047,711.9706180179112,14.435750039674602,Female,1,0.6783895335568505
42.0,60035.67113705798,696.4169534394152,11.412270062833578,Male,1,2.029134273659225
29.0,12645.774374355067,520.8819465828687,1.4049718779129794,Male,1,1.3951968969342683
32.0,40002.80109554778,522.7917645696158,1.9577565621239286,Male,1,1.6359050126116226
32.0,38515.200721319336,439.09408969791207,3.461851101820984,Male,1,1.2686341910769825
27.0,45767.60696018803,726.6508000839647,0.8620215836131031,Male,1,1.2971957448123046
41.0,22153.52675095696,610.4270226289,15.390481036878128,Female,1,0.13590476652605615
49.0,56058.32142110928,732.0197245376302,0.8812797275873028,Male,1,1.7097237657307194
40.0,30902.579087601516,690.3710573454491,7.165314967608177,Male,1,1.7279879149504591
36.0,66986.08311063904,549.7573318429031,2.0884082695585517,Male,0,1.1631004359358956
25.0,40673.51468616752,637.9777566465222,4.263303714641972,Male,1,1.058011062571335
40.0,48565.80464882119,604.5177948335908,0.24161394510147097,Female,0,0.4986129201199073
57.0,50056.607848328094,589.0776519736438,1.1471403979016244,Male,1,1.6265019762454336
31.0,53663.61579290858,741.5287325493281,2.938454492330264,Male,1,1.4104821441809492
31.0,50555.21566244213,901.0743470547673,5.653475674517554,Male,1,2.0209200896865602
29.0,43593.34176901052,761.6203641743548,7.515532680814763,Male,1,1.6779894756726168
30.0,55145.727960410644,647.3043632642596,0.15302040825985733,Female,0,0.23844242287398454
8.0,56992.206957424314,775.9507759956124,0.8272644767218134,Male,1,0.9185765940001634
39.0,38522.97999335569,821.2902650310804,6.542811395621147,Male,1,1.6794725392868046
27.0,56395.51728460335,510.7629217689703,8.384715503889051,Male,1,1.3591797649633006
19.0,67875.80453602545,772.485476136253,1.3496792106248168,Male,1,1.458353010198856
43.0,60588.41294156829,726.9682018743205,1.3045713865752093,Male,1,1.4334842482935146
24.0,63985.6286247078,768.81190566565,0.4607378477645274,Female,1,1.005212484514357
32.0,52578.81273361168,731.3287456016901,0.8143242148123847,Male,1,1.752839478062413
50.0,35957.743308876816,627.2270992465859,0.04024095934086685,Male,1,1.4711222706949607
21.0,37855.33310444532,853.2870644182767,4.455932968371227,Male,1,1.4630447725654934
20.0,54798.31951781618,683.9598608582149,11.711379475759713,Male,1,1.5864241538396664
38.0,64141.45587728466,606.5672979305747,0.8101017369241191,Male,0,1.895415759971954
46.0,91788.67870991083,700.5978015040374,6.960428763324046,Male,1,1.5248864429740054
19.0,64727.32916657905,747.239590172786,4.26257523845537,Male,1,1.327617670878785
39.0,32443.463637537472,659.4761075861996,14.060548867866228,Male,1,1.1385373311830893
41.0,38490.91141460027,689.3136383522225,8.000471562436871,Female,0,0.8387585127718529
14.0,84177.75973933998,658.8367082103651,9.577405032785173,Male,0,1.1405120628218905
43.0,46784.166020348326,583.9924266899357,5.096355860418887,Male,0,1.6024307605103443
44.0,50712.71952141933,567.8175541372229,8.338941287070387,Male,1,1.6359048599568262
32.0,35593.74619386157,509.7183713428413,2.160607546350022,Female,0,0.593341845327636
48.0,73476.55108361365,801.8020034046745,1.1723977762551627,Male,1,1.4371661152774426
46.0,57504.99810980938,627.6582751870338,12.181723771661693,Male,0,1.809701320471699
36.0,38380.97978172032,307.242489824471,6.627612337987891,Male,1,1.983466359093184
30.0,35092.62066714093,689.6533079279509,0.47541696077243645,Female,1,0.9115355177628323
25.0,54608.05918846808,687.5827104507302,10.083630697750754,Female,1,0.325454019384653
35.0,50663.09262320679,463.3432317169604,2.145490450111851,Female,0,0.6657942020896355
41.0,62481.65325831691,566.7603791666738,1.771088331469295,Male,1,1.3561794007823158
32.0,58204.527096907994,562.3710965439071,4.881710905449305,Female,0,-0.013459905872087674
13.0,46032.79476847066,575.7732309207723,4.203581917400351,Female,1,0.6004660825093209
48.0,41842.9760680795,771.277586170357,3.863731079312584,Male,1,1.9198709634630922
37.0,47600.86777551749,635.1122451933163,1.471031098478314,Female,0,0.4957549340676656
31.0,41739.787300148564,607.276511518385,16.06617771306691,Female,0,0.7696951933940918
44.0,48047.06700792857,762.2389942220593,14.9907683969149,Male,1,1.8926512550314778
50.0,50246.613929290725,699.5347745183706,0.02085437972635642,Female,0,0.8162638180042576
7.0,36531.03659929914,475.9021742023451,2.0611468901854457,Male,1,1.4770740773437487
39.0,59460.1979314682,588.3376360832096,0.23309310471095046,Male,1,1.4861390928565306
21.0,44443.584282954944,682.1962087133945,9.493899018446728,Male,1,1.1568496964845658
40.0,37371.73474571985,556.6109865987967,10.880565724053541,Male,1,1.819991530678477
36.0,44725.88857577198,852.9554788421132,3.6521510115886584,Female,1,0.11008787414664956
41.0,53633.87234930429,661.2878763652584,9.152856005302318,Female,1,0.4357901041253562
30.0,51245.57299719955,574.6623660422475,6.076185306883132,Male,1,1.5060446723471088
16.0,56331.77172356693,537.705635666395,3.4614771462997114,Female,1,0.8539187145843623
30.0,63475.191876132936,742.7527588035703,2.2613010856597997,Female,1,0.4776513491607608
39.0,69574.1030601205,585.2138063006043,1.547764356927141,Male,0,1.4194894828654618
45.0,54282.2924403208,687.9924178291707,1.501669771364351,Male,1,1.6243992911034053
23.0,33958.964191467545,534.8480643125567,4.128416876934472,Female,1,0.13584391303255505
45.0,45963.33796204549,657.0197791524503,0.9124608156740182,Female,1,0.5896945772707081
29.0,34935.22423425488,586.4114102116539,0.9605982657850164,Female,0,0.19694927486093444
39.0,75452.81110568423,618.4605586524946,0.05223864132527789,Male,1,1.8809894127452216
30.0,79811.01323790745,570.3719199614543,4.75089322285808,Male,1,2.2371819918610476
37.0,59754.66796244514,752.562627780827,25.875355881270444,Female,1,0.6452026829138229
44.0,62876.882639585456,600.8996024875673,11.001016942216474,Male,1,1.7483192249952249
23.0,53764.14789854988,635.6542805080297,6.1156049043693805,Female,0,0.35764280805081683
28.0,55490.83873191187,640.4857719201256,7.697817429375179,Male,1,1.3224066365345868
37.0,26038.186725063162,811.2270121633628,2.6965774688598936,Male,1,1.3716044286879456
59.0,48891.014521146346,739.03085873914,1.7696760373473939,Male,1,1.2180761300667369
26.0,36782.7040648061,729.068075827796,2.299302481016826,Male,1,1.091324348188557
55.0,54220.34806307555,492.21133769736986,0.4246427292006308,Male,0,1.6155863400489108
55.0,49105.85231917199,584.3607612397461,5.022812669278216,Female,0,0.9305551436742874
34.0,79202.32943519171,768.8618715828916,0.9610414829541876,Male,0,1.605797694116503
32.0,63749.41533084262,532.906918457835,7.195906964373466,Male,1,1.551471519494288
28.0,54267.67973782467,658.4013548121729,1.0534598640214534,Female,0,1.0824347842525799
34.0,45995.90469290561,543.4738495739211,1.294656981775223,Male,1,1.220900688958599
21.0,75140.32188139895,553.5092744590593,15.768442185845064,Male,0,1.506540964977778
34.0,49550.680308102055,818.0785652864204,0.5568700919014523,Male,1,1.1912134678942456
50.0,54975.10942452917,721.9270641576388,3.4541746717742514,Female,0,0.08504886260594913
29.0,50633.74406640253,748.3140227794587,0.32368741078686314,Male,1,1.326735708819529
33.0,43937.69141439016,728.374148016378,0.47370216715522745,Female,1,0.39920490900694605
18.0,50547.5933357828,636.0711637770498,5.018788728776552,Male,1,2.1752032284393215
39.0,20570.49723982526,580.8403292096103,4.981098917285626,Female,1,1.0156861666949757
38.0,26784.403981382187,609.7909740582506,1.0729033465526676,Male,1,1.1414863601547864
36.0,55244.45812504442,630.8173545613254,10.297665786484302,Female,0,0.6787860987639749
33.0,73522.9953579123,827.6286069327917,6.0564474586528325,Male,1,1.4415317825380407
32.0,55223.31656216253,516.3643568970471,1.787737929122272,Female,0,0.630437580829009
40.0,39194.46717655019,594.6338551381206,1.427665635507963,Female,0,0.1479841948374827
35.0,28357.19368898997,558.7036633694618,7.01791990719287,Female,1,0.09601769965914181
38.0,61767.90890713458,755.662319752048,6.614230748256037,Male,1,1.5631540146521794
37.0,41492.07273477349,835.3788259339096,0.805728255742789,Male,1,1.4889243020194165
46.0,59648.5312782884,680.8786359826396,2.147671162191403,Male,1,1.3175797538483216
42.0,55847.97737098576,689.1015834843585,1.221052334878657,Male,1,1.184515307389173
37.0,57174.50588382034,659.1320923041935,1.741721530485927,Female,1,0.4881313606189203
50.0,50504.02561030334,693.7478989281125,1.6953257139584972,Male,1,1.2372562850755062
39.0,55754.66577454462,727.3155162357627,18.653447175013692,Male,1,1.1221972009875947
48.0,48208.18398115497,692.5640512886821,6.9357010559624825,Male,1,1.823413086373962
41.0,40470.40198447695,699.8834328278294,7.571821733464174,Female,1,0.7257297713962235
17.0,35547.514092259225,727.5414363493875,1.6246575949836424,Female,0,-0.006952535499499146
48.0,14224.868030435318,472.17218987449326,0.0026361200226107757,Male,1,1.8953133899454961
36.0,47283.35656393236,650.2008930145726,0.2995834509439294,Female,1,0.7811176352795128
34.0,72790.67274427929,680.5209042084517,4.025980811740567,Female,1,0.15433116601493618
38.0,60951.20138806396,691.6148180519291,1.6807294216882698,Female,1,0.8054782732911547
32.0,53415.63677713937,632.9113738216046,1.0718767767651223,Male,0,1.5918039605498948
37.0,38989.92508566273,666.0751499797152,0.25457694278487225,Female,0,0.006633084462133898
29.0,64960.08838638616,578.0093595319232,10.43260226798651,Male,1,1.1121771573307813
48.0,48210.36032295463,472.515526430227,4.583045751044162,Female,0,0.6362269483122948
34.0,73624.01470683588,748.3137101305656,0.5679335938841198,Male,0,1.7559426908350764
31.0,35283.69105057978,536.5628396680497,7.270811101850871,Female,0,0.9685541379149885
26.0,38750.45708041015,633.9546136886238,7.049362591806295,Female,0,0.5059947300852484
38.0,37290.950836705575,575.0870367097995,1.7082535963440781,Male,1,1.516877541257586
37.0,27768.224443489806,808.7009279876079,1.0439040279115461,Female,1,1.0392685738262601
39.0,35944.32972212356,642.0355285491285,8.409555849525173,Male,1,1.9461686007835788
25.0,51548.24389648876,618.9543537117934,1.9991406238531484,Male,1,1.6667644410709779
19.0,39316.984627240585,724.7865868725983,9.400595973168077,Male,1,1.247674637919797
41.0,-7845.629938608952,865.6474167608187,0.22316505408994275,Male,1,1.7346346121621055
50.0,66114.09946130183,690.5689527058089,3.4586304430634645,Male,1,1.289720000132355
25.0,24738.59405978892,612.2580538368164,0.989787506076978,Female,1,0.5013204668112885
51.0,58838.424273299555,719.659398135469,5.57439152813835,Female,0,0.8405508630309629
38.0,50468.21884504347,492.73209314184345,29.415313947874232,Male,1,1.2418432943080777
35.0,81760.59224630514,654.6429260064397,2.6594890552915835,Male,0,1.2285780523858416
31.0,64954.36222283929,849.3957654956412,0.5285281365208765,Male,1,1.0802599063010674
21.0,42430.93106772539,665.7747396685772,1.9112321950208528,Female,0,0.7554481497946264
45.0,39469.04656467032,660.7777656157648,11.105325058107852,Female,1,0.8258960503846267
27.0,72540.91521198928,652.0636540357506,7.257067101235499,Male,1,1.0945958336231258
27.0,27861.933543478823,610.45237195738,1.3212059262086315,Female,0,0.2978058735346599
45.0,52863.19903878062,681.449067236487,15.352141101227852,Male,1,0.9700841379652653
16.0,48033.19305125492,727.5273011660303,4.866791943630784,Male,0,1.3856542986862908
20.0,44851.608969429864,616.8179947509225,0.9199110765267764,Male,1,1.6983627773193732
35.0,55302.70976672638,400.9248261699179,4.2469251803248955,Male,0,1.8396475182142042
38.0,52843.39790763013,696.5617505278755,3.0008063868294466,Male,1,1.3275746276426996
40.0,56861.011141876166,863.3126076520105,8.56560126212715,Female,1,0.7819691451121762
32.0,52084.634785449256,612.3738591943869,2.109192336886164,Male,1,1.3897606312771091
60.0,56265.22107525871,502.8836617243396,10.396340577073055,Male,0,2.176524569874617
33.0,51400.47789397392,717.741298473248,8.355779048059205,Male,1,1.0620575506520666
33.0,40108.59669175529,824.3832264184003,5.613553450769362,Female,1,0.5638784820479741
27.0,50060.01890354893,702.9373569715235,1.4961236490517762,Male,1,1.548311254559598
36.0,39284.2016044397,822.470005416651,17.58802281840943,Female,0,1.0823835929970715
41.0,38294.350929037246,729.3668545625712,3.9777468297767786,Male,1,1.287586443415696
47.0,44957.749959233726,720.6850985677693,11.903488816606506,Male,1,1.6358707155691754
20.0,48208.652588962366,598.1999317257887,1.215009008506625,Male,1,1.5573444214963716
33.0,50528.379595217164,678.5406890753217,20.485231669279287,Female,1,-0.034149264155322934
39.0,63745.682410449954,647.0529043282223,8.465707348159357,Male,0,1.492598674195573
41.0,42523.03876188735,643.6264279433349,14.901941328976484,Male,0,0.7616282040210838
35.0,52952.778897122305,624.6134872048933,1.1936071205858565,Male,1,1.5445792050074887
40.0,51770.415709157285,672.5613467458554,2.81637054479309,Male,1,1.309199333043561
27.0,40870.57568800902,520.3655015863274,0.5136749481464785,Female,0,0.5722998840344965
51.0,51106.11179309817,731.1718399281575,0.7365268508163264,Male,1,1.0229478375269356
45.0,65040.821227659704,562.2254707219804,1.6700869063377728,Male,1,1.7019561049956848
22.0,52797.593253251005,624.9728774995292,15.143928904596645,Female,0,0.09137454406673706
24.0,53398.75893540962,683.0559893035165,5.500942868564053,Male,0,1.1505495659252374
25.0,39420.07503585999,557.2726581604488,1.888999033645746,Female,1,0.6712225947160296
42.0,79532.88276807315,453.3536937694747,15.45827827881968,Female,0,0.2621193861289151
22.0,40274.65444516249,611.6953322302493,6.730205648621893,Male,1,1.5420324882617678
32.0,24983.248091787835,506.89025074163,11.87465073623759,Female,1,0.5564767093425859
40.0,62902.76180327115,721.2310932670471,13.101624971186801,Male,0,1.328857287560955
34.0,48277.74440527361,534.6496427457874,6.946890553200211,Male,1,1.5380911418793761
38.0,45454.372685793875,798.5155563709162,1.3928415118200146,Male,1,2.1348351978089397
24.0,41816.69329382709,649.4207110764775,28.40368308949788,Female,0,-0.024011702255496425
41.0,78075.71936473757,655.917419459423,1.9658858751755612,Male,0,1.4557812053908041
29.0,55318.854179070244,451.9368671455336,5.569224838898471,Male,0,1.1797785217305137
32.0,58246.268324676275,664.4862628850524,9.315580140909121,Male,1,1.7637697038842446
37.0,52439.23435373401,641.9820083126747,0.9627746647167347,Female,0,0.16912673624596997
36.0,54050.744201677946,520.091096507453,4.695771615015476,Male,0,0.6805321932150614
35.0,70979.36915839122,658.7268338796808,2.3514005527419064,Male,0,1.3820224299308732
27.0,46237.18008158458,610.2076989192576,1.400481715855855,Male,1,1.4663711109034223
32.0,28145.936817189053,628.321218210464,0.05920824576231543,Male,1,1.616389492171255
35.0,63020.81981341665,652.5881762194047,10.27761204505082,Male,1,1.5545039481363474
21.0,57450.52418363588,602.8545786841798,0.7302271072905197,Male,1,1.6971685738386828
30.0,51619.69719327564,674.6456626948868,10.52347514573462,Male,1,1.4629464318388725
39.0,57061.2986232168,641.3444517649036,4.590093605044622,Male,1,1.525390004513323
22.0,44438.836695587386,697.2768468386575,4.851828332388798,Female,1,0.4503818453647078
47.0,50310.3887428139,597.1325406028009,8.820287510090184,Female,1,0.4409713600803482
48.0,48024.49619210135,543.508024706604,3.56105010391313,Male,1,1.6704500919196468
23.0,41127.676143936245,579.1131471561862,2.210266079497226,Male,1,1.7540109964308956
49.0,67837.59174657504,794.2656768851779,0.74718137388358,Male,1,1.4868849435217548
34.0,28816.120588732992,745.5966526206746,4.224682699927513,Male,1,1.3524975781090467
39.0,85413.2325771945,771.3379132599109,4.027852386886237,Male,0,1.175244413925046
30.0,63160.43313809713,778.2713958170219,1.7399671568440833,Female,1,0.5383642946718401
44.0,23330.366979464736,603.3681942826797,4.582165280677376,Male,1,1.1989443656603953
39.0,46637.50505763606,679.5811935408462,2.8934428654235793,Female,1,0.9626033554682573
27.0,47471.81126144663,657.5839002847962,8.187390804583167,Male,1,1.5393378453701418
23.0,55878.29943413168,715.9538525591422,4.099068184384438,Male,1,1.8201152571744652
20.0,35159.3259389042,621.0831754769033,13.566212263716908,Female,1,0.96347557700819
37.0,50480.38015052326,659.2974157091004,3.6488791512746936,Male,1,0.5885654504864946
41.0,48183.209028160294,657.2271477619686,10.923801542478508,Male,1,1.4395490064744954
42.0,38935.72456139842,703.2262399915697,3.675319057527437,Male,1,0.8697227230607105
34.0,36848.71652793152,715.5717221071599,4.0826207063620865,Male,1,1.8484700625738208
23.0,63782.06970053536,659.36710323402,2.284907890584444,Female,1,0.2792025591265146
28.0,24551.261899361096,662.3990784065808,2.5555376796688116,Male,1,1.8454996306938092
47.0,57168.18404144077,672.5898020748705,13.52289271829395,Female,0,0.6354201833066295
30.0,61962.65460317186,814.6551420623043,1.2633922319573738,Female,1,0.38003779420684564
36.0,46721.62492492375,477.0002208683068,0.6474562346356372,Male,0,1.2097034530125859
24.0,50785.59259587494,553.0320338782192,8.865991349274946,Male,1,1.459714430013368
38.0,67452.42499546072,717.3679596445942,4.300861234296592,Female,1,0.44955349110040044
30.0,39427.22733913915,676.9784398839091,1.6748979570830071,Male,1,1.5170336093691874
45.0,40975.21356666314,676.2749550150877,2.831693609018031,Male,1,1.553251591279567
43.0,42567.744783510374,716.7495498713356,3.7212048613765116,Female,1,0.5691164897400276
30.0,67479.88398834922,671.3992893123764,4.484159652176396,Male,0,1.8389911157221528
34.0,69384.40620327061,594.0717521550777,8.603272790616291,Female,0,0.3434882386252677
29.0,29061.646483045715,712.8809140108259,2.5072843021635203,Male,1,1.5145268084329393
21.0,65093.61120967455,652.0887162999078,5.642828943311193,Female,0,0.9853900865363237
26.0,62283.62459520926,605.2422821110447,9.001992605969892,Female,0,0.5401673108603172
37.0,73303.92215674742,719.0360624577911,9.282240598829334,Male,1,1.3949406228079253
38.0,55776.62048189569,715.1033858282,1.4667921294405146,Male,1,1.6443945690198798
36.0,49336.09819582135,671.4766491600792,2.155245867295337,Male,1,1.7328932504802983
32.0,67178.25029857489,821.7119153994557,4.518181123096753,Male,1,1.764240004601241
44.0,60483.55687252648,782.6826734770284,10.847811265356546,Female,1,0.6064004033737502
36.0,83673.47621223089,750.1857194053802,7.813871149837324,Female,1,0.06771117789810266
42.0,64380.61767442742,906.6365572808747,4.384904217045905,Female,1,0.06910016780738909
17.0,52303.21964635873,635.3536598002283,20.593277655070658,Female,0,1.0544006026544799
-4.0,32388.43429435743,603.5199670683907,2.890058048837255,Female,0,0.9065808414969343
38.0,41286.242342088226,736.0363099303358,9.240080181069205,Female,1,0.5886046061563035
21.0,28460.675329579757,624.7365702005719,8.53030521816608,Female,1,0.5348158591986706
33.0,46774.069459087055,651.1927715647822,11.931916099316823,Male,1,1.537712781323116
32.0,63891.01389849268,551.4080034249695,21.981989045545177,Female,0,0.12275109884563168
51.0,49944.933672792264,710.6659457713127,3.4228870069892747,Female,1,0.7581114831487521
39.0,65325.87903140109,502.899275446239,1.0884773996114157,Male,1,0.9438259052710407
37.0,55063.6060015852,640.3561778840631,3.089227918702578,Female,0,0.7190902333161203
43.0,43953.615653689856,648.4644262484244,9.616802270945355,Male,1,1.5133067343088282
39.0,51314.37732754946,606.3961157580169,9.042696357549927,Male,1,1.29328272973061
30.0,57081.450365826444,474.27852413385,2.047139053166179,Male,0,1.6455631897176397
46.0,52088.350976954236,473.53689062255495,0.24231182603994955,Male,0,1.0607930040869447
24.0,52260.26343277871,575.38275933282,3.5651384522721634,Male,1,0.9187522329741041
38.0,38464.248386199404,703.9050328762064,3.2132298251689595,Female,1,0.33942694562030473
20.0,43505.35602136676,678.8924861441944,0.4483325543023866,Female,0,1.1058779207730152
37.0,83876.91194231967,648.3564641168858,7.921043212608573,Female,0,0.32660971900071634
37.0,68426.99735635314,561.5411513982522,1.6675151629377873,Female,0,0.5409343099190534
52.0,27892.38654785426,684.1132221261107,5.188791531771514,Male,1,1.6694222055114534
19.0,14495.465637404573,470.0970721961082,0.5350753219839204,Male,0,1.9072254439767509
29.0,51142.88632173083,410.3450517628022,9.855740879917237,Female,0,0.6402000988499708
43.0,63402.09341638985,625.6928448784995,6.721435806743832,Female,0,0.5806621207767881
38.0,42200.87243866689,595.3948619902972,2.4585696802956765,Female,1,0.5207015373464668
37.0,65324.88092296907,751.3171297647458,4.964360041513814,Male,0,1.5510422724927904
25.0,50894.81847510626,665.7983777772835,1.0379130946220647,Male,1,2.061274997505961
29.0,47554.08080409538,815.0735309999851,21.141377073310107,Female,1,0.8268801718393588
47.0,61341.727642627724,595.1784931304541,7.950825217707961,Female,1,0.9903416664828073
34.0,42021.863106465964,698.6772291522161,7.778064201401049,Male,1,1.7606837696605402
39.0,45699.405172945204,624.772287058437,0.8325179213145057,Male,1,1.300269888647486
34.0,60052.508931956945,788.1719724131137,0.08946323930235281,Male,1,1.6977470853508154
23.0,49529.06094400964,629.594955287592,4.40186010737524,Male,1,1.3244959793415774
44.0,78631.64410066605,735.4406780145765,0.7781290722499581,Male,0,1.6056846538646319
40.0,60407.38119284027,542.2381035475839,7.580499664531725,Female,0,0.378709517421983
58.0,59432.20742499143,608.4787356867955,2.6899234083563854,Female,0,0.6643087799752061
25.0,49257.43030902398,641.5956588072534,2.0669389163061416,Female,0,0.6912744685660328
43.0,63121.3201506441,776.3417539962801,0.38251174904864316,Female,1,0.29119664886104
22.0,45160.88340797531,430.2813058991961,27.689323568071693,Female,0,0.594797093355975
37.0,54235.666267992725,616.7355553554221,15.619053419380771,Male,0,1.4297170244370299
45.0,36255.604294931596,613.35198735727,0.7054964009537761,Male,1,1.0916942410636332
14.0,65591.62088345888,442.30264776056197,2.0234141022359995,Male,0,1.589980659735126
33.0,54359.07045892688,603.5964239253185,2.477941009372853,Female,0,0.23764428565243212
29.0,79737.69595546815,495.9332868808706,1.7605773288438318,Female,0,0.6083959345499133
28.0,85884.47575504637,416.93365219626077,13.626126231185305,Male,0,1.4847280520145498
39.0,61449.79177149721,623.7687171504678,6.388847209758188,Male,1,1.5029688839792987
46.0,51026.37966811855,620.3854879196142,15.608337873387704,Male,0,1.5278024451286514
34.0,35809.03231811647,625.5046417040668,10.377462846688353,Male,1,0.9543704398635585
37.0,63571.24704888236,675.2858245898351,7.023137340621682,Male,1,1.6061114980538798
36.0,53154.26845842842,562.0603176786301,5.969569609362776,Female,1,1.0298576862539086
35.0,58070.522587316926,829.0856013445921,10.055644170493565,Male,1,1.2186029486267804
24.0,75946.81081184365,646.6705991868497,5.762437674365262,Female,1,0.5338964658284139
46.0,37633.6506700498,778.6430463061484,1.0457089194928084,Male,1,1.2061814104413713
38.0,36135.43747277995,482.0100758511288,5.222417948311115,Male,0,1.5386341104786856
39.0,46453.610924439796,566.5470349908126,3.6180488469381755,Male,0,1.128655475172981
27.0,62318.01724627735,718.631480504423,20.057746504066,Female,0,0.4127021145119617
30.0,58323.00860321732,627.3435724322067,3.566397891193876,Male,1,2.129841249245688
33.0,36564.67232456341,542.6820612627033,0.19606947826802962,Female,1,0.6425211948519498
20.0,61348.29351053724,466.1370101355919,1.533913404310833,Male,0,1.4066427818594367
18.0,31981.807716601055,723.3203672240364,12.46762402546469,Female,1,0.44406059155294697
29.0,37433.87488476714,715.1602254948855,16.397952391130644,Male,1,1.3730693611601479
40.0,48268.14024216216,674.3320691419228,6.518939485232307,Male,1,2.0405583281609196
28.0,41698.5313103717,600.4093809214083,0.29272339429709265,Male,1,1.7448775353711903
25.0,63347.89232976402,538.6909972370195,0.1191145666417884,Male,0,2.216019229542768
27.0,54295.67724501641,644.7018460103299,3.265739648873941,Male,1,1.6175819550288786
30.0,76483.4176644089,518.4681396354599,40.11716011735024,Male,1,1.2131259327059523
31.0,46292.219519683786,574.841591943541,10.17412848457248,Female,0,0.4543419178911875
57.0,48166.96773438885,776.125058139955,13.523351164329123,Female,1,0.6223531835471822
46.0,68155.73913592644,464.9164236868581,4.884737384219877,Male,0,1.684173832248661
45.0,48636.18795314307,717.7527826900367,9.799401888098151,Female,1,0.906124607827041
47.0,72410.07871561318,799.4195951449162,1.9260950604791047,Female,1,0.43198969457451736
25.0,58112.42315576738,731.6259719382654,0.1387268552840484,Female,0,0.7192182019943117
23.0,14708.202951719613,689.8212878426484,12.520485769573765,Male,1,1.6018353068820477
24.0,67663.55621224197,603.6427153828876,1.2322568050914873,Male,0,1.4122815012529881
48.0,63690.902196797135,585.4111945565987,6.518714414138438,Male,1,1.2669149310526748
30.0,64269.98909165817,425.1869133936679,5.378884777459395,Male,1,1.5741316795714686
22.0,21335.32432182113,653.7006680267315,0.8608476081727783,Female,0,0.5647885330053236
31.0,40055.150580934285,609.7759551270906,1.0894058381967684,Male,1,1.6211937217532615
33.0,41169.42749664845,580.1965591318093,1.9954708392981804,Female,0,0.32344777737463387
38.0,37383.17948659412,647.9918971120987,7.072042487709835,Male,0,0.8941134495014235
38.0,76128.83797840908,656.2369480204655,0.20017529563702474,Male,1,1.7763610737000186
27.0,49823.48243264549,586.4442702632946,2.613384031229369,Female,0,0.8346717030289315
42.0,49451.58586056244,811.3080783476787,5.469813667438085,Male,1,1.6602527381687864
29.0,58280.12465473668,723.0602779112425,0.9405168723039643,Male,1,1.7760563336183295
33.0,58539.52501834073,739.6278558373278,0.6358570020421281,Male,0,1.5578638796919737
42.0,-23.390659387448977,639.6697216360591,2.473221592630876,Male,1,0.899650499361891
29.0,40304.63694275955,701.1235732261143,1.6882792090597252,Female,1,0.47863130296038703
29.0,28808.17133313085,560.4295399401437,5.2362082017124205,Male,0,2.041563330183089
41.0,56004.59139732229,716.6258540250307,17.461391114714026,Male,1,1.7439319895265508
26.0,45666.61378498929,629.5597392686261,0.022394757368382014,Female,1,0.3345669854469353
31.0,50230.81346751903,547.8016464985674,11.63335995893397,Male,1,1.8689484481825689
41.0,18822.203766642157,647.723332878077,2.838947074411668,Male,1,1.4153816359013682
56.0,45352.21662964253,620.794596975011,5.453335615281528,Male,1,1.4799082909126404
41.0,66726.95377749222,882.3069327220917,9.51995208992728,Male,1,1.8592566167720093
40.0,71141.74224653252,693.5394248479912,4.260229954453633,Male,1,1.6942485841344406
40.0,60782.9512931105,807.9717467448222,0.5118905439075792,Male,1,0.7941166389928124
24.0,29968.020598278217,763.1287106358727,0.757575970494676,Male,1,1.5623562348594504
36.0,68891.02704488186,653.77805997975,7.786126209100729,Male,0,1.8556031546017093
35.0,60860.03382500024,605.6280797069955,1.3009716068767392,Male,1,1.0909235501011842
38.0,48242.16448903192,475.9773418799677,4.20867234548278,Female,1,1.0191405602196841
36.0,19624.45528235384,562.905644933526,2.7937852679559416,Female,0,0.5079597080993239
39.0,64303.924259937754,716.2753457754214,1.8094352513354837,Male,0,1.4355619629686645
32.0,41117.50505024931,619.7869614879297,7.731554218753761,Female,0,0.32437597327722556
36.0,55192.487315821716,687.5820325738441,6.569248112466399,Male,1,1.4240654597518856
23.0,51025.90790954994,446.9724848652663,5.193829982075346,Male,1,1.853290476254616
32.0,73075.92476657417,695.3514849097373,2.3314237118140198,Male,1,1.0755934584677598
49.0,48119.49521003737,759.6481557199286,1.2839562193152947,Male,1,1.7445700950725482
38.0,49773.29614871078,472.4241710193746,3.627266762118708,Male,0,1.5158714118286354
35.0,73679.23085717944,687.1563906356799,8.494190711276294,Male,1,1.2442332433417436
54.0,40126.66634374717,784.353465360846,4.286159857886642,Female,0,0.7622302206365668
21.0,62214.84277111666,818.0086649339465,17.556117688395503,Female,0,0.15060583841133818
24.0,47020.76415682304,599.650092914204,0.07778943395585208,Male,1,1.9438675285032596
52.0,34961.87056992606,727.9930344611533,32.02515608800426,Male,1,1.675022325627057
35.0,50017.41480081309,792.9789820005415,5.878693268358141,Female,0,0.5023371895253538
33.0,60375.57670411981,690.1381390780379,8.939056881798006,Male,1,1.2981137608266906
23.0,70305.64759964767,778.5077588996811,2.039483067370217,Male,1,1.543970249211724
39.0,72120.40978018523,646.4138346661699,3.549852797617792,Female,0,1.1085823067908447
40.0,45578.53888661701,689.4314143770797,7.972481676279831,Female,1,0.17562406279324771
24.0,35191.2615195168,587.8390773537798,7.149130793523987,Male,1,1.8736052425481988
34.0,45218.91650633781,633.5399842326241,2.032586523959545,Female,0,0.3372700199908512
32.0,32277.038700047666,693.3716169876363,1.9608462184761166,Female,0,-0.04289890704256838
38.0,46739.207008752426,580.3380674954233,5.435561383759644,Male,0,1.648358673868945
24.0,44875.02074570362,627.6413626859246,13.564749535806067,Male,1,1.73605412997227
48.0,60912.35306235148,726.0873680946803,2.88826483952277,Male,1,1.9766895389770676
44.0,16910.972301284324,855.25575331761,2.176595169135486,Female,1,0.12952415113147758
31.0,38995.8808087004,445.0561508351426,11.254093773765552,Female,0,0.7465647824773787
33.0,39117.22543337127,847.6576667323617,5.745151853827123,Male,1,1.5782384666822358
34.0,67806.90878612039,624.0128235577232,2.4573702270462623,Female,0,0.5175828091008224
27.0,33292.33433898474,746.4899869027385,0.29490983494347445,Female,1,0.14657732632559517
31.0,53399.860394734904,766.109269999174,6.391493499409764,Male,1,0.7577749411378178
32.0,48078.07378370328,806.4496773940547,2.1761678022069533,Male,1,1.3279555281488415
51.0,65645.63790254573,577.2038135270209,0.36589846523407377,Female,0,0.4598934740807336
44.0,58937.47796765821,627.4728691882202,4.7374764364212485,Male,1,1.8298123540048588
44.0,51818.655977305694,644.6403901047097,1.9504707728065218,Female,0,0.37276459550973773
39.0,41679.99688117897,614.2566157502655,2.0658977525717064,Male,0,1.3755148943999067
24.0,22214.86245335186,781.8760974839139,3.261659185488812,Male,1,1.4284543348290388
35.0,53706.28483531108,642.3172298988534,6.319937065965265,Female,0,0.6173283091859769
45.0,57957.346977948095,488.14523351916307,1.6171022581499308,Female,0,0.12399016330012907
22.0,26376.985812880204,586.6986177686236,0.42205153596303496,Female,1,0.5257958279135364
41.0,31494.58753507176,492.15999733031197,2.7619349563823334,Male,0,1.759440967101514
58.0,53784.949600575135,627.1661213306659,0.28245718632527356,Male,0,1.9256353412610034
46.0,55087.12529311805,717.2549674567937,5.974545188080425,Male,0,1.3818961374305463
49.0,35140.290348619106,584.5523327696311,16.00069577881405,Female,0,0.8419600430474847
37.0,41389.02929647943,609.6967035365423,5.375828713869726,Male,1,1.5472627438138487
45.0,22452.667421443603,622.5234707661806,1.6106116028941622,Female,0,0.5595360308560914
28.0,70658.95855719851,664.0742493835245,1.0026458956656508,Male,0,1.473628897263581
43.0,30501.883889473214,701.6082778635524,1.3249317089987722,Male,1,1.0591024323766234
42.0,58133.89086872826,730.7255427935369,1.252637995641618,Male,1,1.7567118449201578
38.0,49475.58955769929,875.5516982936522,1.8831530301878865,Female,1,0.35573446325032265
48.0,69343.90429437139,662.3495931000073,0.5120835873673014,Male,1,1.2980361456258225
30.0,38116.18860837865,723.5793053979714,11.303333265977214,Male,1,1.0061323525664234
33.0,50918.79065510581,491.2443252321725,10.819357427019035,Male,1,1.7762649326471587
36.0,24523.596361439748,612.0817014434466,4.775628893417847,Female,0,0.7507907729480023
25.0,20922.097445903695,622.9583106537926,0.31960218427790754,Female,1,0.365558322880954
37.0,58945.00375798211,548.2685111012896,8.148221994757225,Female,0,0.11594330477533638
18.0,23224.61241395447,596.4007268632464,0.31889982450787385,Male,1,1.1337459958110923
45.0,46576.736983482035,639.2515282344373,0.5626039118159959,Male,0,1.6446011170095327
35.0,65169.43171959379,599.5336625835192,1.9674089237803485,Male,0,1.1206177441244685
30.0,61200.27284142019,910.183418783816,2.823508777422247,Female,0,0.2752950647167516
27.0,40031.21768077109,701.227534157773,2.1839194817100775,Male,1,1.1406590693644922
33.0,26172.45295387741,850.1022738859336,0.9029938940127642,Female,1,0.0821608627379054
42.0,57642.42292483293,799.2651178834005,0.5946481256546616,Male,1,0.9558931223392506
40.0,70133.85174290271,586.0753866549614,9.809723017550876,Female,0,0.09140026365814108
28.0,40066.428820015644,653.7560467419811,2.256350815135679,Male,1,1.3873416257632443
27.0,37950.30712389325,606.5175378925424,1.2333365024851022,Male,1,0.8651391026898911
42.0,42126.470556965025,633.8177240713668,3.3373129263296386,Male,1,1.1817788159697935
28.0,58574.130662106734,552.3566330811269,0.18759249650568394,Male,1,1.6796354616264815
36.0,68427.76409622369,605.8464670829777,4.584969674470399,Female,0,0.012117238387900853
36.0,31405.897829292164,685.9518881533238,1.4283510669877366,Female,1,0.2761178937119605
38.0,27525.772860130204,683.3122056942204,4.558959510648693,Male,1,1.5256916383684247
44.0,85099.94482898671,675.3403665216267,4.76121111161739,Male,1,1.040947271596886
22.0,47340.15818164942,644.0325175116441,8.283281585489018,Male,1,1.9466572484518925
16.0,53793.391935354644,736.074242523694,1.3062053888510547,Male,1,1.6667788201397817
29.0,39621.037390735415,624.2956973921462,3.1131140392128867,Male,1,1.596324527195677
53.0,57349.434641790736,789.1552339761615,16.336043605674814,Male,1,1.5050741262875051
55.0,64400.91312052283,465.24024429824374,6.493704463659817,Female,0,0.6728567832656286
53.0,54496.942573593944,715.6811023975756,18.513636069978123,Male,1,1.2599840768745436
33.0,76112.87115521652,698.8371112247357,13.111590984856573,Male,0,1.7818021159281228
17.0,45098.83115088362,582.543344274845,4.7176493170493465,Male,1,1.7410169606489891
12.0,46056.76290446936,614.4768973144724,1.5321526978490383,Female,0,0.7848743031606281
29.0,53471.09526916123,696.4790939109037,7.071908859191098,Male,1,1.418372689313472
33.0,56974.42468259145,741.593524714875,5.988615966327991,Male,1,0.8524690633455582
48.0,53419.20893093914,475.05368316688936,4.444473765772337,Male,0,0.9803378449522673
44.0,30733.774595673636,712.8246067654255,5.983814764262623,Female,1,0.2603030577991994
37.0,54687.72749293342,604.2348814442444,4.754235091087287,Male,1,1.771419360572151
26.0,44387.39622794844,762.5289774298553,3.6633815462996644,Female,1,0.48111304746072275
25.0,41285.34478888031,466.0724786183823,2.688890345324965,Male,0,1.0958475046578147
38.0,50487.23082129865,894.5298965121208,0.2286930909089117,Female,0,0.5232870510343747
42.0,35577.15969006179,561.3860066985902,10.037946124715,Female,0,1.333120234607101
39.0,32969.13014190153,792.9961186789678,10.032464274179233,Female,0,0.7398874617334263
25.0,10767.965599942254,643.0815380267167,4.507593389103334,Female,0,0.8897885736665248
42.0,76208.55992764837,568.1333262799869,1.5590836222363191,Male,0,0.9907861344409192
39.0,58335.969786545036,676.5114005381412,0.1426715129032309,Male,0,1.3149291739154412
24.0,48248.53818040542,752.9125444956369,0.007149129404917277,Female,1,0.6344948609726593
27.0,39991.65144670028,494.72951992552373,0.37850907597171624,Male,0,1.5188069366895298
42.0,6859.515769303747,720.1588849287009,2.230547516619025,Male,1,2.0229430590759714
33.0,39072.06685667773,648.782150134291,1.0437133798394418,Female,0,0.47983383052900924
51.0,60737.99505746114,707.7044082566334,1.539819054852234,Male,1,1.4648602189453053
40.0,64132.61455390803,651.097535733898,6.014206844950688,Male,0,1.1590152618862
30.0,59634.37990404952,592.8131161245346,15.989214670238738,Female,1,0.06504794310458928
35.0,52375.87933628703,538.6876748628121,1.1582471385349553,Female,0,0.8861407114794287
36.0,69558.11218897068,717.2645112047026,3.1334643611052693,Female,0,0.6361590211447057
28.0,45071.9416686719,716.7271992198835,23.82634347029998,Male,1,1.460058628534781
26.0,66277.83374201541,716.2272247690809,13.417353699018125,Male,1,1.2368748676182995
42.0,44231.26334419681,692.7596319440573,2.1717641187942855,Female,0,0.9407407945760233
43.0,36782.88036683357,744.469887183947,1.9260265060701953,Female,1,0.7352478905267379
41.0,34914.30529366218,790.6069279769642,1.3864851893065933,Male,1,1.5734255760754983
50.0,34032.553682405705,462.3582152593482,0.8444775533201647,Female,0,0.23434119973592454
30.0,59886.02043203728,415.82025561309115,3.0814129345289842,Male,0,1.2414653979166281
52.0,38858.81643354382,821.7947359879645,2.086073171771627,Male,1,2.0985861683089784
26.0,34504.56732447584,515.8953485414811,6.829275248836309,Male,0,1.970853748172879
25.0,60706.0282949204,541.375671321038,1.35161150393756,Female,0,0.7184281199971483
17.0,54919.55585708349,621.2385688125075,6.665327247623836,Male,1,1.409673903076972
31.0,64438.87974268703,484.60284212868976,1.6994163397717845,Male,0,1.6918925058968348
30.0,57688.992669091975,611.8413302692362,4.491379693413211,Female,0,0.3380216022908922
40.0,38703.32629704032,555.1894655877335,5.086499425540709,Male,0,2.025082594793804
37.0,51141.53624702881,626.6659130302993,5.570377534323077,Male,1,1.6934442588274325
23.0,51876.99486154516,677.9841304907102,0.9639143462657561,Male,1,1.5409702384547856
31.0,36212.620122889966,615.6461774570436,1.6613848334785228,Male,1,1.5411405146214299
31.0,33430.62538859011,610.5952714602853,1.4125817583250457,Male,1,0.9357938345628637
17.0,39789.17586323443,675.7995796791646,4.292001116004604,Female,0,-0.009772325671913329
25.0,80548.7353500812,754.4291797949948,0.3938439429022782,Male,1,1.6083665140271928
27.0,43808.838586676764,810.2964346921666,3.6517168019155086,Female,1,0.5557167758642896
49.0,68493.00187080071,628.1461745997784,0.4576554538615851,Female,0,0.4979021431398464
37.0,42970.092357803034,832.4889151923237,2.055323708667679,Female,1,0.6890382103005698
42.0,63332.582293099884,737.6706834761246,5.803067644353326,Female,0,0.2996724417040738
20.0,63537.37483336771,526.7991546026824,2.6599403435763525,Female,0,0.269076045819578
47.0,64288.85761928067,523.8791744386325,1.644894783170225,Female,0,0.41313139852856345
48.0,55817.410130134376,592.271214939733,4.783704288915913,Male,1,1.4587758598062883
15.0,70660.49868171726,794.4603983359726,6.740546160034158,Male,1,1.4986048989283662
28.0,55675.30954029092,599.8632684434464,1.4690704060548665,Female,1,0.7160076828703595
40.0,75702.9459401042,460.76431754937266,1.7790901352407997,Female,0,0.533127196440922
41.0,25701.2029521735,627.1115791112289,5.112340084862929,Male,1,1.5070295325566256
